NC_000913.3_2	iML1515.b0002	100	820	0	0	1	820	1	820	0.0	1589
NC_000913.3_2	iSF_1195.SF0002	99.8	820	2	0	1	820	1	820	0.0	1586
NC_000913.3_2	iSDY_1059.SDY_0002	99.6	820	3	0	1	820	1	820	0.0	1585
NC_000913.3_2	iSbBS512_1146.SbBS512_E0002	99.5	820	4	0	1	820	1	820	0.0	1582
NC_000913.3_2	iSSON_1240.SSON_0002	99.5	820	4	0	1	820	1	820	0.0	1581
NC_000913.3_2	STM_v1_0.STM0002	94.5	820	45	0	1	820	1	820	0.0	1512
NC_000913.3_2	iYL1228.KPN_00002	92.1	820	65	0	1	820	1	820	0.0	1478
NC_000913.3_3	iML1515.b0003	100	310	0	0	1	310	1	310	8.77e-230	624
NC_000913.3_3	iSbBS512_1146.SbBS512_E0003	99.7	310	1	0	1	310	1	310	2.51e-229	623
NC_000913.3_3	iSDY_1059.SDY_0003	99.7	310	1	0	1	310	1	310	2.51e-229	623
NC_000913.3_3	iSF_1195.SF0003	99.4	310	2	0	1	310	1	310	1.45e-228	621
NC_000913.3_3	iSSON_1240.SSON_0003	99.4	310	2	0	1	310	1	310	2.93e-228	620
NC_000913.3_3	STM_v1_0.STM0003	93.5	308	20	0	1	308	1	308	2.45e-213	583
NC_000913.3_4	iML1515.b0004	100	428	0	0	1	428	1	428	2.93e-315	850
NC_000913.3_4	iSDY_1059.SDY_0004	99.8	428	1	0	1	428	1	428	1.70e-314	848
NC_000913.3_4	iSbBS512_1146.SbBS512_E0004	99.5	428	2	0	1	428	1	428	6.91e-314	847
NC_000913.3_4	iSSON_1240.SSON_0004	99.5	428	2	0	1	428	1	428	2.81e-313	845
NC_000913.3_4	iSF_1195.SF0004	98.8	428	5	0	1	428	1	428	6.62e-312	842
NC_000913.3_4	STM_v1_0.STM0004	93.5	428	28	0	1	428	1	428	1.29e-293	796
NC_000913.3_4	iYL1228.KPN_00004	90.6	425	40	0	1	425	1	425	2.46e-286	777
NC_000913.3_7	iML1515.b0007	100	476	0	0	1	476	1	476	0.0	922
NC_000913.3_7	iSbBS512_1146.SbBS512_E0007	98.7	476	6	0	1	476	1	476	0.0	910
NC_000913.3_8	iML1515.b0008	100	317	0	0	1	317	1	317	5.90e-227	618
NC_000913.3_8	iSF_1195.SF0009	100	317	0	0	1	317	1	317	5.90e-227	618
NC_000913.3_8	iSSON_1240.SSON_0009	100	317	0	0	1	317	1	317	5.90e-227	618
NC_000913.3_8	iSDY_1059.SDY_0008	99.7	317	1	0	1	317	1	317	8.38e-227	617
NC_000913.3_8	iSbBS512_1146.SbBS512_E0008	99.7	317	1	0	1	317	1	317	2.40e-226	616
NC_000913.3_8	STM_v1_0.STM0007	94.6	317	17	0	1	317	1	317	7.07e-219	597
NC_000913.3_8	iYL1228.KPN_00008	94.6	317	17	0	1	317	1	317	1.66e-217	594
NC_000913.3_8	iPC815.YPO0463	89.0	317	35	0	1	317	1	317	3.84e-207	568
NC_000913.3_9	iML1515.b0009	100	195	0	0	1	195	1	195	1.68e-138	384
NC_000913.3_9	iSF_1195.SF0010	100	195	0	0	1	195	1	195	1.68e-138	384
NC_000913.3_9	iSbBS512_1146.SbBS512_E0009	99.5	195	1	0	1	195	1	195	1.38e-137	382
NC_000913.3_9	iSSON_1240.SSON_0010	99.5	195	1	0	1	195	1	195	1.38e-137	382
NC_000913.3_9	iSDY_1059.SDY_0009	99.5	195	1	0	1	195	1	195	5.61e-137	380
NC_000913.3_10	iML1515.b0010	100	188	0	0	1	188	1	188	8.69e-133	369
NC_000913.3_13	STM_v1_0.STM0659	32.6	515	297	10	5	512	8	479	1.60e-79	262
NC_000913.3_13	iSSON_1240.SSON_0604	33.7	489	274	11	5	486	8	453	1.61e-77	256
NC_000913.3_13	iSbBS512_1146.SbBS512_E0599	33.0	488	279	9	5	486	8	453	2.25e-77	256
NC_000913.3_13	iML1515.b0650	33.5	489	275	11	5	486	8	453	4.39e-77	255
NC_000913.3_18	iML1515.b0019	100	388	0	0	1	388	1	388	6.54e-269	730
NC_000913.3_18	iSF_1195.SF0016	99.5	388	2	0	1	388	1	388	1.08e-267	727
NC_000913.3_18	iSbBS512_1146.SbBS512_E0019	99.2	388	3	0	1	388	1	388	3.11e-267	726
NC_000913.3_18	iSSON_1240.SSON_0021	99.2	388	3	0	1	388	1	388	3.11e-267	726
NC_000913.3_18	iSDY_1059.SDY_0018	99.0	388	4	0	1	388	1	388	5.14e-266	723
NC_000913.3_18	STM_v1_0.STM0039	93.0	385	27	0	1	385	1	385	4.60e-253	690
NC_000913.3_21	STM_v1_0.STM0861	40.3	67	40	0	1	67	1	67	6.08e-14	63.9
NC_000913.3_23	iML1515.b0025	100	313	0	0	1	313	1	313	1.06e-227	619
NC_000913.3_23	iSbBS512_1146.SbBS512_E0029	100	313	0	0	1	313	1	313	1.06e-227	619
NC_000913.3_23	iSF_1195.SF0021	100	313	0	0	1	313	1	313	1.06e-227	619
NC_000913.3_23	iSSON_1240.SSON_0030	100	313	0	0	1	313	1	313	1.06e-227	619
NC_000913.3_23	iSDY_1059.SDY_0047	99.4	313	2	0	1	313	1	313	3.55e-226	615
NC_000913.3_24	iSSON_1240.SSON_0031	100	938	0	0	1	938	1	938	0.0	1923
NC_000913.3_24	iSbBS512_1146.SbBS512_E0030	99.8	938	2	0	1	938	1	938	0.0	1920
NC_000913.3_24	iSF_1195.SF0022	99.7	938	3	0	1	938	1	938	0.0	1919
NC_000913.3_24	iSDY_1059.SDY_0048	99.6	938	4	0	1	938	1	938	0.0	1918
NC_000913.3_24	iYL1228.KPN_00021	92.0	922	74	0	17	938	1	922	0.0	1774
NC_000913.3_25	STM_v1_0.STM0047	91.5	164	14	0	1	164	1	164	5.35e-109	307
NC_000913.3_27	iML1515.b0029	100	316	0	0	1	316	1	316	1.34e-227	619
NC_000913.3_27	iSbBS512_1146.SbBS512_E0033	100	316	0	0	1	316	1	316	1.34e-227	619
NC_000913.3_27	iSDY_1059.SDY_0051	100	316	0	0	1	316	1	316	1.34e-227	619
NC_000913.3_27	iSSON_1240.SSON_0034	100	316	0	0	1	316	1	316	1.34e-227	619
NC_000913.3_27	iSF_1195.SF0026	99.7	316	1	0	1	316	1	316	7.76e-227	617
NC_000913.3_27	STM_v1_0.STM0049	93.7	316	20	0	1	316	1	316	1.72e-214	586
NC_000913.3_27	iYL1228.KPN_00024	91.8	316	26	0	1	316	1	316	2.73e-211	578
NC_000913.3_28	iML1515.b0030	100	304	0	0	1	304	1	304	1.19e-224	611
NC_000913.3_28	iSSON_1240.SSON_0035	98.4	304	5	0	1	304	1	304	2.31e-222	605
NC_000913.3_28	iSF_1195.SF0027	98.7	302	4	0	1	302	1	302	7.71e-221	601
NC_000913.3_28	iSbBS512_1146.SbBS512_E0034	98.4	304	5	0	1	304	1	304	1.56e-220	600
NC_000913.3_28	iSDY_1059.SDY_0052	98.0	304	6	0	1	304	1	304	4.46e-220	599
NC_000913.3_29	iML1515.b0031	100	273	0	0	1	273	1	273	4.34e-191	523
NC_000913.3_29	iSF_1195.SF0028	99.6	273	1	0	1	273	1	273	6.17e-191	523
NC_000913.3_29	iSSON_1240.SSON_0036	99.3	273	2	0	1	273	1	273	7.19e-190	520
NC_000913.3_29	iSDY_1059.SDY_0053	98.9	273	3	0	1	273	1	273	1.02e-189	520
NC_000913.3_29	iSbBS512_1146.SbBS512_E0035	98.9	273	3	0	1	273	1	273	8.39e-189	518
NC_000913.3_29	iYL1228.KPN_00039	92.3	273	21	0	1	273	1	273	5.32e-176	485
NC_000913.3_29	STM_v1_0.STM0064	90.1	273	27	0	1	273	1	273	5.68e-171	473
NC_000913.3_30	iML1515.b0032	100	382	0	0	1	382	1	382	2.01e-285	771
NC_000913.3_30	iSbBS512_1146.SbBS512_E0036	100	382	0	0	1	382	1	382	2.01e-285	771
NC_000913.3_30	iSSON_1240.SSON_0037	100	382	0	0	1	382	1	382	2.01e-285	771
NC_000913.3_30	iSDY_1059.SDY_0054	99.5	382	2	0	1	382	1	382	6.72e-284	767
NC_000913.3_30	iSF_1195.SF0029	99.5	382	2	0	1	382	1	382	6.72e-284	767
NC_000913.3_30	STM_v1_0.STM0066	94.8	382	20	0	1	382	1	382	1.82e-272	738
NC_000913.3_30	iYL1228.KPN_00040	93.2	382	26	0	1	382	10	391	6.71e-268	727
NC_000913.3_31	iML1515.b0033	100	1073	0	0	1	1073	1	1073	0.0	2087
NC_000913.3_31	iSSON_1240.SSON_0038	99.8	1073	2	0	1	1073	1	1073	0.0	2084
NC_000913.3_31	iSF_1195.SF0030	99.7	1073	3	0	1	1073	1	1073	0.0	2083
NC_000913.3_31	iSbBS512_1146.SbBS512_E0037	99.7	1073	3	0	1	1073	1	1073	0.0	2081
NC_000913.3_31	iSDY_1059.SDY_0055	99.4	1073	6	0	1	1073	1	1073	0.0	2075
NC_000913.3_31	STM_v1_0.STM0067	98.2	1073	19	0	1	1073	1	1073	0.0	2056
NC_000913.3_31	iYL1228.KPN_00041	97.2	1072	30	0	1	1072	1	1072	0.0	2037
NC_000913.3_31	iPC815.YPO0482	92.6	1073	79	0	1	1073	1	1073	0.0	1957
NC_000913.3_33	iJN1463.PP_3285	57.4	195	82	1	1	195	1	194	2.34e-77	229
NC_000913.3_34	iML1515.b0036	100	261	0	0	1	261	1	261	2.73e-188	515
NC_000913.3_34	iSF_1195.SF0033	99.6	261	1	0	1	261	37	297	4.16e-187	514
NC_000913.3_34	iSSON_1240.SSON_0042	99.2	261	2	0	1	261	37	297	4.86e-186	511
NC_000913.3_34	iSDY_1059.SDY_0058	98.5	261	4	0	1	261	37	297	9.38e-184	505
NC_000913.3_34	STM_v1_0.STM0070	93.5	261	17	0	1	261	1	261	9.01e-178	489
NC_000913.3_35	iML1515.b0037	100	517	0	0	1	517	1	517	0.0	1058
NC_000913.3_35	iSSON_1240.SSON_0043	98.1	517	10	0	1	517	6	522	0.0	1038
NC_000913.3_35	iSF_1195.SF0034	97.5	517	13	0	1	517	6	522	0.0	1036
NC_000913.3_35	iSDY_1059.SDY_0059	97.5	517	13	0	1	517	6	522	0.0	1030
NC_000913.3_36	iML1515.b0038	100	405	0	0	1	405	1	405	4.43e-312	840
NC_000913.3_36	iSF_1195.SF0035	99.8	405	1	0	1	405	1	405	2.56e-311	838
NC_000913.3_36	iSDY_1059.SDY_0060	99.3	405	3	0	1	405	1	405	1.73e-309	834
NC_000913.3_36	STM_v1_0.STM0072	95.1	405	20	0	1	405	1	405	5.96e-301	812
NC_000913.3_37	iML1515.b1695	47.9	382	196	3	1	380	1	381	6.76e-121	354
NC_000913.3_38	iML1515.b0040	100	504	0	0	1	504	1	504	0.0	1019
NC_000913.3_38	iSSON_1240.SSON_0048	100	504	0	0	1	504	1	504	0.0	1019
NC_000913.3_38	iSF_1195.SF0037	99.4	504	3	0	1	504	1	504	0.0	1016
NC_000913.3_38	iSDY_1059.SDY_0062	99.0	504	5	0	1	504	1	504	0.0	1008
NC_000913.3_38	STM_v1_0.STM0074	96.4	504	18	0	1	504	1	504	0.0	991
NC_000913.3_39	iEK1008.Rv3029c	31.3	259	162	7	3	248	4	259	2.49e-22	92.4
NC_000913.3_39	iAF987.Gmet_3300	32.9	216	135	6	1	211	1	211	5.74e-20	85.9
NC_000913.3_40	iAF987.Gmet_2152	39.7	229	124	6	84	309	82	299	9.23e-37	133
NC_000913.3_40	iAF987.Gmet_2262	36.7	248	136	7	70	311	69	301	3.46e-36	131
NC_000913.3_40	iAF987.Gmet_2265	33.4	308	185	7	12	308	18	316	7.64e-36	131
NC_000913.3_40	iAF987.Gmet_1712	34.7	245	147	6	70	311	69	303	2.88e-34	126
NC_000913.3_40	iAF987.Gmet_3301	40.3	176	99	3	140	313	133	304	5.62e-34	125
NC_000913.3_40	iEK1008.Rv3028c	34.6	254	157	7	60	311	67	313	1.10e-31	120
NC_000913.3_41	iCHOv1.100763190	26.0	385	237	15	7	355	70	442	3.12e-21	95.9
NC_000913.3_41	iAT_PLT_636.2110	27.3	385	232	16	7	355	70	442	3.12e-21	95.9
NC_000913.3_41	iMM1415.66841	26.0	385	237	15	7	355	69	441	1.78e-20	93.6
NC_000913.3_41	iJN1463.PP_4203	25.8	365	225	12	6	335	14	367	5.22e-19	89.0
NC_000913.3_43	iYO844.BSU33960	25.7	443	293	11	23	438	31	464	2.11e-36	139
NC_000913.3_43	iHN637.CLJU_RS08975	25.0	444	312	10	19	443	10	451	1.49e-33	130
NC_000913.3_43	iJN1463.PP_3658	27.4	423	274	11	8	407	11	423	9.29e-33	128
NC_000913.3_43	iYO844.BSU06230	26.5	446	296	8	14	431	9	450	1.70e-32	128
NC_000913.3_43	STM_v1_0.STM3091	25.0	436	299	5	29	442	28	457	1.88e-31	125
NC_000913.3_44	iML1515.b0046	100	176	0	0	1	176	1	176	2.65e-137	379
NC_000913.3_45	iML1515.b0047	100	620	0	0	1	620	1	620	0.0	1154
NC_000913.3_45	iSbBS512_1146.SbBS512_E0041	99.8	620	1	0	1	620	1	620	0.0	1149
NC_000913.3_45	iSF_1195.SF0044	99.4	620	4	0	1	620	1	620	0.0	1146
NC_000913.3_45	iSSON_1240.SSON_0055	99.5	620	3	0	1	620	1	620	0.0	1145
NC_000913.3_45	STM_v1_0.STM0086	90.3	619	60	0	1	619	1	619	0.0	1050
NC_000913.3_46	iML1515.b0048	100	159	0	0	38	196	1	159	3.25e-119	334
NC_000913.3_46	iSbBS512_1146.SbBS512_E0042	100	159	0	0	38	196	1	159	3.25e-119	334
NC_000913.3_46	iSF_1195.SF0045	100	159	0	0	38	196	1	159	3.25e-119	334
NC_000913.3_46	iSSON_1240.SSON_0056	100	159	0	0	38	196	1	159	3.25e-119	334
NC_000913.3_46	STM_v1_0.STM0087	96.9	159	5	0	38	196	1	159	4.43e-117	328
NC_000913.3_46	iSDY_1059.SDY_0071	98.1	159	3	0	38	196	1	159	2.56e-116	327
NC_000913.3_46	iYL1228.KPN_00045	92.5	159	12	0	38	196	1	159	3.90e-111	313
NC_000913.3_47	iML1515.b0049	100	280	0	0	1	280	1	280	3.82e-218	592
NC_000913.3_47	iSbBS512_1146.SbBS512_E0043	100	280	0	0	1	280	1	280	3.82e-218	592
NC_000913.3_47	iSSON_1240.SSON_0057	100	280	0	0	1	280	1	280	3.82e-218	592
NC_000913.3_47	iSF_1195.SF0046	99.6	280	1	0	1	280	1	280	1.56e-217	591
NC_000913.3_47	iSDY_1059.SDY_0074	97.5	279	7	0	1	279	1	279	3.12e-213	580
NC_000913.3_47	STM_v1_0.STM0088	93.2	279	19	0	1	279	1	279	1.03e-202	553
NC_000913.3_47	iYL1228.KPN_00046	89.0	282	29	1	1	280	1	282	6.15e-195	534
NC_000913.3_49	iAM_Pv461.PVX_101390	27.5	233	158	5	37	264	272	498	9.77e-22	94.0
NC_000913.3_49	iAM_Pc455.PCYB_147430	27.2	235	157	6	37	264	92	319	5.74e-22	93.2
NC_000913.3_49	iAM_Pb448.PBANKA_146280	28.3	233	153	6	37	264	223	446	1.31e-20	90.5
NC_000913.3_49	iAM_Pv461.PVX_085660	28.5	186	124	2	13	196	82	260	5.69e-19	85.5
NC_000913.3_49	iAM_Pf480.PF3D7_1249900	27.4	234	157	5	38	264	388	615	1.62e-18	84.7
NC_000913.3_50	iML1515.b0052	100	329	0	0	1	329	1	329	2.86e-240	652
NC_000913.3_50	iSSON_1240.SSON_0060	98.5	329	5	0	1	329	1	329	9.19e-237	644
NC_000913.3_50	iSbBS512_1146.SbBS512_E0046	98.2	329	6	0	1	329	1	329	5.31e-236	642
NC_000913.3_50	iSF_1195.SF0049	97.6	329	8	0	1	329	1	329	1.78e-234	638
NC_000913.3_50	iSDY_1059.SDY_0077	97.3	329	9	0	1	329	1	329	8.44e-233	634
NC_000913.3_50	STM_v1_0.STM0091	92.7	329	24	0	1	329	1	329	1.32e-220	603
NC_000913.3_52	iML1515.b0054	100	784	0	0	1	784	1	784	0.0	1616
NC_000913.3_52	iSSON_1240.SSON_0062	99.9	784	1	0	1	784	1	784	0.0	1614
NC_000913.3_52	iSF_1195.SF0051	99.6	784	3	0	1	784	1	784	0.0	1607
NC_000913.3_52	iSbBS512_1146.SbBS512_E0048	99.5	784	4	0	1	784	1	784	0.0	1607
NC_000913.3_52	iSDY_1059.SDY_0079	99.4	784	5	0	1	784	1	784	0.0	1604
NC_000913.3_56	iSDY_1059.SDY_2837	37.0	227	119	7	9	216	79	300	3.06e-31	116
NC_000913.3_56	iSF_1195.SF2653	36.3	226	122	7	9	216	79	300	4.46e-30	113
NC_000913.3_56	iSSON_1240.SSON_2720	36.3	226	122	7	9	216	79	300	4.46e-30	113
NC_000913.3_56	iSbBS512_1146.SbBS512_E2975	36.3	226	122	7	9	216	79	300	6.23e-30	112
NC_000913.3_56	iNF517.LLMG_RS07670	33.3	213	130	4	14	217	77	286	2.96e-29	110
NC_000913.3_56	STM_v1_0.STM2662	36.7	221	118	7	14	216	84	300	1.75e-28	108
NC_000913.3_59	iML1515.b0061	100	231	0	0	1	231	1	231	1.65e-174	478
NC_000913.3_59	iSSON_1240.SSON_0067	99.6	231	1	0	1	231	1	231	4.74e-174	477
NC_000913.3_59	iSF_1195.SF0056	99.6	231	1	0	1	231	1	231	6.74e-174	476
NC_000913.3_59	iSDY_1059.SDY_0088	99.1	231	2	0	1	231	1	231	1.36e-173	476
NC_000913.3_59	iSbBS512_1146.SbBS512_E0053	99.1	231	2	0	1	231	1	231	7.87e-173	474
NC_000913.3_59	STM_v1_0.STM0101	96.5	231	8	0	1	231	1	231	3.60e-169	464
NC_000913.3_59	iYL1228.KPN_00060	92.6	231	17	0	1	231	1	231	7.80e-164	451
NC_000913.3_60	iML1515.b0062	100	500	0	0	1	500	1	500	0.0	1033
NC_000913.3_60	iSSON_1240.SSON_0068	99.6	500	2	0	1	500	1	500	0.0	1030
NC_000913.3_60	iSDY_1059.SDY_0089	99.6	500	2	0	1	500	1	500	0.0	1029
NC_000913.3_60	iSbBS512_1146.SbBS512_E0054	99.4	500	3	0	1	500	1	500	0.0	1026
NC_000913.3_60	STM_v1_0.STM0102	95.6	500	22	0	1	500	1	500	0.0	994
NC_000913.3_60	iYL1228.KPN_00061	91.8	500	41	0	1	500	1	500	0.0	960
NC_000913.3_61	iML1515.b0063	100	566	0	0	1	566	1	566	0.0	1139
NC_000913.3_61	iSF_1195.SF0058	99.3	566	4	0	1	566	1	566	0.0	1129
NC_000913.3_61	iSbBS512_1146.SbBS512_E0055	99.1	566	5	0	1	566	1	566	0.0	1126
NC_000913.3_61	iSSON_1240.SSON_0069	98.8	566	7	0	1	566	1	566	0.0	1123
NC_000913.3_61	iSDY_1059.SDY_0090	98.6	566	8	0	1	566	1	566	0.0	1117
NC_000913.3_61	STM_v1_0.STM0103	91.6	557	47	0	1	557	1	557	0.0	1042
NC_000913.3_64	iML1515.b0066	100	232	0	0	1	232	1	232	6.93e-163	449
NC_000913.3_64	iSSON_1240.SSON_0072	97.4	232	6	0	1	232	1	232	1.50e-157	435
NC_000913.3_64	iSbBS512_1146.SbBS512_E0058	97.0	232	7	0	1	232	1	232	8.68e-157	433
NC_000913.3_64	iSDY_1059.SDY_0093	96.6	232	8	0	1	232	1	232	7.13e-156	431
NC_000913.3_64	iSF_1195.SF0061	95.7	232	10	0	1	232	1	232	4.12e-155	429
NC_000913.3_65	iML1515.b0067	100	536	0	0	1	536	1	536	0.0	1034
NC_000913.3_65	iSF_1195.SF0062	98.7	536	7	0	1	536	1	536	0.0	1023
NC_000913.3_65	iSbBS512_1146.SbBS512_E0059	98.1	536	10	0	1	536	1	536	0.0	1016
NC_000913.3_65	iSSON_1240.SSON_0073	97.6	536	13	0	1	536	1	536	0.0	1013
NC_000913.3_65	iSDY_1059.SDY_0094	97.4	536	14	0	1	536	1	536	0.0	1011
NC_000913.3_65	STM_v1_0.STM0107	89.6	536	56	0	1	536	1	536	0.0	945
NC_000913.3_66	iML1515.b0068	100	327	0	0	1	327	1	327	2.66e-244	662
NC_000913.3_66	iSDY_1059.SDY_0095	99.7	327	1	0	1	327	1	327	1.08e-243	661
NC_000913.3_66	iSF_1195.SF0063	98.8	327	4	0	1	327	1	327	7.32e-242	656
NC_000913.3_66	iSbBS512_1146.SbBS512_E0060	98.8	327	4	0	1	327	1	327	1.48e-241	655
NC_000913.3_66	iSSON_1240.SSON_0074	98.2	327	6	0	1	327	1	327	3.48e-240	652
NC_000913.3_66	STM_v1_0.STM0108	91.4	327	28	0	1	327	1	327	1.43e-223	610
NC_000913.3_69	iML1515.b0070	100	392	0	0	1	392	1	392	1.44e-274	744
NC_000913.3_69	iSF_1195.SF0065	98.2	392	7	0	1	392	1	392	1.55e-269	732
NC_000913.3_69	iSSON_1240.SSON_0076	99.7	371	1	0	1	371	1	371	1.62e-259	706
NC_000913.3_70	iML1515.b0071	100	201	0	0	1	201	1	201	5.84e-151	416
NC_000913.3_70	iSbBS512_1146.SbBS512_E0065	100	201	0	0	1	201	1	201	5.84e-151	416
NC_000913.3_70	iSSON_1240.SSON_0078	100	201	0	0	1	201	1	201	5.84e-151	416
NC_000913.3_70	iSF_1195.SF0066	99.5	201	1	0	1	201	1	201	1.67e-150	415
NC_000913.3_70	iSDY_1059.SDY_0098	100	200	0	0	1	200	1	200	4.80e-150	414
NC_000913.3_70	STM_v1_0.STM0110	92.0	200	16	0	1	200	1	200	5.34e-138	383
NC_000913.3_71	iML1515.b0072	100	466	0	0	1	466	1	466	0.0	926
NC_000913.3_71	iSbBS512_1146.SbBS512_E0066	100	466	0	0	1	466	1	466	0.0	926
NC_000913.3_71	iSF_1195.SF0067	99.8	466	1	0	1	466	1	466	0.0	924
NC_000913.3_71	iSDY_1059.SDY_0099	99.6	466	2	0	1	466	1	466	0.0	922
NC_000913.3_71	iSSON_1240.SSON_0079	99.4	466	3	0	1	466	1	466	0.0	921
NC_000913.3_71	iYL1228.KPN_00078	97.4	466	12	0	1	466	1	466	0.0	904
NC_000913.3_71	STM_v1_0.STM0111	94.6	466	25	0	1	466	1	466	0.0	881
NC_000913.3_72	iML1515.b0073	100	363	0	0	1	363	1	363	2.45e-265	719
NC_000913.3_72	iSbBS512_1146.SbBS512_E0067	99.7	363	1	0	1	363	1	363	9.98e-265	717
NC_000913.3_72	iSSON_1240.SSON_0080	99.4	363	2	0	1	363	2	364	2.44e-263	714
NC_000913.3_72	iSF_1195.SF0068	99.2	363	3	0	1	363	2	364	4.04e-262	711
NC_000913.3_72	iSDY_1059.SDY_0100	99.2	363	3	0	1	363	2	364	5.75e-262	710
NC_000913.3_72	STM_v1_0.STM0112	94.5	363	20	0	1	363	1	363	1.49e-250	681
NC_000913.3_72	iYL1228.KPN_00079	93.4	363	24	0	1	363	1	363	2.76e-246	671
NC_000913.3_73	iML1515.b0074	100	523	0	0	1	523	1	523	0.0	1011
NC_000913.3_73	iSbBS512_1146.SbBS512_E0068	99.8	523	1	0	1	523	1	523	0.0	1010
NC_000913.3_73	iSDY_1059.SDY_0101	99.6	523	2	0	1	523	1	523	0.0	1008
NC_000913.3_73	iSSON_1240.SSON_0081	99.6	523	2	0	1	523	1	523	0.0	1008
NC_000913.3_73	iSF_1195.SF0069	99.4	523	3	0	1	523	1	523	0.0	1007
NC_000913.3_73	iYL1228.KPN_00080	92.9	523	37	0	1	523	1	523	0.0	961
NC_000913.3_73	STM_v1_0.STM0113	92.9	523	37	0	1	523	1	523	0.0	954
NC_000913.3_75	iML1515.b0077	100	574	0	0	1	574	1	574	0.0	1144
NC_000913.3_75	iSSON_1240.SSON_0084	99.7	574	2	0	1	574	1	574	0.0	1138
NC_000913.3_75	iSDY_1059.SDY_0107	99.1	574	5	0	1	574	1	574	0.0	1130
NC_000913.3_75	iSF_1195.SF0072	99.0	574	6	0	1	574	29	602	0.0	1127
NC_000913.3_75	iYL1228.KPN_00082	91.5	574	49	0	1	574	1	574	0.0	1055
NC_000913.3_76	iML1515.b0078	100	163	0	0	1	163	1	163	1.62e-109	308
NC_000913.3_76	iSF_1195.SF0073	99.4	163	1	0	1	163	1	163	1.89e-108	305
NC_000913.3_76	iSSON_1240.SSON_0085	98.2	163	3	0	1	163	1	163	1.27e-106	301
NC_000913.3_76	iSDY_1059.SDY_0108	98.8	162	2	0	1	162	1	162	1.81e-106	300
NC_000913.3_76	iYL1228.KPN_00083	95.1	163	8	0	1	163	1	163	1.05e-105	298
NC_000913.3_79	iNF517.LLMG_RS08455	41.3	315	169	7	5	310	3	310	1.30e-66	211
NC_000913.3_81	iML1515.b0084	100	588	0	0	1	588	1	588	0.0	1154
NC_000913.3_81	iSbBS512_1146.SbBS512_E0077	100	588	0	0	1	588	1	588	0.0	1154
NC_000913.3_81	iSDY_1059.SDY_0114	100	588	0	0	1	588	1	588	0.0	1154
NC_000913.3_81	iSSON_1240.SSON_0092	99.8	588	1	0	1	588	1	588	0.0	1151
NC_000913.3_81	iSF_1195.SF0081	99.7	588	2	0	1	588	1	588	0.0	1149
NC_000913.3_81	STM_v1_0.STM0122	96.3	588	22	0	1	588	1	588	0.0	1123
NC_000913.3_81	iYL1228.KPN_00088	93.9	588	36	0	1	588	1	588	0.0	1095
NC_000913.3_82	iML1515.b0085	100	495	0	0	1	495	1	495	0.0	986
NC_000913.3_82	iSF_1195.SF0082	99.4	495	3	0	1	495	1	495	0.0	979
NC_000913.3_82	iSDY_1059.SDY_0115	98.8	495	6	0	1	495	1	495	0.0	975
NC_000913.3_82	iSbBS512_1146.SbBS512_E0078	98.6	495	7	0	1	495	1	495	0.0	974
NC_000913.3_82	iSSON_1240.SSON_0093	98.8	497	4	1	1	495	1	497	0.0	974
NC_000913.3_82	iYL1228.KPN_00089	91.7	495	41	0	1	495	1	495	0.0	909
NC_000913.3_82	STM_v1_0.STM0123	91.7	495	41	0	1	495	1	495	0.0	905
NC_000913.3_83	iML1515.b0086	100	452	0	0	1	452	1	452	2.44e-317	858
NC_000913.3_83	iSbBS512_1146.SbBS512_E0079	99.8	452	1	0	1	452	1	452	2.00e-316	855
NC_000913.3_83	iSSON_1240.SSON_0094	99.8	452	1	0	1	452	1	452	2.00e-316	855
NC_000913.3_83	iSDY_1059.SDY_0116	99.6	452	2	0	1	452	1	452	2.34e-315	853
NC_000913.3_83	iSF_1195.SF0083	99.1	452	4	0	1	452	1	452	5.50e-314	849
NC_000913.3_84	iML1515.b0087	100	360	0	0	1	360	1	360	3.08e-262	711
NC_000913.3_84	iSbBS512_1146.SbBS512_E0080	100	360	0	0	1	360	1	360	3.08e-262	711
NC_000913.3_84	iSF_1195.SF0084	100	360	0	0	1	360	1	360	3.08e-262	711
NC_000913.3_84	iSSON_1240.SSON_0095	100	360	0	0	1	360	1	360	3.08e-262	711
NC_000913.3_84	iSDY_1059.SDY_0117	99.7	360	1	0	1	360	1	360	1.25e-261	709
NC_000913.3_84	STM_v1_0.STM0125	97.8	360	8	0	1	360	1	360	8.12e-258	699
NC_000913.3_84	iYL1228.KPN_00091	97.2	360	10	0	1	360	1	360	4.69e-257	697
NC_000913.3_84	iPC815.YPO0552	89.7	360	37	0	1	360	1	360	7.81e-240	654
NC_000913.3_85	iML1515.b0088	100	438	0	0	1	438	1	438	3.78e-319	861
NC_000913.3_85	iSDY_1059.SDY_0118	99.5	438	2	0	1	438	1	438	5.80e-318	858
NC_000913.3_85	iSF_1195.SF0085	99.5	438	2	0	1	438	1	438	5.80e-318	858
NC_000913.3_85	iSbBS512_1146.SbBS512_E0081	99.3	438	3	0	1	438	1	438	7.82e-316	853
NC_000913.3_85	iSSON_1240.SSON_0096	99.1	438	4	0	1	438	1	438	2.61e-314	849
NC_000913.3_85	STM_v1_0.STM0126	92.5	438	33	0	1	438	1	438	3.06e-297	806
NC_000913.3_86	iML1515.b0089	100	414	0	0	1	414	1	414	3.39e-291	788
NC_000913.3_87	iML1515.b0090	100	355	0	0	1	355	1	355	3.05e-255	692
NC_000913.3_87	iSSON_1240.SSON_0098	99.7	355	1	0	1	355	1	355	1.24e-254	691
NC_000913.3_87	iSbBS512_1146.SbBS512_E0083	99.4	355	2	0	1	355	1	355	1.02e-253	689
NC_000913.3_87	iSDY_1059.SDY_0120	99.4	355	2	0	1	355	1	355	1.02e-253	689
NC_000913.3_87	iSF_1195.SF0087	99.4	355	2	0	1	355	1	355	1.02e-253	689
NC_000913.3_87	STM_v1_0.STM0128	92.1	354	28	0	1	354	1	354	1.02e-237	648
NC_000913.3_87	iYL1228.KPN_00094	89.6	355	37	0	1	355	1	355	8.91e-230	628
NC_000913.3_88	iML1515.b0091	100	491	0	0	1	491	1	491	0.0	971
NC_000913.3_88	iSSON_1240.SSON_0099	99.6	491	2	0	1	491	1	491	0.0	967
NC_000913.3_88	iSbBS512_1146.SbBS512_E0084	99.6	491	2	0	1	491	1	491	0.0	967
NC_000913.3_88	iSF_1195.SF0088	99.4	491	3	0	1	491	1	491	0.0	965
NC_000913.3_88	iSDY_1059.SDY_0121	99.2	491	4	0	1	491	1	491	0.0	964
NC_000913.3_88	STM_v1_0.STM0129	94.7	490	26	0	1	490	1	490	0.0	917
NC_000913.3_88	iYL1228.KPN_00095	92.2	490	38	0	1	490	1	490	0.0	897
NC_000913.3_89	iML1515.b0092	100	306	0	0	1	306	1	306	4.28e-219	597
NC_000913.3_89	iSSON_1240.SSON_0100	100	306	0	0	1	306	1	306	4.28e-219	597
NC_000913.3_89	iSbBS512_1146.SbBS512_E0085	99.7	306	1	0	1	306	1	306	1.23e-218	596
NC_000913.3_89	iSF_1195.SF0089	99.7	306	1	0	1	306	1	306	1.74e-218	595
NC_000913.3_89	iSDY_1059.SDY_0122	99.3	306	2	0	1	306	1	306	2.89e-217	592
NC_000913.3_89	STM_v1_0.STM0130	90.5	306	29	0	1	306	1	306	6.84e-200	548
NC_000913.3_90	iAF987.Gmet_0415	27.3	220	130	11	51	254	419	624	3.30e-08	53.9
NC_000913.3_93	iML1515.b0096	100	305	0	0	1	305	1	305	4.49e-225	612
NC_000913.3_93	iSDY_1059.SDY_0126	100	305	0	0	1	305	1	305	4.49e-225	612
NC_000913.3_93	iSF_1195.SF0093	100	305	0	0	1	305	1	305	4.49e-225	612
NC_000913.3_93	iSSON_1240.SSON_0104	100	305	0	0	1	305	1	305	4.49e-225	612
NC_000913.3_93	iSbBS512_1146.SbBS512_E0090	99.7	305	1	0	1	305	1	305	3.69e-224	610
NC_000913.3_93	STM_v1_0.STM0134	98.4	305	5	0	1	305	1	305	3.54e-222	605
NC_000913.3_93	iYL1228.KPN_00100	96.1	305	12	0	1	305	1	305	5.63e-219	597
NC_000913.3_93	iPC815.YPO0561	92.8	305	22	0	1	305	1	305	4.23e-212	579
NC_000913.3_96	iML1515.b0099	100	129	0	0	1	129	1	129	1.91e-96	272
NC_000913.3_96	iSSON_1240.SSON_0107	99.2	129	1	0	1	129	1	129	1.58e-95	270
NC_000913.3_96	iSDY_1059.SDY_0129	98.4	129	2	0	1	129	1	129	7.10e-95	268
NC_000913.3_96	iSF_1195.SF0096	98.4	129	2	0	1	129	1	129	1.84e-94	267
NC_000913.3_96	iSbBS512_1146.SbBS512_E0093	97.7	129	3	0	1	129	1	129	1.52e-93	265
NC_000913.3_99	iML1515.b0103	100	206	0	0	1	206	1	206	8.50e-142	393
NC_000913.3_99	iSDY_1059.SDY_0133	100	206	0	0	1	206	1	206	8.50e-142	393
NC_000913.3_99	iSSON_1240.SSON_0111	100	206	0	0	1	206	1	206	8.50e-142	393
NC_000913.3_99	iSbBS512_1146.SbBS512_E0096	99.5	206	1	0	1	206	1	206	6.99e-141	391
NC_000913.3_99	iSF_1195.SF0100	98.5	206	3	0	1	206	1	206	4.72e-139	386
NC_000913.3_100	iML1515.b0104	100	347	0	0	1	347	1	347	1.10e-253	688
NC_000913.3_100	iSSON_1240.SSON_0112	100	347	0	0	1	347	1	347	1.10e-253	688
NC_000913.3_100	iSDY_1059.SDY_0134	99.7	347	1	0	1	347	1	347	4.48e-253	686
NC_000913.3_100	iSbBS512_1146.SbBS512_E0097	99.4	347	2	0	1	347	1	347	1.50e-251	682
NC_000913.3_100	iSF_1195.SF0101	99.1	347	3	0	1	347	1	347	8.68e-251	681
NC_000913.3_100	STM_v1_0.STM0141	95.1	347	17	0	1	347	1	347	3.47e-241	656
NC_000913.3_100	iYL1228.KPN_00107	92.2	347	27	0	1	347	1	347	1.45e-233	637
NC_000913.3_104	iML1515.b0109	100	297	0	0	1	297	1	297	1.54e-212	580
NC_000913.3_104	iSF_1195.SF0106	99.7	297	1	0	1	297	1	297	8.92e-212	578
NC_000913.3_104	iSDY_1059.SDY_0139	99.3	297	2	0	1	297	1	297	2.56e-211	577
NC_000913.3_104	iSbBS512_1146.SbBS512_E0102	99.3	297	2	0	1	297	1	297	3.63e-211	576
NC_000913.3_104	iSSON_1240.SSON_0117	99.3	297	2	0	1	297	1	297	7.33e-211	575
NC_000913.3_105	iML1515.b0110	100	183	0	0	1	183	1	183	7.23e-143	394
NC_000913.3_105	iSDY_1059.SDY_0140	98.4	183	3	0	1	183	1	183	6.96e-141	389
NC_000913.3_105	iSbBS512_1146.SbBS512_E0103	98.4	183	3	0	1	183	1	183	1.15e-139	386
NC_000913.3_105	iSSON_1240.SSON_0118	98.4	183	3	0	1	183	1	183	1.15e-139	386
NC_000913.3_105	iSF_1195.SF0107	97.8	183	4	0	1	183	1	183	3.87e-138	382
NC_000913.3_107	iML1515.b0112	100	456	0	0	1	456	2	457	0.0	880
NC_000913.3_107	iSF_1195.SF0109	99.8	456	1	0	1	456	2	457	0.0	879
NC_000913.3_107	iSSON_1240.SSON_0120	99.6	456	2	0	1	456	2	457	0.0	878
NC_000913.3_107	iSbBS512_1146.SbBS512_E0105	99.8	456	1	0	1	456	1	456	0.0	878
NC_000913.3_107	iSDY_1059.SDY_0142	99.6	456	2	0	1	456	2	457	0.0	877
NC_000913.3_107	iYL1228.KPN_00116	93.6	456	29	0	1	456	1	456	6.88e-310	839
NC_000913.3_107	STM_v1_0.STM0150	92.1	456	36	0	1	456	2	457	3.61e-303	822
NC_000913.3_109	iML1515.b0114	100	887	0	0	1	887	1	887	0.0	1797
NC_000913.3_109	iSF_1195.SF0111	99.9	887	1	0	1	887	1	887	0.0	1796
NC_000913.3_109	iSbBS512_1146.SbBS512_E0107	99.9	887	1	0	1	887	1	887	0.0	1796
NC_000913.3_109	iSSON_1240.SSON_0122	99.9	887	1	0	1	887	1	887	0.0	1795
NC_000913.3_109	iSDY_1059.SDY_0144	99.4	887	5	0	1	887	1	887	0.0	1788
NC_000913.3_109	STM_v1_0.STM0152	96.3	887	33	0	1	887	1	887	0.0	1743
NC_000913.3_109	iYL1228.KPN_00118	94.5	887	49	0	1	887	1	887	0.0	1714
NC_000913.3_109	iPC815.YPO3419	89.2	887	96	0	1	887	1	887	0.0	1635
NC_000913.3_110	iML1515.b0115	100	630	0	0	1	630	1	630	0.0	1096
NC_000913.3_110	iSbBS512_1146.SbBS512_E0108	100	630	0	0	1	630	1	630	0.0	1096
NC_000913.3_110	iSF_1195.SF0112	98.1	630	8	1	1	630	1	626	0.0	1082
NC_000913.3_110	iSDY_1059.SDY_0145	98.6	630	5	1	1	630	1	626	0.0	1081
NC_000913.3_110	iSSON_1240.SSON_0123	98.9	630	7	0	1	630	1	630	0.0	1080
NC_000913.3_110	STM_v1_0.STM0153	90.5	630	59	1	1	630	1	629	0.0	987
NC_000913.3_111	iML1515.b0116	100	474	0	0	1	474	1	474	0.0	937
NC_000913.3_111	iSbBS512_1146.SbBS512_E0109	100	474	0	0	1	474	1	474	0.0	937
NC_000913.3_111	iSF_1195.SF0113	100	474	0	0	1	474	1	474	0.0	937
NC_000913.3_111	iSSON_1240.SSON_0124	100	474	0	0	1	474	1	474	0.0	937
NC_000913.3_111	iSDY_1059.SDY_0146	99.8	474	1	0	1	474	1	474	0.0	935
NC_000913.3_111	STM_v1_0.STM0154	98.5	474	7	0	1	474	1	474	0.0	926
NC_000913.3_111	iYL1228.KPN_00120	96.8	474	15	0	1	474	1	474	0.0	913
NC_000913.3_111	iPC815.YPO3417	93.9	474	29	0	1	474	2	475	0.0	890
NC_000913.3_113	iML1515.b0118	100	865	0	0	1	865	1	865	0.0	1722
NC_000913.3_113	iSSON_1240.SSON_0126	100	865	0	0	1	865	1	865	0.0	1722
NC_000913.3_113	iSbBS512_1146.SbBS512_E0111	99.8	865	2	0	1	865	8	872	0.0	1719
NC_000913.3_113	iSDY_1059.SDY_0025	99.8	865	2	0	1	865	1	865	0.0	1718
NC_000913.3_113	iSF_1195.SF0115	99.5	865	4	0	1	865	1	865	0.0	1716
NC_000913.3_113	STM_v1_0.STM0158	96.6	865	29	0	1	865	1	865	0.0	1670
NC_000913.3_113	iYL1228.KPN_00124	96.4	850	31	0	16	865	2	851	0.0	1638
NC_000913.3_113	iPC815.YPO3415	90.4	865	83	0	1	865	1	865	0.0	1579
NC_000913.3_115	iML1515.b0120	100	264	0	0	1	264	1	264	8.54e-198	540
NC_000913.3_115	iSbBS512_1146.SbBS512_E0113	100	264	0	0	1	264	1	264	8.54e-198	540
NC_000913.3_115	iSF_1195.SF0117	100	264	0	0	1	264	1	264	8.54e-198	540
NC_000913.3_115	iSSON_1240.SSON_0128	100	264	0	0	1	264	1	264	8.54e-198	540
NC_000913.3_115	iSDY_1059.SDY_0027	99.6	264	1	0	1	264	1	264	9.98e-197	537
NC_000913.3_115	STM_v1_0.STM0165	96.6	264	9	0	1	264	1	264	6.47e-193	527
NC_000913.3_115	iYL1228.KPN_00126	95.0	261	13	0	4	264	1	261	7.26e-187	512
NC_000913.3_116	iML1515.b0121	100	288	0	0	1	288	1	288	4.30e-219	595
NC_000913.3_116	iSF_1195.SF0118	99.7	288	1	0	1	288	1	288	1.75e-218	594
NC_000913.3_116	iSSON_1240.SSON_0129	99.3	288	2	0	1	288	1	288	5.02e-218	593
NC_000913.3_116	iSbBS512_1146.SbBS512_E0114	99.3	288	2	0	1	288	1	288	1.44e-217	592
NC_000913.3_116	iSDY_1059.SDY_0028	99.0	288	3	0	1	288	1	288	1.18e-216	589
NC_000913.3_116	STM_v1_0.STM0166	94.8	286	15	0	1	286	1	286	1.54e-207	566
NC_000913.3_118	iML1515.b0123	100	516	0	0	1	516	1	516	0.0	1028
NC_000913.3_118	iSbBS512_1146.SbBS512_E0116	99.6	516	2	0	1	516	14	529	0.0	1024
NC_000913.3_118	iSDY_1059.SDY_0030	99.2	516	4	0	1	516	1	516	0.0	1019
NC_000913.3_118	iSSON_1240.SSON_0131	98.6	516	7	0	1	516	1	516	0.0	1016
NC_000913.3_118	iSF_1195.SF0119	98.8	516	6	0	1	516	1	516	0.0	1015
NC_000913.3_119	iML1515.b0124	100	796	0	0	1	796	1	796	0.0	1596
NC_000913.3_119	iSSON_1240.SSON_0132	99.1	796	7	0	1	796	1	796	0.0	1578
NC_000913.3_119	iSF_1195.SF0121	99.1	772	7	0	25	796	5	776	0.0	1547
NC_000913.3_119	STM_v1_0.STM0169	91.5	796	68	0	1	796	1	796	0.0	1474
NC_000913.3_119	iYL1228.KPN_00132	88.9	784	87	0	13	796	1	784	0.0	1448
NC_000913.3_120	iML1515.b0125	100	178	0	0	1	178	1	178	9.89e-125	348
NC_000913.3_120	iSbBS512_1146.SbBS512_E0118	100	178	0	0	1	178	1	178	9.89e-125	348
NC_000913.3_120	iSDY_1059.SDY_0034	100	178	0	0	1	178	5	182	1.14e-124	348
NC_000913.3_120	iSF_1195.SF0122	100	178	0	0	1	178	5	182	1.14e-124	348
NC_000913.3_120	iSSON_1240.SSON_0133	99.4	178	1	0	1	178	5	182	9.36e-124	345
NC_000913.3_120	STM_v1_0.STM0170	96.1	178	7	0	1	178	1	178	1.58e-121	340
NC_000913.3_120	iYL1228.KPN_00133	93.8	178	11	0	1	178	5	182	4.10e-118	331
NC_000913.3_120	iPC815.YPO3408	87.6	178	22	0	1	178	1	178	6.34e-112	315
NC_000913.3_121	iML1515.b0126	100	220	0	0	1	220	1	220	2.10e-167	459
NC_000913.3_121	iSF_1195.SF0123	100	220	0	0	1	220	1	220	2.10e-167	459
NC_000913.3_121	iSSON_1240.SSON_0134	100	220	0	0	1	220	1	220	2.10e-167	459
NC_000913.3_121	iSbBS512_1146.SbBS512_E0119	99.5	220	1	0	1	220	1	220	1.21e-166	457
NC_000913.3_121	iSDY_1059.SDY_0035	99.5	220	1	0	1	220	1	220	1.73e-166	457
NC_000913.3_121	iYL1228.KPN_00134	95.6	204	9	0	17	220	1	204	1.16e-149	414
NC_000913.3_122	iYL1228.KPN_00213	33.8	269	169	4	5	264	2	270	2.02e-35	130
NC_000913.3_122	iJN1463.PP_0220	32.0	278	177	5	10	275	38	315	3.36e-34	127
NC_000913.3_122	STM_v1_0.STM0247	32.8	256	164	3	5	252	2	257	4.12e-33	124
NC_000913.3_122	iCHOv1.100761226	35.8	218	133	4	1	214	895	1109	2.68e-31	123
NC_000913.3_122	iMM1415.11303	35.8	218	133	4	1	214	895	1109	2.67e-31	123
NC_000913.3_122	iSDY_1059.SDY_0218	32.8	256	164	3	5	252	2	257	7.99e-33	123
NC_000913.3_122	iML1515.b0199	32.8	256	164	3	5	252	2	257	1.11e-32	123
NC_000913.3_122	iSbBS512_1146.SbBS512_E0193	32.8	256	164	3	5	252	2	257	1.55e-32	122
NC_000913.3_122	iSSON_1240.SSON_0213	32.8	256	164	3	5	252	2	257	1.55e-32	122
NC_000913.3_122	iCN900.CD630_16140	31.4	204	140	0	20	223	39	242	8.16e-33	121
NC_000913.3_122	iEK1008.Rv2936	32.7	214	143	1	3	215	6	219	6.48e-32	120
NC_000913.3_122	iYO844.BSU32750	29.2	264	174	5	5	257	2	263	1.09e-31	120
NC_000913.3_122	iSF_1195.SF0190	32.4	256	165	3	5	252	2	257	1.13e-31	120
NC_000913.3_122	iYO844.BSU02750	31.8	214	145	1	18	230	18	231	4.01e-32	119
NC_000913.3_122	iPC815.YPO1073	33.5	233	147	3	5	229	2	234	3.03e-31	119
NC_000913.3_122	iCN900.CD630_14890	31.8	217	142	3	5	216	2	217	2.81e-31	119
NC_000913.3_122	iYO844.BSU33830	35.3	218	132	5	5	216	2	216	1.49e-30	118
NC_000913.3_124	iSF_1195.SF3171	33.9	127	84	0	1	127	1	127	1.61e-18	76.3
NC_000913.3_125	iYS854.USA300HOU_RS14490	30.3	195	128	4	199	390	82	271	2.12e-21	93.2
NC_000913.3_126	iML1515.b0131	100	126	0	0	1	126	1	126	4.57e-89	253
NC_000913.3_126	iSbBS512_1146.SbBS512_E0124	100	126	0	0	1	126	1	126	4.57e-89	253
NC_000913.3_126	iSDY_1059.SDY_0041	100	126	0	0	1	126	1	126	4.57e-89	253
NC_000913.3_126	iSF_1195.SF0128	100	126	0	0	1	126	1	126	4.57e-89	253
NC_000913.3_126	iSSON_1240.SSON_0139	100	126	0	0	1	126	1	126	4.57e-89	253
NC_000913.3_126	STM_v1_0.STM0180	96.0	126	5	0	1	126	1	126	1.21e-84	242
NC_000913.3_126	iYL1228.KPN_00139	89.7	126	13	0	1	126	1	126	6.48e-80	230
NC_000913.3_128	iML1515.b0133	100	283	0	0	1	283	1	283	1.65e-200	548
NC_000913.3_128	iSF_1195.SF0130	99.6	283	1	0	1	283	1	283	9.54e-200	546
NC_000913.3_128	iSbBS512_1146.SbBS512_E0126	99.3	283	2	0	1	283	1	283	3.88e-199	545
NC_000913.3_128	iSSON_1240.SSON_0141	99.3	283	2	0	1	283	1	283	3.88e-199	545
NC_000913.3_128	iSDY_1059.SDY_0155	98.6	283	4	0	1	283	1	283	2.62e-197	540
NC_000913.3_129	iML1515.b0134	100	264	0	0	1	264	1	264	6.95e-188	514
NC_000913.3_129	iSbBS512_1146.SbBS512_E0127	97.7	264	6	0	1	264	1	264	1.29e-183	504
NC_000913.3_129	iSSON_1240.SSON_0142	97.3	264	7	0	1	264	1	264	1.83e-183	503
NC_000913.3_129	iSF_1195.SF0131	97.3	264	7	0	1	264	1	264	3.69e-183	503
NC_000913.3_129	iSDY_1059.SDY_0154	95.8	264	11	0	1	264	1	264	1.96e-178	491
NC_000913.3_129	STM_v1_0.STM0182	92.0	264	20	1	1	264	1	263	3.35e-172	475
NC_000913.3_137	iML1515.b0142	100	159	0	0	1	159	1	159	2.72e-115	322
NC_000913.3_137	iSSON_1240.SSON_0154	95.6	159	7	0	1	159	1	159	5.07e-111	311
NC_000913.3_137	iSDY_1059.SDY_0158	95.6	159	7	0	1	159	1	159	4.17e-110	309
NC_000913.3_137	iSbBS512_1146.SbBS512_E0133	94.3	159	9	0	1	159	1	159	1.70e-109	308
NC_000913.3_137	iSF_1195.SF0134	95.0	159	8	0	1	159	1	159	2.41e-109	307
NC_000913.3_139	iIT341.HP0476	36.4	242	140	4	17	245	5	245	2.71e-44	156
NC_000913.3_139	iHN637.CLJU_RS06575	34.4	291	160	8	19	281	7	294	5.17e-42	150
NC_000913.3_139	iCN900.CD630_00510	32.2	301	163	7	19	280	6	304	1.69e-41	149
NC_000913.3_139	iAF987.Gmet_1736	36.7	240	137	5	19	245	7	244	4.16e-40	145
NC_000913.3_139	iPC815.YPO2984	34.2	301	175	9	19	302	6	300	3.27e-39	143
NC_000913.3_139	iML1515.b2400	34.2	301	175	8	19	302	6	300	4.55e-39	142
NC_000913.3_139	iSbBS512_1146.SbBS512_E2779	34.2	301	175	8	19	302	6	300	4.55e-39	142
NC_000913.3_139	iSF_1195.SF2462	34.2	301	175	8	19	302	6	300	4.55e-39	142
NC_000913.3_139	iSSON_1240.SSON_2491	34.2	301	175	8	19	302	6	300	4.55e-39	142
NC_000913.3_139	iYL1228.KPN_02750	36.9	241	136	5	19	245	6	244	1.71e-38	141
NC_000913.3_144	iML1515.b0149	100	844	0	0	1	844	1	844	0.0	1571
NC_000913.3_144	iSF_1195.SF0141	99.9	844	1	0	1	844	1	844	0.0	1571
NC_000913.3_144	iSSON_1240.SSON_0161	99.6	844	3	0	1	844	1	844	0.0	1566
NC_000913.3_144	iSDY_1059.SDY_0165	97.2	844	24	0	1	844	1	844	0.0	1564
NC_000913.3_144	iSbBS512_1146.SbBS512_E0140	98.5	844	9	1	1	844	1	840	0.0	1563
NC_000913.3_144	STM_v1_0.STM0190	90.6	847	70	4	1	844	1	840	0.0	1447
NC_000913.3_145	iML1515.b0150	100	747	0	0	1	747	1	747	0.0	1499
NC_000913.3_145	iSF_1195.SF0142	99.6	747	3	0	1	747	1	747	0.0	1494
NC_000913.3_145	iSDY_1059.SDY_0166	99.3	747	5	0	1	747	1	747	0.0	1490
NC_000913.3_146	iML1515.b0151	100	265	0	0	1	265	1	265	1.47e-194	531
NC_000913.3_146	iSDY_1059.SDY_0167	99.6	265	1	0	1	265	1	265	4.21e-194	530
NC_000913.3_146	iSbBS512_1146.SbBS512_E0143	99.2	265	2	0	1	265	1	265	1.21e-193	529
NC_000913.3_146	iSF_1195.SF0143	99.2	265	2	0	1	265	1	265	3.46e-193	528
NC_000913.3_146	iSSON_1240.SSON_0163	99.2	265	2	0	1	265	1	265	3.46e-193	528
NC_000913.3_146	iYL1228.KPN_00166	92.5	265	20	0	1	265	1	265	9.39e-182	499
NC_000913.3_146	STM_v1_0.STM0192	92.1	265	21	0	1	265	1	265	2.21e-180	496
NC_000913.3_147	iML1515.b0152	100	296	0	0	1	296	1	296	4.14e-221	601
NC_000913.3_147	iSbBS512_1146.SbBS512_E0144	99.7	296	1	0	1	296	1	296	6.86e-220	598
NC_000913.3_147	iSSON_1240.SSON_0164	99.7	296	1	0	1	296	1	296	6.86e-220	598
NC_000913.3_147	iSDY_1059.SDY_0168	99.0	296	3	0	1	296	1	296	1.97e-219	597
NC_000913.3_147	iSF_1195.SF0144	99.0	296	3	0	1	296	1	296	1.62e-218	595
NC_000913.3_148	iML1515.b0153	100	660	0	0	1	660	1	660	0.0	1237
NC_000913.3_148	iSF_1195.SF0145	99.4	660	4	0	1	660	1	660	0.0	1229
NC_000913.3_148	iSSON_1240.SSON_0165	99.4	660	4	0	1	660	1	660	0.0	1228
NC_000913.3_148	iSbBS512_1146.SbBS512_E0145	98.9	660	7	0	1	660	1	660	0.0	1224
NC_000913.3_148	iSDY_1059.SDY_0169	98.6	660	9	0	1	660	1	660	0.0	1217
NC_000913.3_148	STM_v1_0.STM0194	90.6	652	61	0	9	660	34	685	0.0	1120
NC_000913.3_149	iML1515.b0154	100	426	0	0	1	426	1	426	3.72e-317	855
NC_000913.3_149	iSSON_1240.SSON_0166	99.1	426	4	0	1	426	1	426	7.19e-315	849
NC_000913.3_149	iSF_1195.SF0146	99.1	426	4	0	1	426	1	426	1.02e-314	849
NC_000913.3_149	iSDY_1059.SDY_0170	99.3	426	3	0	1	426	1	426	2.06e-314	848
NC_000913.3_149	iSbBS512_1146.SbBS512_E0146	98.8	426	5	0	1	426	1	426	8.39e-314	847
NC_000913.3_149	STM_v1_0.STM0202	97.4	426	11	0	1	426	1	426	3.82e-310	837
NC_000913.3_149	iYL1228.KPN_00169	94.1	426	25	0	1	426	1	426	2.53e-299	810
NC_000913.3_149	iPC815.YPO3389	88.5	426	49	0	1	426	1	426	1.53e-284	773
NC_000913.3_150	iML1515.b0155	100	473	0	0	1	473	1	473	0.0	899
NC_000913.3_150	iSSON_1240.SSON_0167	100	473	0	0	1	473	1	473	0.0	899
NC_000913.3_150	iSDY_1059.SDY_0171	99.8	473	1	0	1	473	1	473	0.0	898
NC_000913.3_150	iSbBS512_1146.SbBS512_E0147	99.6	473	2	0	1	473	1	473	0.0	895
NC_000913.3_150	iSF_1195.SF0147	99.6	473	2	0	1	473	1	473	0.0	894
NC_000913.3_151	iYS854.USA300HOU_RS04660	37.3	102	64	0	11	112	6	107	3.40e-21	81.3
NC_000913.3_151	iSbBS512_1146.SbBS512_E2903	39.3	112	63	4	5	114	1	109	1.37e-18	74.3
NC_000913.3_151	iML1515.b2528	40.0	110	61	4	7	114	1	107	1.84e-18	73.9
NC_000913.3_151	iSDY_1059.SDY_2724	40.0	110	61	4	7	114	1	107	1.84e-18	73.9
NC_000913.3_151	iSF_1195.SF2575	40.0	110	61	4	7	114	1	107	1.84e-18	73.9
NC_000913.3_151	iSSON_1240.SSON_2610	40.0	110	61	4	7	114	1	107	1.84e-18	73.9
NC_000913.3_153	iML1515.b0158	100	266	0	0	1	266	1	266	5.10e-191	523
NC_000913.3_153	iSSON_1240.SSON_0170	100	266	0	0	1	266	1	266	5.10e-191	523
NC_000913.3_153	iSF_1195.SF0150	99.6	266	1	0	1	266	1	266	2.08e-190	521
NC_000913.3_153	iSDY_1059.SDY_0174	99.6	266	1	0	1	266	1	266	8.45e-190	520
NC_000913.3_154	iML1515.b0159	100	232	0	0	1	232	1	232	7.22e-165	454
NC_000913.3_154	iSbBS512_1146.SbBS512_E0151	100	232	0	0	1	232	1	232	7.22e-165	454
NC_000913.3_154	iSDY_1059.SDY_0175	100	232	0	0	1	232	1	232	7.22e-165	454
NC_000913.3_154	iSF_1195.SF0151	100	232	0	0	1	232	1	232	7.22e-165	454
NC_000913.3_154	iSSON_1240.SSON_0171	100	232	0	0	1	232	1	232	7.22e-165	454
NC_000913.3_154	STM_v1_0.STM0207	96.1	232	9	0	1	232	1	232	1.10e-159	441
NC_000913.3_154	iYL1228.KPN_00174	90.1	232	23	0	1	232	1	232	1.04e-148	413
NC_000913.3_155	iML1515.b0160	100	505	0	0	1	505	1	505	0.0	1020
NC_000913.3_155	iSbBS512_1146.SbBS512_E0152	99.4	505	3	0	1	505	1	505	0.0	1015
NC_000913.3_155	iSF_1195.SF0152	99.3	461	3	0	1	461	1	461	0.0	919
NC_000913.3_156	iEK1008.Rv0125	30.8	253	152	7	111	350	76	318	2.38e-19	89.0
NC_000913.3_160	iML1515.b0166	100	274	0	0	1	274	1	274	4.93e-177	488
NC_000913.3_160	iSF_1195.SF0156	100	274	0	0	1	274	1	274	4.93e-177	488
NC_000913.3_160	iSSON_1240.SSON_0178	100	274	0	0	1	274	1	274	4.93e-177	488
NC_000913.3_160	iSbBS512_1146.SbBS512_E0158	99.6	274	1	0	1	274	1	274	1.41e-176	487
NC_000913.3_160	iSDY_1059.SDY_0182	98.2	274	5	0	1	274	1	274	2.34e-175	484
NC_000913.3_160	STM_v1_0.STM0213	97.1	274	8	0	1	274	1	274	5.50e-174	480
NC_000913.3_160	iYL1228.KPN_00179	96.7	274	9	0	1	274	1	274	1.84e-172	476
NC_000913.3_160	iPC815.YPO1041	92.7	274	20	0	1	274	1	274	6.53e-166	460
NC_000913.3_162	iSynCJ816.SGL_RS14865	52.0	248	118	1	3	250	5	251	1.09e-88	263
NC_000913.3_162	iSynCJ816.SGL_RS16015	52.2	247	110	4	10	250	29	273	7.59e-84	251
NC_000913.3_165	iML1515.b0171	100	241	0	0	1	241	1	241	1.34e-169	466
NC_000913.3_165	iSbBS512_1146.SbBS512_E0164	100	241	0	0	1	241	1	241	1.34e-169	466
NC_000913.3_165	iSF_1195.SF0161	100	241	0	0	1	241	1	241	1.34e-169	466
NC_000913.3_165	iSSON_1240.SSON_0183	100	241	0	0	1	241	1	241	1.34e-169	466
NC_000913.3_165	iSDY_1059.SDY_0187	99.6	241	1	0	1	241	1	241	2.71e-169	466
NC_000913.3_165	STM_v1_0.STM0218	98.3	241	4	0	1	241	1	241	1.29e-167	461
NC_000913.3_165	iYL1228.KPN_00184	98.3	241	4	0	1	241	1	241	1.83e-167	461
NC_000913.3_165	iPC815.YPO1046	90.9	241	22	0	1	241	1	241	1.22e-156	434
NC_000913.3_167	iML1515.b0173	100	398	0	0	1	398	1	398	2.86e-284	769
NC_000913.3_167	iSbBS512_1146.SbBS512_E0166	100	398	0	0	1	398	1	398	2.86e-284	769
NC_000913.3_167	iSSON_1240.SSON_0185	100	398	0	0	1	398	1	398	2.86e-284	769
NC_000913.3_167	iSDY_1059.SDY_0189	99.5	398	2	0	1	398	1	398	6.73e-283	766
NC_000913.3_167	iSF_1195.SF0163	99.2	398	3	0	1	398	1	398	3.89e-282	764
NC_000913.3_168	iML1515.b0174	100	252	0	0	1	252	2	253	6.44e-185	506
NC_000913.3_168	iSDY_1059.SDY_0190	100	252	0	0	1	252	2	253	6.44e-185	506
NC_000913.3_168	iSF_1195.SF0164	100	252	0	0	1	252	2	253	6.44e-185	506
NC_000913.3_168	iSSON_1240.SSON_0186	99.6	252	1	0	1	252	2	253	1.85e-184	505
NC_000913.3_168	iSbBS512_1146.SbBS512_E0167	99.6	252	1	0	1	252	1	252	1.03e-183	503
NC_000913.3_168	STM_v1_0.STM0221	93.7	252	16	0	1	252	1	252	2.80e-172	474
NC_000913.3_170	iML1515.b0175	100	249	0	0	1	249	37	285	3.05e-183	503
NC_000913.3_170	iSbBS512_1146.SbBS512_E0168	100	249	0	0	1	249	37	285	3.05e-183	503
NC_000913.3_170	iSF_1195.SF0165	100	249	0	0	1	249	1	249	8.16e-184	503
NC_000913.3_170	iSSON_1240.SSON_0187	100	249	0	0	1	249	1	249	8.16e-184	503
NC_000913.3_170	iSDY_1059.SDY_0191	99.6	249	1	0	1	249	1	249	3.33e-183	501
NC_000913.3_170	STM_v1_0.STM0222	96.0	249	10	0	1	249	37	285	7.69e-177	487
NC_000913.3_174	iML1515.b0179	100	341	0	0	1	341	1	341	5.94e-207	569
NC_000913.3_174	iSDY_1059.SDY_0195	100	341	0	0	1	341	1	341	5.94e-207	569
NC_000913.3_174	iSbBS512_1146.SbBS512_E0172	98.5	341	5	0	1	341	1	341	5.42e-203	559
NC_000913.3_174	iSF_1195.SF0169	98.5	341	5	0	1	341	1	341	5.42e-203	559
NC_000913.3_174	iSSON_1240.SSON_0191	98.5	341	5	0	1	341	1	341	5.42e-203	559
NC_000913.3_174	STM_v1_0.STM0226	89.1	341	37	0	1	341	1	341	4.52e-188	521
NC_000913.3_175	iML1515.b0180	100	151	0	0	1	151	1	151	2.19e-108	304
NC_000913.3_175	iSbBS512_1146.SbBS512_E0173	100	151	0	0	1	151	1	151	2.19e-108	304
NC_000913.3_175	iSDY_1059.SDY_0196	100	151	0	0	1	151	1	151	2.19e-108	304
NC_000913.3_175	iSF_1195.SF0170	100	151	0	0	1	151	1	151	2.19e-108	304
NC_000913.3_175	iSSON_1240.SSON_0192	100	151	0	0	1	151	1	151	2.19e-108	304
NC_000913.3_175	STM_v1_0.STM0227	99.3	151	1	0	1	151	1	151	1.80e-107	302
NC_000913.3_175	iYL1228.KPN_00193	97.4	151	4	0	1	151	1	151	1.73e-105	297
NC_000913.3_175	iPC815.YPO1055	89.4	151	16	0	1	151	1	151	6.80e-96	274
NC_000913.3_176	iML1515.b0181	100	262	0	0	1	262	1	262	1.21e-155	433
NC_000913.3_176	iSDY_1059.SDY_0197	100	262	0	0	1	262	1	262	1.21e-155	433
NC_000913.3_176	iSF_1195.SF0171	100	262	0	0	1	262	1	262	1.21e-155	433
NC_000913.3_176	iSSON_1240.SSON_0193	100	262	0	0	1	262	1	262	1.21e-155	433
NC_000913.3_176	iSbBS512_1146.SbBS512_E0174	95.4	262	12	0	1	262	1	262	3.47e-155	432
NC_000913.3_176	STM_v1_0.STM0228	85.1	262	39	0	1	262	1	262	1.59e-144	405
NC_000913.3_177	iML1515.b0182	100	382	0	0	1	382	1	382	3.06e-280	758
NC_000913.3_177	iSSON_1240.SSON_0194	100	382	0	0	1	382	1	382	3.06e-280	758
NC_000913.3_177	iSbBS512_1146.SbBS512_E0175	99.2	382	3	0	1	382	1	382	1.70e-277	751
NC_000913.3_177	iSF_1195.SF0172	99.0	382	4	0	1	382	1	382	4.87e-277	750
NC_000913.3_177	iSDY_1059.SDY_0198	98.7	382	5	0	1	382	1	382	5.68e-276	747
NC_000913.3_177	STM_v1_0.STM0229	94.8	382	20	0	1	382	1	382	1.60e-266	723
NC_000913.3_177	iYL1228.KPN_00195	91.3	381	33	0	1	381	1	381	9.40e-257	699
NC_000913.3_180	iML1515.b0185	100	319	0	0	1	319	1	319	2.93e-228	621
NC_000913.3_180	iSDY_1059.SDY_0201	100	319	0	0	1	319	1	319	2.93e-228	621
NC_000913.3_180	iSF_1195.SF0175	100	319	0	0	1	319	1	319	2.93e-228	621
NC_000913.3_180	iSSON_1240.SSON_0197	99.7	319	1	0	1	319	1	319	1.19e-227	620
NC_000913.3_180	iSbBS512_1146.SbBS512_E0178	99.7	319	1	0	1	319	1	319	9.79e-227	617
NC_000913.3_180	STM_v1_0.STM0232	97.5	319	8	0	1	319	1	319	5.43e-224	610
NC_000913.3_180	iYL1228.KPN_00198	96.6	319	11	0	1	319	1	319	3.66e-222	606
NC_000913.3_180	iPC815.YPO1060	90.3	319	31	0	1	319	1	319	1.82e-206	566
NC_000913.3_181	iML1515.b0186	100	713	0	0	1	713	1	713	0.0	1462
NC_000913.3_181	iSSON_1240.SSON_0199	99.7	713	2	0	1	713	1	713	0.0	1458
NC_000913.3_181	iSbBS512_1146.SbBS512_E0179	99.4	713	4	0	1	713	1	713	0.0	1454
NC_000913.3_181	iSF_1195.SF0176	99.2	713	6	0	1	713	1	713	0.0	1447
NC_000913.3_181	STM_v1_0.STM0234	91.2	712	63	0	1	712	1	712	0.0	1353
NC_000913.3_181	iYL1228.KPN_00199	88.7	710	80	0	1	710	13	722	0.0	1320
NC_000913.3_182	STM_v1_0.STM0235	88.4	129	15	0	1	129	1	129	3.72e-85	244
NC_000913.3_190	iSbBS512_1146.SbBS512_E0188	99.7	572	2	0	1	572	1	572	0.0	1113
NC_000913.3_190	iSF_1195.SF0185	99.7	572	2	0	1	572	1	572	0.0	1113
NC_000913.3_190	iSSON_1240.SSON_0208	99.7	572	2	0	1	572	1	572	0.0	1113
NC_000913.3_190	iSDY_1059.SDY_0213	99.3	572	4	0	1	572	1	572	0.0	1109
NC_000913.3_190	STM_v1_0.STM0242	95.3	572	27	0	1	572	1	572	0.0	1075
NC_000913.3_190	iYL1228.KPN_00208	94.6	572	31	0	1	572	1	572	0.0	1072
NC_000913.3_193	iML1515.b0197	100	271	0	0	1	271	1	271	2.73e-193	529
NC_000913.3_193	iSbBS512_1146.SbBS512_E0191	99.6	271	1	0	1	271	1	271	7.83e-193	528
NC_000913.3_193	iSF_1195.SF0188	99.6	271	1	0	1	271	1	271	7.83e-193	528
NC_000913.3_193	iSSON_1240.SSON_0211	99.6	271	1	0	1	271	1	271	7.83e-193	528
NC_000913.3_193	iSDY_1059.SDY_0216	98.9	271	3	0	1	271	1	271	2.62e-191	524
NC_000913.3_193	STM_v1_0.STM0245	96.7	271	9	0	1	271	1	271	2.93e-188	516
NC_000913.3_193	iYL1228.KPN_00211	95.6	271	12	0	1	271	1	271	3.99e-186	511
NC_000913.3_194	iML1515.b0198	100	217	0	0	1	217	1	217	1.05e-113	323
NC_000913.3_194	iSSON_1240.SSON_0212	100	217	0	0	1	217	1	217	1.05e-113	323
NC_000913.3_194	iSF_1195.SF0189	99.5	217	1	0	1	217	1	217	1.73e-112	320
NC_000913.3_194	iYL1228.KPN_00212	92.6	217	16	0	1	217	1	217	3.88e-109	311
NC_000913.3_194	STM_v1_0.STM0246	93.1	217	15	0	1	217	1	217	3.51e-105	301
NC_000913.3_194	iSDY_1059.SDY_0217	94.5	217	12	0	1	217	1	217	4.74e-103	296
NC_000913.3_194	iPC815.YPO1072	90.3	217	21	0	1	217	1	217	1.93e-102	295
NC_000913.3_195	iML1515.b0199	100	343	0	0	1	343	1	343	2.38e-246	669
NC_000913.3_195	iSbBS512_1146.SbBS512_E0193	99.7	343	1	0	1	343	1	343	3.38e-246	669
NC_000913.3_195	iSSON_1240.SSON_0213	99.7	343	1	0	1	343	1	343	3.38e-246	669
NC_000913.3_195	iSDY_1059.SDY_0218	99.4	343	2	0	1	343	1	343	6.81e-246	668
NC_000913.3_195	iSF_1195.SF0190	99.1	343	3	0	1	343	1	343	1.13e-244	665
NC_000913.3_195	STM_v1_0.STM0247	95.3	343	16	0	1	343	1	343	2.61e-234	639
NC_000913.3_195	iYL1228.KPN_00213	92.1	343	27	0	1	343	1	343	1.54e-226	619
NC_000913.3_196	iML1515.b0200	100	191	0	0	1	191	1	191	1.90e-142	394
NC_000913.3_196	iSF_1195.SF0191	100	191	0	0	1	191	1	191	1.90e-142	394
NC_000913.3_196	iSSON_1240.SSON_0214	100	191	0	0	1	191	1	191	1.90e-142	394
NC_000913.3_196	iSDY_1059.SDY_0219	98.4	190	3	0	1	190	1	190	2.06e-139	386
NC_000913.3_196	iSbBS512_1146.SbBS512_E0194	98.4	189	3	0	1	189	1	189	8.38e-139	384
NC_000913.3_196	STM_v1_0.STM0248	94.7	188	10	0	1	188	1	188	8.41e-134	372
NC_000913.3_196	iYL1228.KPN_00214	91.0	188	17	0	1	188	18	205	8.18e-129	360
NC_000913.3_198	iML1515.b0207	100	267	0	0	1	267	1	267	9.13e-190	520
NC_000913.3_198	iSSON_1240.SSON_0221	99.6	267	1	0	1	267	1	267	1.07e-188	517
NC_000913.3_198	iSF_1195.SF0192	99.3	267	2	0	1	267	1	267	8.76e-188	514
NC_000913.3_198	iSbBS512_1146.SbBS512_E0204	99.3	267	2	0	1	267	1	267	1.77e-187	514
NC_000913.3_198	STM_v1_0.STM0255	92.5	267	20	0	1	267	1	267	1.12e-174	481
NC_000913.3_198	iYL1228.KPN_00221	90.6	267	25	0	1	267	1	267	1.78e-171	473
NC_000913.3_201	iNF517.LLMG_RS03890	34.4	96	60	1	20	115	75	167	8.15e-11	59.3
NC_000913.3_201	iYS854.USA300HOU_RS07520	35.6	87	54	1	20	106	77	161	7.02e-10	56.6
NC_000913.3_201	iYL1228.KPN_04329	44.1	59	33	0	44	102	116	174	3.59e-09	54.7
NC_000913.3_202	iML1515.b0211	100	406	0	0	1	406	47	452	3.37e-296	802
NC_000913.3_203	iML1515.b0212	100	251	0	0	1	251	1	251	9.23e-191	521
NC_000913.3_203	iSbBS512_1146.SbBS512_E0208	99.6	251	1	0	1	251	1	251	5.34e-190	519
NC_000913.3_203	iSSON_1240.SSON_0226	99.6	251	1	0	1	251	1	251	5.34e-190	519
NC_000913.3_203	iSDY_1059.SDY_0231	98.4	251	4	0	1	251	1	251	1.03e-187	513
NC_000913.3_203	iSF_1195.SF0198	98.0	251	5	0	1	251	1	251	5.99e-187	511
NC_000913.3_205	iEK1008.Rv2228c	29.4	153	81	8	4	143	2	140	7.98e-05	41.2
NC_000913.3_210	iYS854.USA300HOU_RS10950	32.9	258	155	9	4	248	1	253	1.25e-30	114
NC_000913.3_212	iML1515.b0221	100	814	0	0	1	814	1	814	0.0	1613
NC_000913.3_212	iSbBS512_1146.SbBS512_E0217	99.8	814	2	0	1	814	1	814	0.0	1609
NC_000913.3_212	iSSON_1240.SSON_0263	99.8	814	2	0	1	814	13	826	0.0	1609
NC_000913.3_212	iSF_1195.SF0271	99.3	814	6	0	1	814	13	826	0.0	1605
NC_000913.3_212	STM_v1_0.STM0309	95.6	814	36	0	1	814	1	814	0.0	1555
NC_000913.3_212	iYL1228.KPN_00235	91.0	814	73	0	1	814	1	814	0.0	1497
NC_000913.3_213	iML1515.b0222	100	192	0	0	1	192	1	192	4.28e-135	375
NC_000913.3_213	iSbBS512_1146.SbBS512_E0218	100	192	0	0	1	192	1	192	4.28e-135	375
NC_000913.3_213	iSF_1195.SF0272	100	192	0	0	1	192	1	192	4.28e-135	375
NC_000913.3_213	iSSON_1240.SSON_0264	100	192	0	0	1	192	1	192	4.28e-135	375
NC_000913.3_213	iSDY_1059.SDY_0248	99.0	192	2	0	1	192	1	192	8.30e-133	369
NC_000913.3_213	STM_v1_0.STM0310	97.4	192	5	0	1	192	1	192	5.60e-131	365
NC_000913.3_213	iYL1228.KPN_00236	90.6	192	18	0	1	192	1	192	2.43e-123	345
NC_000913.3_213	iPC815.YPO3243	90.6	192	18	0	1	192	1	192	4.91e-123	345
NC_000913.3_218	iML1515.b1655	54.6	130	59	0	78	207	141	270	1.34e-52	169
NC_000913.3_228	iML1515.b0237	100	485	0	0	1	485	1	485	0.0	969
NC_000913.3_228	iSbBS512_1146.SbBS512_E0234	99.6	485	2	0	1	485	1	485	0.0	965
NC_000913.3_228	iSDY_1059.SDY_0480	99.4	485	3	0	1	485	1	485	0.0	964
NC_000913.3_228	iSF_1195.SF0285	99.4	485	3	0	1	485	1	485	0.0	963
NC_000913.3_228	iSSON_1240.SSON_0279	99.6	485	2	0	1	485	1	485	0.0	963
NC_000913.3_228	STM_v1_0.STM0316	92.6	485	36	0	1	485	1	485	0.0	900
NC_000913.3_229	iML1515.b0238	100	152	0	0	1	152	1	152	1.48e-111	312
NC_000913.3_229	iSDY_1059.SDY_0479	100	152	0	0	1	152	1	152	1.48e-111	312
NC_000913.3_229	iSF_1195.SF0286	100	152	0	0	1	152	1	152	1.48e-111	312
NC_000913.3_229	iSSON_1240.SSON_0280	100	152	0	0	1	152	1	152	1.48e-111	312
NC_000913.3_229	STM_v1_0.STM0317	98.0	152	3	0	1	152	1	152	1.73e-110	310
NC_000913.3_229	iSbBS512_1146.SbBS512_E0235	99.3	152	1	0	1	152	1	152	2.45e-110	309
NC_000913.3_229	iYL1228.KPN_00250	97.4	152	4	0	1	152	1	152	1.42e-109	307
NC_000913.3_229	iPC815.YPO3225	88.8	152	17	0	1	152	1	152	2.45e-101	286
NC_000913.3_232	STM_v1_0.STM0861	40.3	67	40	0	1	67	1	67	6.08e-14	63.9
NC_000913.3_234	iML1515.b0241	100	351	0	0	1	351	1	351	4.89e-259	702
NC_000913.3_234	iSSON_1240.SSON_0283	100	351	0	0	1	351	1	351	4.89e-259	702
NC_000913.3_234	iSF_1195.SF0289	99.7	351	1	0	1	351	1	351	2.83e-258	700
NC_000913.3_234	iSbBS512_1146.SbBS512_E0238	98.6	351	5	0	1	351	1	351	1.29e-254	691
NC_000913.3_234	STM_v1_0.STM0320	88.0	351	41	1	1	351	1	350	2.58e-231	632
NC_000913.3_235	iML1515.b0242	100	367	0	0	1	367	1	367	1.25e-260	707
NC_000913.3_235	iSbBS512_1146.SbBS512_E0239	100	367	0	0	1	367	1	367	1.25e-260	707
NC_000913.3_235	iSDY_1059.SDY_0474	100	367	0	0	1	367	1	367	1.25e-260	707
NC_000913.3_235	iSSON_1240.SSON_0284	100	367	0	0	1	367	1	367	1.25e-260	707
NC_000913.3_235	iSF_1195.SF0292	99.7	367	1	0	1	367	1	367	7.24e-260	705
NC_000913.3_235	STM_v1_0.STM0321	96.7	367	12	0	1	367	1	367	1.56e-254	692
NC_000913.3_235	iYL1228.KPN_00281	92.6	367	27	0	1	367	1	367	5.46e-239	652
NC_000913.3_236	iML1515.b0243	100	417	0	0	1	417	1	417	6.09e-291	788
NC_000913.3_236	iSSON_1240.SSON_0285	100	417	0	0	1	417	1	417	6.09e-291	788
NC_000913.3_236	iSbBS512_1146.SbBS512_E0240	99.8	417	1	0	1	417	1	417	1.01e-289	785
NC_000913.3_236	iSF_1195.SF0293	99.5	417	2	0	1	417	1	417	1.01e-289	785
NC_000913.3_236	iSDY_1059.SDY_0473	98.8	417	5	0	1	417	1	417	3.37e-288	781
NC_000913.3_255	iML1515.b0260	100	467	0	0	9	475	1	467	0.0	920
NC_000913.3_255	iYL1228.KPN_00309	92.9	465	33	0	11	475	5	469	0.0	866
NC_000913.3_256	iML1515.b0261	100	310	0	0	1	310	1	310	4.86e-227	617
NC_000913.3_257	iCN900.CD630_10240	39.9	343	201	3	4	344	3	342	2.61e-87	266
NC_000913.3_257	iSynCJ816.SGL_RS17160	40.0	345	197	4	9	348	5	344	1.51e-85	262
NC_000913.3_257	iYL1228.KPN_01132	52.5	240	114	0	7	246	18	257	4.80e-84	259
NC_000913.3_257	iHN637.CLJU_RS10680	50.0	252	126	0	2	253	5	256	4.95e-83	256
NC_000913.3_257	iSbBS512_1146.SbBS512_E1304	51.7	240	116	0	7	246	18	257	1.71e-81	252
NC_000913.3_257	iSSON_1240.SSON_1144	51.7	240	116	0	7	246	18	257	1.71e-81	252
NC_000913.3_257	iSDY_1059.SDY_2026	51.7	240	116	0	7	246	18	257	2.42e-81	252
NC_000913.3_257	iML1515.b1126	51.7	240	116	0	7	246	18	257	3.42e-81	251
NC_000913.3_257	iSF_1195.SF1128	51.7	240	116	0	7	246	18	257	3.42e-81	251
NC_000913.3_257	STM_v1_0.STM3554	41.1	341	186	6	7	336	4	340	5.03e-81	250
NC_000913.3_257	iAF987.Gmet_1903	41.4	348	181	6	7	343	3	338	4.80e-81	250
NC_000913.3_257	iJN1463.PP_5168	42.0	324	157	5	7	323	3	302	6.27e-81	249
NC_000913.3_257	iCN718.ABAYE_RS05140	43.5	283	151	3	7	282	3	283	1.03e-79	247
NC_000913.3_257	STM_v1_0.STM1226	50.8	240	118	0	7	246	18	257	3.05e-79	246
NC_000913.3_257	iPC815.YPO1332	40.2	323	180	3	7	316	20	342	4.18e-79	246
NC_000913.3_257	iCN900.CD630_35300	38.4	318	169	3	6	319	3	297	2.12e-79	245
NC_000913.3_257	iJN1463.PP_1722	45.0	282	142	2	6	287	3	271	2.00e-79	245
NC_000913.3_257	iML1515.b3450	41.1	341	186	6	7	336	4	340	5.06e-78	243
NC_000913.3_257	iYS854.USA300HOU_RS05485	37.5	341	207	4	7	344	5	342	1.28e-77	242
NC_000913.3_257	iPC815.YPO3012	39.5	342	189	6	7	334	3	340	1.75e-77	241
NC_000913.3_257	iJN1463.PP_5137	39.0	346	201	6	7	345	10	352	1.79e-77	241
NC_000913.3_257	STM_v1_0.STM0878	41.7	309	165	4	7	301	20	327	3.72e-77	241
NC_000913.3_257	iSbBS512_1146.SbBS512_E3873	41.1	341	186	6	7	336	4	340	2.85e-77	241
NC_000913.3_257	iYL1228.KPN_00886	41.4	309	166	4	7	301	36	343	1.17e-76	240
NC_000913.3_257	iCN900.CD630_35270	38.4	318	169	3	6	319	3	297	2.70e-77	240
NC_000913.3_257	iJN1463.PP_1484	43.0	309	155	4	7	309	5	298	5.46e-77	239
NC_000913.3_258	iJN1463.PP_5136	39.5	76	46	0	7	82	458	533	1.39e-09	53.9
NC_000913.3_258	iCN718.ABAYE_RS05150	28.7	101	69	1	8	105	164	264	9.90e-09	51.2
NC_000913.3_260	STM_v1_0.STM0861	40.3	67	40	0	1	67	1	67	6.08e-14	63.9
NC_000913.3_264	iML1515.b0268	100	302	0	0	1	302	1	302	3.27e-221	602
NC_000913.3_265	iML1515.b0269	100	655	0	0	1	655	1	655	0.0	1311
NC_000913.3_266	iHN637.CLJU_RS00610	32.2	429	282	3	3	428	12	434	1.68e-72	235
NC_000913.3_266	iYO844.BSU06160	32.5	452	278	8	2	440	20	457	6.60e-64	213
NC_000913.3_269	iML1515.b0273	100	334	0	0	1	334	1	334	1.95e-245	666
NC_000913.3_271	STM_v1_0.STM0861	40.3	67	40	0	1	67	1	67	6.08e-14	63.9
NC_000913.3_280	iYO844.BSU32510	23.5	319	178	9	41	305	18	324	1.83e-07	51.6
NC_000913.3_281	iSSON_1240.SSON_3017	29.4	762	462	20	24	727	2	745	1.86e-66	233
NC_000913.3_281	iML1515.b2866	29.3	762	463	20	24	727	2	745	9.16e-66	231
NC_000913.3_281	iSF_1195.SF2868	28.7	771	476	19	14	727	5	758	3.98e-65	230
NC_000913.3_281	iAF987.Gmet_2136	27.8	773	474	23	13	724	3	752	1.56e-61	220
NC_000913.3_281	iCN900.CD630_20870	27.5	753	481	20	16	721	3	737	5.01e-61	218
NC_000913.3_281	iCN900.CD630_20730	26.3	767	496	21	17	724	1	757	1.14e-58	212
NC_000913.3_282	iHN637.CLJU_RS11610	25.2	246	133	7	25	269	26	221	1.77e-09	57.4
NC_000913.3_282	iAF987.Gmet_2134	26.4	254	136	7	1	252	3	207	4.60e-09	56.2
NC_000913.3_282	iEK1008.Rv0375c	27.1	273	144	11	24	290	14	237	8.15e-09	55.5
NC_000913.3_282	iML1515.b2867	25.7	334	176	12	5	318	6	287	6.57e-08	52.8
NC_000913.3_283	iAF987.Gmet_2135	41.8	158	77	1	63	220	16	158	2.33e-38	130
NC_000913.3_283	iHN637.CLJU_RS11605	42.8	159	76	1	65	223	7	150	4.13e-38	129
NC_000913.3_283	iCN900.CD630_20880	39.3	163	84	2	65	227	6	153	1.20e-34	120
NC_000913.3_283	iJN1463.PP_3947	39.5	162	83	1	63	224	5	151	9.73e-34	118
NC_000913.3_299	iYS854.USA300HOU_RS03105	49.5	440	219	2	1	438	1	439	4.95e-143	415
NC_000913.3_301	iML1515.b0306	100	239	0	0	1	239	1	239	2.16e-174	478
NC_000913.3_301	iSbBS512_1146.SbBS512_E0259	99.2	239	2	0	1	239	1	239	5.09e-173	475
NC_000913.3_301	iSSON_1240.SSON_0318	99.2	239	2	0	1	239	1	239	5.09e-173	475
NC_000913.3_301	iSF_1195.SF0260	98.7	239	3	0	1	239	1	239	7.23e-173	474
NC_000913.3_302	iML1515.b0307	100	475	0	0	1	475	1	475	0.0	957
NC_000913.3_302	iSF_1195.SF0259	99.4	475	3	0	1	475	1	475	0.0	952
NC_000913.3_302	iSSON_1240.SSON_0317	99.4	475	3	0	1	475	1	475	0.0	952
NC_000913.3_302	iSbBS512_1146.SbBS512_E0258	98.3	475	8	0	1	475	1	475	0.0	944
NC_000913.3_303	iML1515.b0308	100	231	0	0	1	231	1	231	1.84e-162	447
NC_000913.3_303	iSbBS512_1146.SbBS512_E0257	99.6	231	1	0	1	231	1	231	4.33e-161	444
NC_000913.3_303	iSF_1195.SF0258	99.1	231	2	0	1	231	50	280	2.09e-159	442
NC_000913.3_303	iSSON_1240.SSON_0316	98.7	231	3	0	1	231	1	231	1.45e-159	440
NC_000913.3_305	iML1515.b0311	100	556	0	0	1	556	1	556	0.0	1160
NC_000913.3_306	iML1515.b0312	100	490	0	0	1	490	1	490	0.0	961
NC_000913.3_306	iYL1228.KPN_00585	89.9	487	49	0	4	490	1	487	0.0	868
NC_000913.3_308	iML1515.b0314	100	677	0	0	1	677	1	677	0.0	1336
NC_000913.3_308	iYL1228.KPN_00587	96.5	677	24	0	1	677	1	677	0.0	1293
NC_000913.3_309	iML1515.b0315	100	362	0	0	1	362	1	362	1.05e-270	732
NC_000913.3_312	iAT_PLT_636.9162	34.5	87	50	2	112	196	958	1039	2.89e-04	40.8
NC_000913.3_312	iMM1415.320127	34.5	87	50	2	112	196	967	1048	3.88e-04	40.4
NC_000913.3_312	iCHOv1.100770430	34.5	87	50	2	112	196	666	747	4.98e-04	40.0
NC_000913.3_314	iYL1228.KPN_00735	29.9	144	93	3	118	257	70	209	2.53e-09	58.2
NC_000913.3_314	iSF_1195.SF0568	29.1	148	97	3	114	257	66	209	2.53e-09	58.2
NC_000913.3_314	iML1515.b0729	29.7	145	94	3	117	257	69	209	3.39e-09	57.8
NC_000913.3_314	iSbBS512_1146.SbBS512_E0648	29.7	145	94	3	117	257	69	209	3.39e-09	57.8
NC_000913.3_314	iSDY_1059.SDY_0667	29.7	145	94	3	117	257	69	209	3.39e-09	57.8
NC_000913.3_314	iSSON_1240.SSON_0680	29.7	145	94	3	117	257	69	209	3.39e-09	57.8
NC_000913.3_314	iYO844.BSU16100	24.4	258	161	9	68	315	39	272	3.72e-08	54.7
NC_000913.3_317	iSSON_1240.SSON_0310	97.8	316	7	0	1	316	1	316	5.24e-225	613
NC_000913.3_318	iYL1228.KPN_00632	24.4	409	270	12	73	454	4	400	3.87e-22	97.8
NC_000913.3_319	iML1515.b0325	100	349	0	0	1	349	1	349	7.87e-264	714
NC_000913.3_321	iML1515.b3823	28.2	206	133	3	7	203	4	203	3.05e-25	97.4
NC_000913.3_321	iSbBS512_1146.SbBS512_E4290	28.2	206	133	3	7	203	4	203	3.05e-25	97.4
NC_000913.3_321	iYL1228.KPN_04318	27.9	201	140	3	7	203	4	203	4.29e-25	97.1
NC_000913.3_321	STM_v1_0.STM3959	28.4	197	127	2	15	203	13	203	1.19e-24	95.9
NC_000913.3_321	iPC815.YPO3832	29.4	201	137	3	7	203	4	203	3.28e-24	94.7
NC_000913.3_324	iML1515.b0331	100	296	0	0	1	296	1	296	2.17e-207	566
NC_000913.3_324	STM_v1_0.STM0368	90.1	294	29	0	1	294	1	294	3.19e-186	513
NC_000913.3_326	iML1515.b0333	100	389	0	0	1	389	1	389	2.66e-289	781
NC_000913.3_326	STM_v1_0.STM0369	96.4	388	14	0	1	388	1	388	1.85e-280	759
NC_000913.3_327	iML1515.b0334	100	483	0	0	1	483	1	483	0.0	964
NC_000913.3_327	STM_v1_0.STM0370	94.4	483	27	0	1	483	1	483	0.0	920
NC_000913.3_328	iML1515.b0335	100	628	0	0	1	628	1	628	0.0	1277
NC_000913.3_328	STM_v1_0.STM0371	89.8	628	64	0	1	628	1	628	0.0	1165
NC_000913.3_329	iML1515.b0336	100	419	0	0	1	419	1	419	5.71e-297	803
NC_000913.3_330	iML1515.b0337	100	427	0	0	1	427	1	427	0.0	867
NC_000913.3_332	iML1515.b0339	100	219	0	0	1	219	1	219	1.76e-145	404
NC_000913.3_333	iML1515.b0340	100	156	0	0	1	156	1	156	3.73e-107	301
NC_000913.3_334	iML1515.b0341	100	384	0	0	10	393	1	384	1.02e-270	734
NC_000913.3_335	iYL1228.KPN_00440	43.4	175	98	1	11	185	10	183	1.18e-49	159
NC_000913.3_335	iCN900.CD630_08720	40.5	185	110	0	3	187	1	185	5.86e-44	144
NC_000913.3_335	iYO844.BSU40850	40.8	179	105	1	7	185	7	184	1.61e-43	143
NC_000913.3_336	iML1515.b0343	100	417	0	0	1	417	1	417	2.70e-294	796
NC_000913.3_337	iML1515.b0344	100	1024	0	0	1	1024	1	1024	0.0	2155
NC_000913.3_337	iSSON_1240.SSON_0299	97.9	1024	22	0	1	1024	1	1024	0.0	2107
NC_000913.3_337	iSDY_1059.SDY_0378	96.7	964	32	0	61	1024	6	969	0.0	1961
NC_000913.3_338	iYO844.BSU35960	24.5	277	195	9	62	330	35	305	3.59e-10	60.1
NC_000913.3_338	iML1515.b3751	23.7	249	178	6	90	330	52	296	1.52e-08	55.1
NC_000913.3_338	iYL1228.KPN_04156	23.5	251	176	8	90	330	52	296	1.52e-08	55.1
NC_000913.3_340	iML1515.b0347	100	554	0	0	1	554	1	554	0.0	1126
NC_000913.3_340	iSSON_1240.SSON_0297	98.6	554	8	0	1	554	1	554	0.0	1114
NC_000913.3_341	iML1515.b0348	100	314	0	0	1	314	1	314	1.25e-231	629
NC_000913.3_341	iSSON_1240.SSON_0295	100	314	0	0	1	314	1	314	1.25e-231	629
NC_000913.3_342	iML1515.b0349	100	288	0	0	1	288	1	288	1.75e-218	594
NC_000913.3_342	iYL1228.KPN_02120	89.2	287	31	0	1	287	1	287	7.78e-197	539
NC_000913.3_343	iML1515.b0350	100	269	0	0	1	269	1	269	1.72e-195	534
NC_000913.3_343	iSSON_1240.SSON_0329	98.5	269	4	0	1	269	3	271	2.07e-192	526
NC_000913.3_344	iML1515.b0351	100	316	0	0	1	316	1	316	4.81e-221	603
NC_000913.3_344	iSSON_1240.SSON_0330	100	316	0	0	1	316	1	316	4.81e-221	603
NC_000913.3_345	iML1515.b0352	100	337	0	0	1	337	1	337	8.61e-246	667
NC_000913.3_345	iSSON_1240.SSON_0331	99.1	337	3	0	1	337	1	337	1.17e-243	662
NC_000913.3_346	iML1515.b0353	100	403	0	0	1	403	1	403	2.05e-275	748
NC_000913.3_346	iSSON_1240.SSON_0332	99.3	403	3	0	1	403	16	418	9.89e-273	741
NC_000913.3_348	iML1515.b0355	100	277	0	0	1	277	1	277	1.55e-211	575
NC_000913.3_348	iSSON_1240.SSON_0334	97.8	277	6	0	1	277	1	277	2.03e-207	565
NC_000913.3_349	iML1515.b0356	100	369	0	0	1	369	1	369	2.92e-276	747
NC_000913.3_349	iSbBS512_1146.SbBS512_E0271	99.5	369	2	0	1	369	1	369	9.76e-275	743
NC_000913.3_349	iSSON_1240.SSON_0335	99.5	369	2	0	1	369	1	369	9.76e-275	743
NC_000913.3_352	iCN900.CD630_35150	24.6	130	81	2	12	141	327	439	3.89e-05	42.0
NC_000913.3_352	iNF517.LLMG_RS10360	32.8	58	39	0	12	69	328	385	4.43e-04	38.9
NC_000913.3_355	iYS854.USA300HOU_RS14480	29.7	249	162	9	20	260	34	277	5.74e-18	84.7
NC_000913.3_358	iML1515.b0365	100	320	0	0	1	320	1	320	2.60e-227	619
NC_000913.3_358	iSSON_1240.SSON_0343	99.4	320	2	0	1	320	20	339	8.74e-226	616
NC_000913.3_358	iSDY_1059.SDY_0505	99.4	320	2	0	1	320	1	320	6.12e-226	615
NC_000913.3_358	iSbBS512_1146.SbBS512_E0278	98.4	320	5	0	1	320	1	320	8.33e-224	610
NC_000913.3_358	iSF_1195.SF0253	98.7	298	4	0	23	320	1	298	3.32e-211	577
NC_000913.3_359	iML1515.b0366	100	255	0	0	1	255	1	255	3.06e-182	499
NC_000913.3_359	iSSON_1240.SSON_0344	100	255	0	0	1	255	1	255	3.06e-182	499
NC_000913.3_359	iSbBS512_1146.SbBS512_E0279	99.2	255	2	0	1	255	1	255	5.07e-181	496
NC_000913.3_359	iSDY_1059.SDY_0504	99.2	255	2	0	1	255	1	255	8.41e-180	493
NC_000913.3_359	iSF_1195.SF0252	99.2	255	2	0	1	255	1	255	8.41e-180	493
NC_000913.3_360	iML1515.b0367	100	275	0	0	1	275	1	275	3.27e-187	514
NC_000913.3_360	iSF_1195.SF0251	97.1	275	8	0	1	275	1	275	7.07e-182	500
NC_000913.3_360	iSSON_1240.SSON_0345	96.7	275	9	0	1	275	1	275	2.88e-181	499
NC_000913.3_360	iSbBS512_1146.SbBS512_E0280	96.7	275	9	0	1	275	1	275	1.17e-180	497
NC_000913.3_360	iSDY_1059.SDY_0503	93.1	275	19	0	1	275	1	275	3.28e-171	473
NC_000913.3_360	iYL1228.KPN_00313	89.8	275	28	0	1	275	1	275	1.28e-168	467
NC_000913.3_361	iML1515.b0368	100	283	0	0	1	283	1	283	1.81e-213	581
NC_000913.3_361	iSSON_1240.SSON_0346	99.3	283	2	0	1	283	1	283	6.07e-212	577
NC_000913.3_361	iSDY_1059.SDY_0502	99.3	283	2	0	1	283	1	283	1.22e-211	576
NC_000913.3_361	iSF_1195.SF0250	99.3	283	2	0	1	283	1	283	1.22e-211	576
NC_000913.3_361	iYL1228.KPN_00314	90.5	283	27	0	1	283	1	283	1.77e-195	535
NC_000913.3_362	iML1515.b0369	100	324	0	0	1	324	1	324	1.29e-229	625
NC_000913.3_362	iSbBS512_1146.SbBS512_E0284	100	324	0	0	1	324	1	324	1.29e-229	625
NC_000913.3_362	iSDY_1059.SDY_0501	100	324	0	0	1	324	12	335	1.95e-229	625
NC_000913.3_362	iSF_1195.SF0249	100	324	0	0	1	324	12	335	1.95e-229	625
NC_000913.3_362	iSSON_1240.SSON_0347	100	324	0	0	1	324	12	335	1.95e-229	625
NC_000913.3_362	STM_v1_0.STM0372	93.8	324	20	0	1	324	1	324	8.56e-219	598
NC_000913.3_362	iYL1228.KPN_00316	91.7	324	27	0	1	324	1	324	1.07e-212	582
NC_000913.3_368	iML1515.b0376	100	385	0	0	1	385	1	385	1.41e-282	764
NC_000913.3_370	iEK1008.Rv1819c	21.7	323	210	7	79	363	61	378	1.64e-04	43.5
NC_000913.3_374	iML1515.b0381	100	364	0	0	1	364	1	364	5.35e-265	718
NC_000913.3_374	iSF_1195.SF0232	100	364	0	0	1	364	1	364	5.35e-265	718
NC_000913.3_374	iSbBS512_1146.SbBS512_E0298	99.7	364	1	0	1	364	1	364	4.39e-264	716
NC_000913.3_374	iSSON_1240.SSON_0356	99.5	364	2	0	1	364	1	364	1.26e-263	714
NC_000913.3_374	iSDY_1059.SDY_0365	99.2	364	3	0	1	364	1	364	3.61e-263	713
NC_000913.3_374	STM_v1_0.STM0380	89.8	364	37	0	1	364	1	364	3.05e-239	653
NC_000913.3_376	iML1515.b0383	100	471	0	0	1	471	1	471	0.0	919
NC_000913.3_376	iSSON_1240.SSON_0358	99.1	470	4	0	2	471	25	494	0.0	912
NC_000913.3_376	iSF_1195.SF0230	99.1	470	4	0	2	471	25	494	0.0	909
NC_000913.3_378	iSDY_1059.SDY_0358	99.5	371	2	0	1	371	1	371	6.07e-270	731
NC_000913.3_378	iSbBS512_1146.SbBS512_E0302	98.1	371	2	1	1	371	1	366	7.33e-263	713
NC_000913.3_379	iML1515.b0386	100	269	0	0	1	269	1	269	4.86e-186	510
NC_000913.3_379	iSF_1195.SF0322	100	269	0	0	1	269	1	269	4.86e-186	510
NC_000913.3_379	iSSON_1240.SSON_0362	99.6	269	1	0	1	269	1	269	3.99e-185	508
NC_000913.3_379	iSbBS512_1146.SbBS512_E0303	99.3	269	2	0	1	269	1	269	2.31e-184	506
NC_000913.3_379	iSDY_1059.SDY_0356	99.3	269	2	0	1	269	1	269	2.31e-184	506
NC_000913.3_379	STM_v1_0.STM0386	95.2	269	13	0	1	269	1	269	3.51e-179	493
NC_000913.3_379	iYL1228.KPN_00329	90.0	269	27	0	1	269	3	271	1.75e-168	466
NC_000913.3_381	iML1515.b0388	100	174	0	0	1	174	1	174	1.16e-121	340
NC_000913.3_381	iSSON_1240.SSON_0364	100	174	0	0	1	174	1	174	1.16e-121	340
NC_000913.3_381	iSDY_1059.SDY_0355	99.4	174	1	0	1	174	1	174	9.56e-121	337
NC_000913.3_381	iSbBS512_1146.SbBS512_E0305	99.4	174	1	0	1	174	1	174	1.93e-120	337
NC_000913.3_381	iSF_1195.SF0324	99.4	174	1	0	1	174	1	174	1.93e-120	337
NC_000913.3_387	iML1515.b0394	100	302	0	0	1	302	1	302	8.38e-224	608
NC_000913.3_387	iSSON_1240.SSON_0371	99.0	302	3	0	1	302	47	348	1.27e-220	602
NC_000913.3_387	iSDY_1059.SDY_0345	99.0	302	3	0	1	302	47	348	2.56e-220	602
NC_000913.3_387	iSF_1195.SF0330	98.3	302	5	0	1	302	47	348	2.10e-219	599
NC_000913.3_388	iJN1463.PP_2647	28.2	294	208	2	33	324	26	318	2.93e-27	112
NC_000913.3_388	iYL1228.KPN_01628	24.1	278	211	0	33	310	15	292	1.10e-25	107
NC_000913.3_388	iSF_1195.SF1566	26.3	278	204	1	33	309	15	292	9.33e-26	107
NC_000913.3_388	iML1515.b1528	26.3	278	204	1	33	309	15	292	1.98e-25	106
NC_000913.3_388	iSbBS512_1146.SbBS512_E1677	26.3	278	204	1	33	309	15	292	1.98e-25	106
NC_000913.3_388	iSSON_1240.SSON_1600	26.3	278	204	1	33	309	15	292	1.98e-25	106
NC_000913.3_388	STM_v1_0.STM1522	23.4	278	213	0	33	310	15	292	6.84e-25	105
NC_000913.3_391	iAF987.Gmet_1706	32.0	150	97	2	4	153	2	146	1.03e-18	82.8
NC_000913.3_392	iAF987.Gmet_0043	26.4	235	150	6	204	423	41	267	9.69e-15	75.9
NC_000913.3_393	iML1515.b0401	100	439	0	0	1	439	1	439	2.04e-307	832
NC_000913.3_393	iSbBS512_1146.SbBS512_E0320	100	439	0	0	1	439	1	439	2.04e-307	832
NC_000913.3_393	iSDY_1059.SDY_0336	100	439	0	0	1	439	1	439	2.04e-307	832
NC_000913.3_393	iSSON_1240.SSON_0378	100	439	0	0	1	439	1	439	2.04e-307	832
NC_000913.3_393	iSF_1195.SF0338	99.5	439	2	0	1	439	1	439	1.37e-305	827
NC_000913.3_393	STM_v1_0.STM0399	94.8	439	23	0	1	439	1	439	1.29e-294	799
NC_000913.3_393	iYL1228.KPN_00342	89.7	439	45	0	1	439	1	439	1.63e-281	766
NC_000913.3_394	iML1515.b0402	100	457	0	0	1	457	1	457	0.0	895
NC_000913.3_395	iML1515.b0403	100	604	0	0	2	605	1	604	0.0	1280
NC_000913.3_395	iSF_1195.SF0340	98.8	605	7	0	1	605	1	605	0.0	1263
NC_000913.3_395	iSSON_1240.SSON_0380	98.7	605	8	0	1	605	1	605	0.0	1261
NC_000913.3_396	iML1515.b0404	100	193	0	0	1	193	1	193	7.16e-148	407
NC_000913.3_396	iSSON_1240.SSON_0381	99.5	193	1	0	1	193	1	193	4.14e-147	405
NC_000913.3_396	iSbBS512_1146.SbBS512_E0323	96.9	193	6	0	1	193	1	193	9.39e-144	397
NC_000913.3_397	iJN1463.PP_0832	72.0	347	90	3	1	347	1	340	5.89e-171	479
NC_000913.3_398	iJN1463.PP_0833	69.2	373	113	1	1	373	1	371	8.34e-200	554
NC_000913.3_403	iML1515.b0411	100	294	0	0	1	294	1	294	7.82e-234	633
NC_000913.3_403	iSDY_1059.SDY_0323	100	294	0	0	1	294	1	294	7.82e-234	633
NC_000913.3_403	iSF_1195.SF0348	100	294	0	0	1	294	1	294	7.82e-234	633
NC_000913.3_403	iSSON_1240.SSON_0388	99.7	294	1	0	1	294	1	294	9.13e-233	630
NC_000913.3_403	iSbBS512_1146.SbBS512_E0332	99.3	294	2	0	1	294	1	294	1.30e-232	630
NC_000913.3_406	iML1515.b0414	100	367	0	0	1	367	1	367	9.74e-274	740
NC_000913.3_406	iSbBS512_1146.SbBS512_E0335	98.9	367	4	0	1	367	1	367	5.40e-271	733
NC_000913.3_406	iSDY_1059.SDY_0320	98.4	367	6	0	1	367	1	367	8.96e-270	730
NC_000913.3_406	iSSON_1240.SSON_0391	98.4	367	6	0	1	367	1	367	1.81e-269	729
NC_000913.3_406	iSF_1195.SF0351	98.1	367	7	0	1	367	1	367	3.65e-269	729
NC_000913.3_406	STM_v1_0.STM0416	89.6	367	38	0	1	367	1	367	5.59e-248	675
NC_000913.3_407	iML1515.b0415	100	156	0	0	1	156	1	156	1.70e-103	292
NC_000913.3_407	iYL1228.KPN_00367	100	156	0	0	1	156	1	156	1.70e-103	292
NC_000913.3_407	iSbBS512_1146.SbBS512_E0336	100	156	0	0	1	156	1	156	1.70e-103	292
NC_000913.3_407	iSDY_1059.SDY_0319	100	156	0	0	1	156	1	156	1.70e-103	292
NC_000913.3_407	iSF_1195.SF0352	100	156	0	0	1	156	1	156	1.70e-103	292
NC_000913.3_407	iSSON_1240.SSON_0392	100	156	0	0	1	156	1	156	1.70e-103	292
NC_000913.3_407	STM_v1_0.STM0417	91.0	156	14	0	1	156	1	156	4.83e-94	268
NC_000913.3_409	iML1515.b0417	100	325	0	0	1	325	1	325	2.66e-243	660
NC_000913.3_409	iSbBS512_1146.SbBS512_E0338	100	325	0	0	1	325	1	325	2.66e-243	660
NC_000913.3_409	iSSON_1240.SSON_0394	99.7	325	1	0	1	325	1	325	1.08e-242	658
NC_000913.3_409	iSF_1195.SF0354	99.4	325	2	0	1	325	1	325	4.41e-242	657
NC_000913.3_409	iSDY_1059.SDY_0317	99.1	325	3	0	1	325	1	325	5.15e-241	654
NC_000913.3_410	iML1515.b0418	100	172	0	0	1	172	1	172	1.87e-135	374
NC_000913.3_410	iSbBS512_1146.SbBS512_E0339	100	172	0	0	1	172	1	172	1.87e-135	374
NC_000913.3_410	iSSON_1240.SSON_0395	100	172	0	0	1	172	1	172	1.87e-135	374
NC_000913.3_410	iSF_1195.SF0355	98.8	172	2	0	1	172	1	172	1.27e-133	370
NC_000913.3_410	iSDY_1059.SDY_0316	98.8	171	2	0	1	171	1	171	2.47e-133	369
NC_000913.3_410	STM_v1_0.STM0420	95.3	171	8	0	1	171	1	171	3.94e-130	361
NC_000913.3_411	iYO844.BSU39780	33.1	317	196	7	1	312	1	306	1.18e-45	157
NC_000913.3_411	iSF_1195.SF3047	35.8	327	185	12	1	312	13	329	7.76e-45	155
NC_000913.3_411	iSSON_1240.SSON_3145	35.8	327	185	12	1	312	13	329	7.76e-45	155
NC_000913.3_411	iSbBS512_1146.SbBS512_E3430	35.8	327	185	12	1	312	13	329	2.14e-44	154
NC_000913.3_411	iML1515.b3001	35.2	327	187	12	1	312	13	329	5.89e-44	153
NC_000913.3_412	iML1515.b0420	100	620	0	0	1	620	1	620	0.0	1242
NC_000913.3_412	iSbBS512_1146.SbBS512_E0341	99.8	620	1	0	1	620	1	620	0.0	1241
NC_000913.3_412	iSSON_1240.SSON_0397	99.5	620	3	0	1	620	1	620	0.0	1239
NC_000913.3_412	iSDY_1059.SDY_0310	99.5	620	3	0	1	620	1	620	0.0	1238
NC_000913.3_412	iSF_1195.SF0357	99.4	620	4	0	1	620	1	620	0.0	1236
NC_000913.3_412	STM_v1_0.STM0422	96.3	620	23	0	1	620	1	620	0.0	1209
NC_000913.3_412	iYL1228.KPN_00372	91.0	620	56	0	1	620	1	620	0.0	1155
NC_000913.3_413	iML1515.b0421	100	299	0	0	1	299	1	299	7.33e-212	578
NC_000913.3_413	iSbBS512_1146.SbBS512_E0342	100	299	0	0	1	299	1	299	7.33e-212	578
NC_000913.3_413	iSDY_1059.SDY_0309	100	299	0	0	1	299	1	299	7.33e-212	578
NC_000913.3_413	iSSON_1240.SSON_0398	100	299	0	0	1	299	1	299	7.33e-212	578
NC_000913.3_413	iSF_1195.SF0358	99.3	299	2	0	1	299	1	299	1.22e-210	575
NC_000913.3_413	STM_v1_0.STM0423	90.3	299	29	0	1	299	1	299	3.91e-191	526
NC_000913.3_415	iML1515.b0423	100	482	0	0	1	482	1	482	0.0	952
NC_000913.3_415	iSSON_1240.SSON_0400	99.4	482	3	0	1	482	1	482	0.0	948
NC_000913.3_415	iSDY_1059.SDY_0307	98.8	482	6	0	1	482	1	482	0.0	941
NC_000913.3_415	STM_v1_0.STM0425	96.5	482	17	0	1	482	1	482	0.0	930
NC_000913.3_415	iYL1228.KPN_00375	91.9	482	39	0	1	482	1	482	0.0	887
NC_000913.3_415	iSF_1195.SF0360	98.9	451	3	1	1	449	1	451	0.0	872
NC_000913.3_416	iPC815.YPO3172	74.0	196	51	0	1	196	1	196	2.63e-99	285
NC_000913.3_417	iML1515.b0425	100	303	0	0	1	303	1	303	5.69e-227	617
NC_000913.3_417	iSF_1195.SF0362	100	303	0	0	1	303	1	303	5.69e-227	617
NC_000913.3_417	iSSON_1240.SSON_0402	100	303	0	0	1	303	1	303	5.69e-227	617
NC_000913.3_417	iSDY_1059.SDY_0305	99.7	303	1	0	1	303	1	303	2.32e-226	615
NC_000913.3_417	iSbBS512_1146.SbBS512_E0347	99.7	303	1	0	1	303	1	303	6.64e-226	614
NC_000913.3_417	STM_v1_0.STM0434	87.5	303	38	0	1	303	1	303	2.41e-203	557
NC_000913.3_419	iYO844.BSU26590	22.7	344	250	9	26	359	24	361	2.00e-09	58.9
NC_000913.3_419	iYO844.BSU03070	31.4	105	70	1	68	170	67	171	1.03e-08	57.0
NC_000913.3_420	iML1515.b0428	100	296	0	0	1	296	1	296	5.81e-212	578
NC_000913.3_420	iSbBS512_1146.SbBS512_E0350	99.7	296	1	0	1	296	1	296	2.37e-211	577
NC_000913.3_420	iSSON_1240.SSON_0411	99.7	296	1	0	1	296	1	296	2.37e-211	577
NC_000913.3_420	iSF_1195.SF0369	99.7	295	1	0	2	296	1	295	3.78e-210	573
NC_000913.3_420	STM_v1_0.STM0439	95.9	296	12	0	1	296	1	296	1.20e-204	560
NC_000913.3_420	iYL1228.KPN_00390	95.2	294	14	0	2	295	1	294	6.43e-202	553
NC_000913.3_421	iML1515.b0429	100	109	0	0	1	109	1	109	4.72e-74	214
NC_000913.3_421	iSSON_1240.SSON_0412	100	109	0	0	1	109	1	109	4.72e-74	214
NC_000913.3_421	iSbBS512_1146.SbBS512_E0351	99.1	109	1	0	1	109	1	109	3.88e-73	212
NC_000913.3_421	STM_v1_0.STM0440	93.6	109	7	0	1	109	1	109	2.16e-70	205
NC_000913.3_422	iML1515.b0430	100	204	0	0	1	204	1	204	8.95e-152	418
NC_000913.3_422	iSSON_1240.SSON_0413	100	204	0	0	1	204	1	204	8.95e-152	418
NC_000913.3_422	iSbBS512_1146.SbBS512_E0352	99.5	204	1	0	1	204	1	204	8.59e-150	413
NC_000913.3_422	STM_v1_0.STM0441	96.1	204	8	0	1	204	1	204	9.64e-147	405
NC_000913.3_422	iYL1228.KPN_00392	90.7	204	18	1	1	204	1	203	3.21e-138	384
NC_000913.3_423	iML1515.b0431	100	663	0	0	1	663	1	663	0.0	1338
NC_000913.3_423	iSSON_1240.SSON_0414	100	663	0	0	1	663	1	663	0.0	1338
NC_000913.3_423	iSbBS512_1146.SbBS512_E0353	99.7	663	2	0	1	663	1	663	0.0	1333
NC_000913.3_423	STM_v1_0.STM0442	95.8	663	28	0	1	663	1	663	0.0	1296
NC_000913.3_423	iYL1228.KPN_00393	92.2	663	52	0	1	663	1	663	0.0	1264
NC_000913.3_424	iML1515.b0432	100	315	0	0	1	315	1	315	9.50e-232	630
NC_000913.3_424	iSSON_1240.SSON_0415	99.7	315	1	0	1	315	1	315	5.49e-231	628
NC_000913.3_424	iSbBS512_1146.SbBS512_E0354	99.4	315	2	0	1	315	1	315	4.51e-230	625
NC_000913.3_424	STM_v1_0.STM0443	96.2	314	12	0	1	314	1	314	3.00e-222	606
NC_000913.3_425	iML1515.b0433	100	491	0	0	1	491	1	491	0.0	952
NC_000913.3_425	iSDY_1059.SDY_0300	99.8	491	1	0	1	491	1	491	0.0	951
NC_000913.3_425	iSbBS512_1146.SbBS512_E0355	99.8	491	1	0	1	491	1	491	0.0	951
NC_000913.3_425	iSF_1195.SF0377	99.8	491	1	0	1	491	1	491	0.0	951
NC_000913.3_425	iSSON_1240.SSON_0416	99.6	491	2	0	1	491	1	491	0.0	949
NC_000913.3_425	STM_v1_0.STM0444	91.0	490	44	0	1	490	1	490	0.0	868
NC_000913.3_430	iAT_PLT_636.4905	34.0	106	61	5	115	214	256	358	4.22e-04	42.4
NC_000913.3_430	iMM1415.18195	34.0	106	61	5	115	214	256	358	4.22e-04	42.4
NC_000913.3_435	iSbBS512_1146.SbBS512_E0658	31.0	113	76	2	18	129	23	134	1.28e-09	52.4
NC_000913.3_435	iSF_1195.SF0561	31.0	113	76	2	18	129	23	134	1.28e-09	52.4
NC_000913.3_435	iSSON_1240.SSON_0688	31.0	113	76	2	18	129	23	134	1.28e-09	52.4
NC_000913.3_436	iML1515.b0444	100	231	0	0	1	231	1	231	1.12e-172	473
NC_000913.3_436	iSbBS512_1146.SbBS512_E0367	99.6	231	1	0	1	231	1	231	9.19e-172	471
NC_000913.3_436	iSF_1195.SF0389	99.6	231	1	0	1	231	1	231	9.19e-172	471
NC_000913.3_436	iSSON_1240.SSON_0432	99.6	231	1	0	1	231	1	231	9.19e-172	471
NC_000913.3_436	iSDY_1059.SDY_0286	98.7	231	3	0	1	231	1	231	3.08e-170	467
NC_000913.3_437	iJN1463.PP_0884	19.9	487	300	20	148	557	52	525	2.52e-04	43.5
NC_000913.3_438	iML1515.b0446	100	272	0	0	1	272	1	272	5.60e-207	563
NC_000913.3_438	iSbBS512_1146.SbBS512_E0369	99.6	272	1	0	1	272	1	272	6.54e-206	561
NC_000913.3_438	iSSON_1240.SSON_0434	99.6	272	1	0	1	272	5	276	7.58e-206	561
NC_000913.3_438	iSF_1195.SF0391	98.2	272	5	0	1	272	5	276	8.49e-203	553
NC_000913.3_440	iJN1463.PP_4935	33.4	485	311	5	85	564	108	585	6.15e-75	249
NC_000913.3_440	iAF987.Gmet_2349	30.1	535	364	6	43	571	39	569	4.58e-73	244
NC_000913.3_440	STM_v1_0.STM0984	32.7	468	309	3	107	571	115	579	2.40e-69	234
NC_000913.3_440	iYL1228.KPN_00941	32.5	468	310	3	107	571	115	579	3.34e-69	234
NC_000913.3_440	iPC815.YPO1395	33.3	468	306	3	107	571	115	579	3.34e-69	234
NC_000913.3_440	iML1515.b0914	32.3	468	311	3	107	571	115	579	4.66e-69	233
NC_000913.3_440	iSbBS512_1146.SbBS512_E2410	32.3	468	311	3	107	571	115	579	4.66e-69	233
NC_000913.3_440	iSDY_1059.SDY_2344	32.3	468	311	3	107	571	115	579	4.66e-69	233
NC_000913.3_440	iSF_1195.SF0910	32.1	468	312	3	107	571	115	579	1.26e-68	232
NC_000913.3_440	iSSON_1240.SSON_0916	32.1	468	312	3	107	571	115	579	1.76e-68	232
NC_000913.3_440	iJN1463.PP_3466	33.1	472	301	5	85	548	93	557	1.89e-67	229
NC_000913.3_441	iPC815.YPO3144	78.9	583	123	0	1	583	1	583	0.0	880
NC_000913.3_443	iML1515.b0451	100	428	0	0	1	428	1	428	5.97e-299	809
NC_000913.3_443	iSSON_1240.SSON_0439	100	428	0	0	1	428	1	428	5.97e-299	809
NC_000913.3_443	iSF_1195.SF0396	99.8	428	1	0	1	428	1	428	2.43e-298	808
NC_000913.3_443	iSbBS512_1146.SbBS512_E0378	99.3	428	3	0	1	428	1	428	8.11e-297	804
NC_000913.3_443	iSDY_1059.SDY_0388	98.6	428	6	0	1	428	1	428	1.15e-296	803
NC_000913.3_443	iYL1228.KPN_00414	87.9	428	52	0	1	428	6	433	3.47e-274	747
NC_000913.3_444	iML1515.b0452	100	286	0	0	1	286	1	286	2.29e-213	581
NC_000913.3_444	iSSON_1240.SSON_0440	100	286	0	0	1	286	1	286	2.29e-213	581
NC_000913.3_444	iSF_1195.SF0397	99.7	286	1	0	1	286	1	286	5.39e-212	577
NC_000913.3_444	iSbBS512_1146.SbBS512_E0379	99.3	286	2	0	1	286	1	286	1.09e-211	577
NC_000913.3_444	iSDY_1059.SDY_0389	99.0	286	3	0	1	286	1	286	8.94e-211	574
NC_000913.3_444	STM_v1_0.STM0464	92.0	286	23	0	1	286	1	286	8.11e-198	541
NC_000913.3_444	iYL1228.KPN_00415	88.5	286	33	0	1	286	1	286	1.34e-194	533
NC_000913.3_448	iPC815.YPO3996	34.5	252	154	4	268	508	465	716	6.55e-42	159
NC_000913.3_448	iJN1463.PP_1144	35.3	232	144	3	279	504	473	704	1.17e-40	155
NC_000913.3_448	iJN1463.PP_0914	34.0	256	163	3	265	514	429	684	2.07e-40	154
NC_000913.3_448	iAF987.Gmet_0782	34.4	241	152	3	275	509	481	721	9.27e-37	144
NC_000913.3_450	iML1515.b0459	100	183	0	0	1	183	1	183	5.65e-122	341
NC_000913.3_450	iSDY_1059.SDY_0460	100	183	0	0	1	183	1	183	5.65e-122	341
NC_000913.3_450	iSSON_1240.SSON_0446	100	183	0	0	1	183	1	183	5.65e-122	341
NC_000913.3_450	iSbBS512_1146.SbBS512_E0391	97.3	183	5	0	1	183	1	183	1.49e-117	330
NC_000913.3_453	iML1515.b0462	100	1049	0	0	1	1049	1	1049	0.0	1980
NC_000913.3_454	iML1515.b0463	100	397	0	0	1	397	1	397	5.24e-275	746
NC_000913.3_454	iSSON_1240.SSON_0450	99.7	397	1	0	1	397	1	397	1.50e-274	745
NC_000913.3_454	iSF_1195.SF0408	99.5	397	2	0	1	397	1	397	2.49e-273	742
NC_000913.3_454	iSDY_1059.SDY_0456	99.5	397	2	0	1	397	1	397	5.02e-273	741
NC_000913.3_456	iML1515.b0465	100	1120	0	0	1	1120	1	1120	0.0	2074
NC_000913.3_460	iML1515.b0469	100	183	0	0	1	183	1	183	1.15e-130	363
NC_000913.3_460	iSbBS512_1146.SbBS512_E0401	100	183	0	0	1	183	1	183	1.15e-130	363
NC_000913.3_460	iSDY_1059.SDY_0450	100	183	0	0	1	183	1	183	1.15e-130	363
NC_000913.3_460	iSSON_1240.SSON_0456	100	183	0	0	1	183	1	183	1.15e-130	363
NC_000913.3_460	iSF_1195.SF0414	99.5	183	1	0	1	183	1	183	6.66e-130	361
NC_000913.3_460	STM_v1_0.STM0483	95.1	183	9	0	1	183	1	183	2.05e-124	347
NC_000913.3_460	iYL1228.KPN_00451	92.3	183	14	0	1	183	1	183	3.82e-120	337
NC_000913.3_464	iCHOv1.100754792	38.0	684	346	14	5	622	365	1036	4.76e-136	424
NC_000913.3_465	iML1515.b0474	100	214	0	0	1	214	1	214	1.65e-152	421
NC_000913.3_465	iSbBS512_1146.SbBS512_E0406	100	214	0	0	1	214	1	214	1.65e-152	421
NC_000913.3_465	iSDY_1059.SDY_0445	99.5	214	1	0	1	214	1	214	1.93e-151	418
NC_000913.3_465	iSF_1195.SF0419	99.5	214	1	0	1	214	1	214	2.74e-151	418
NC_000913.3_465	iSSON_1240.SSON_0461	99.1	214	2	0	1	214	1	214	2.25e-150	416
NC_000913.3_465	iYL1228.KPN_00456	96.3	214	8	0	1	214	1	214	5.09e-147	407
NC_000913.3_465	STM_v1_0.STM0488	96.3	214	8	0	1	214	1	214	2.42e-145	403
NC_000913.3_466	iML1515.b0475	100	320	0	0	1	320	1	320	1.36e-238	647
NC_000913.3_466	iSDY_1059.SDY_0444	99.4	320	2	0	1	320	1	320	3.21e-237	644
NC_000913.3_466	iSSON_1240.SSON_0462	99.4	320	2	0	1	320	1	320	9.19e-237	643
NC_000913.3_466	iSbBS512_1146.SbBS512_E0408	99.1	320	3	0	1	320	1	320	1.52e-235	640
NC_000913.3_466	iSF_1195.SF0420	98.4	320	5	0	1	320	1	320	4.37e-235	639
NC_000913.3_467	iEK1008.Rv2970c	32.2	239	153	7	65	296	114	350	2.01e-25	104
NC_000913.3_467	iEK1008.Rv1400c	28.6	262	178	4	56	311	52	310	9.05e-26	104
NC_000913.3_467	iEK1008.Rv1399c	31.1	235	153	5	82	311	79	309	3.85e-22	94.4
NC_000913.3_468	iML1515.b0477	100	434	0	0	1	434	1	434	0.0	885
NC_000913.3_468	iSbBS512_1146.SbBS512_E0409	100	434	0	0	1	434	1	434	0.0	885
NC_000913.3_468	iSSON_1240.SSON_0464	100	434	0	0	1	434	1	434	0.0	885
NC_000913.3_468	iSDY_1059.SDY_0442	99.5	434	2	0	1	434	1	434	0.0	880
NC_000913.3_468	iSF_1195.SF0422	99.3	434	3	0	1	434	1	434	0.0	879
NC_000913.3_468	STM_v1_0.STM0491	94.2	434	25	0	1	434	1	434	6.12e-311	840
NC_000913.3_468	iYL1228.KPN_00458	89.9	434	44	0	1	434	1	434	1.58e-297	806
NC_000913.3_469	iPC815.YPO3094	79.7	548	111	0	1	548	1	548	4.47e-294	808
NC_000913.3_470	iAF987.Gmet_0333	24.5	363	236	13	61	399	68	416	7.32e-09	57.0
NC_000913.3_471	iML1515.b0480	100	550	0	0	1	550	1	550	0.0	1107
NC_000913.3_471	iSF_1195.SF0425	99.6	550	2	0	1	550	1	550	0.0	1102
NC_000913.3_471	iSSON_1240.SSON_0469	99.6	550	2	0	1	550	1	550	0.0	1100
NC_000913.3_471	iSbBS512_1146.SbBS512_E0415	99.1	550	5	0	1	550	1	550	0.0	1099
NC_000913.3_471	iSDY_1059.SDY_0438	98.7	550	7	0	1	550	1	550	0.0	1095
NC_000913.3_471	STM_v1_0.STM0494	87.6	549	68	0	1	549	1	549	0.0	998
NC_000913.3_475	iML1515.b0484	100	834	0	0	1	834	1	834	0.0	1560
NC_000913.3_475	iSSON_1240.SSON_0473	98.9	834	9	0	1	834	1	834	0.0	1545
NC_000913.3_475	iSF_1195.SF0429	98.7	834	11	0	1	834	1	834	0.0	1541
NC_000913.3_475	iSbBS512_1146.SbBS512_E0419	98.4	834	13	0	1	834	1	834	0.0	1536
NC_000913.3_475	iSDY_1059.SDY_0434	98.4	834	13	0	1	834	1	834	0.0	1536
NC_000913.3_475	STM_v1_0.STM0498	93.0	833	57	1	1	833	1	832	0.0	1455
NC_000913.3_476	iML1515.b0485	100	310	0	0	1	310	1	310	3.28e-225	613
NC_000913.3_476	iSSON_1240.SSON_0474	99.0	310	3	0	1	310	1	310	3.83e-224	610
NC_000913.3_476	iSbBS512_1146.SbBS512_E0420	98.4	310	5	0	1	310	1	310	1.56e-223	608
NC_000913.3_476	iSF_1195.SF0430	98.7	310	4	0	1	310	1	310	1.56e-223	608
NC_000913.3_477	iEK1008.Rv2320c	26.1	387	254	7	11	372	33	412	2.38e-18	86.7
NC_000913.3_477	iHN637.CLJU_RS02325	27.3	322	216	4	11	319	23	339	7.35e-18	85.1
NC_000913.3_477	iHN637.CLJU_RS02330	25.3	312	215	3	17	315	29	335	5.73e-16	79.3
NC_000913.3_477	iHN637.CLJU_RS10530	24.8	331	231	4	11	328	23	348	7.60e-16	79.0
NC_000913.3_478	iSynCJ816.SGL_RS16080	35.5	62	40	0	11	72	18	79	4.45e-06	44.3
NC_000913.3_481	iCN718.ABAYE_RS05140	35.5	214	121	5	8	210	3	210	1.58e-30	115
NC_000913.3_481	iCN900.CD630_10240	33.2	223	138	7	1	219	1	216	5.43e-30	113
NC_000913.3_481	iJN1463.PP_5168	33.8	210	130	4	8	210	3	210	5.59e-30	113
NC_000913.3_481	iCN900.CD630_32150	29.9	197	134	2	5	197	2	198	1.72e-30	112
NC_000913.3_481	iYO844.BSU33830	32.4	219	135	6	7	217	1	214	4.65e-29	111
NC_000913.3_481	iYO844.BSU33730	31.5	219	137	6	7	217	1	214	9.10e-29	110
NC_000913.3_481	iEK1008.Rv1349	35.3	218	117	5	6	208	330	538	4.19e-28	110
NC_000913.3_481	iCN900.CD630_35270	35.3	207	127	5	8	210	4	207	1.16e-28	109
NC_000913.3_481	iAF987.Gmet_1903	32.1	212	131	5	8	210	3	210	1.96e-28	109
NC_000913.3_481	iYS854.USA300HOU_RS08305	34.8	201	120	5	5	197	8	205	4.32e-29	109
NC_000913.3_481	iNF517.LLMG_RS08555	32.7	211	133	5	7	210	1	209	2.01e-28	108
NC_000913.3_481	iCN900.CD630_35300	34.8	207	128	5	8	210	4	207	4.39e-28	108
NC_000913.3_481	iLJ478.TM1376	33.0	209	123	5	8	207	6	206	7.62e-28	108
NC_000913.3_481	iLJ478.TM0421	34.5	197	125	4	6	200	2	196	6.72e-28	108
NC_000913.3_481	iML1515.b2422	33.6	211	129	5	8	210	3	210	1.02e-27	107
NC_000913.3_481	iSbBS512_1146.SbBS512_E2794	33.6	211	129	5	8	210	3	210	1.02e-27	107
NC_000913.3_481	iSDY_1059.SDY_2618	33.6	211	129	5	8	210	3	210	1.02e-27	107
NC_000913.3_481	iSSON_1240.SSON_2511	33.6	211	129	5	8	210	3	210	1.02e-27	107
NC_000913.3_481	iSynCJ816.SGL_RS06580	31.0	229	132	6	1	210	4	225	8.66e-28	107
NC_000913.3_481	iPC815.YPO3012	33.3	210	131	4	8	210	3	210	1.91e-27	107
NC_000913.3_481	iYL1228.KPN_02770	33.2	211	130	5	8	210	3	210	2.69e-27	106
NC_000913.3_481	iYS854.USA300HOU_RS05485	32.0	203	122	4	6	200	3	197	2.69e-27	106
NC_000913.3_481	iJN1463.PP_0411	31.2	205	134	5	18	219	26	226	4.26e-27	106
NC_000913.3_481	iJN1463.PP_3817	29.3	215	136	4	7	213	14	220	6.52e-27	105
NC_000913.3_481	iEK1008.Rv3758c	34.3	201	126	4	17	212	12	211	8.40e-27	105
NC_000913.3_481	iHN637.CLJU_RS10680	31.7	208	135	5	7	210	9	213	1.15e-26	105
NC_000913.3_481	iSDY_1059.SDY_1025	36.2	218	120	8	8	210	341	554	5.84e-26	105
NC_000913.3_481	iCN900.CD630_09000	31.3	211	139	4	7	211	1	211	1.65e-26	104
NC_000913.3_481	iSynCJ816.SGL_RS16585	33.9	221	136	6	2	214	18	236	5.22e-27	104
NC_000913.3_481	STM_v1_0.STM2441	33.0	200	125	4	18	210	13	210	2.70e-26	103
NC_000913.3_483	iJN1463.PP_0510	36.4	283	176	2	6	284	8	290	8.56e-50	166
NC_000913.3_484	iML1515.b0493	100	256	0	0	1	256	14	269	2.87e-186	510
NC_000913.3_485	iML1515.b0494	99.5	197	1	0	1	197	12	208	4.46e-142	394
NC_000913.3_485	iSbBS512_1146.SbBS512_E0429	99.5	197	1	0	1	197	11	207	4.30e-142	394
NC_000913.3_485	iSSON_1240.SSON_0484	99.0	197	2	0	1	197	12	208	1.82e-141	392
NC_000913.3_485	iSDY_1059.SDY_0404	98.5	197	3	0	1	197	12	208	3.01e-140	389
NC_000913.3_485	iYL1228.KPN_00472	88.3	197	23	0	1	197	1	197	5.30e-127	355
NC_000913.3_485	STM_v1_0.STM0506	88.7	194	22	0	1	194	11	204	6.79e-127	355
NC_000913.3_486	iCN900.CD630_19470	45.4	216	118	0	7	222	10	225	8.93e-60	187
NC_000913.3_495	iML1515.b0505	100	160	0	0	1	160	1	160	7.79e-120	334
NC_000913.3_495	iSbBS512_1146.SbBS512_E0439	99.4	160	1	0	1	160	1	160	5.27e-118	329
NC_000913.3_495	iSDY_1059.SDY_0397	99.4	160	1	0	1	160	1	160	5.27e-118	329
NC_000913.3_495	iSF_1195.SF0444	99.4	160	1	0	1	160	1	160	5.27e-118	329
NC_000913.3_497	iML1515.b0507	100	593	0	0	1	593	1	593	0.0	1172
NC_000913.3_497	iSbBS512_1146.SbBS512_E0441	99.8	593	1	0	1	593	1	593	0.0	1170
NC_000913.3_497	iSF_1195.SF0446	99.7	593	2	0	1	593	1	593	0.0	1169
NC_000913.3_497	STM_v1_0.STM0517	96.5	593	21	0	1	593	1	593	0.0	1139
NC_000913.3_498	iML1515.b0508	100	258	0	0	1	258	1	258	3.36e-201	548
NC_000913.3_498	iSSON_1240.SSON_0503	99.6	257	1	0	1	257	1	257	8.13e-199	543
NC_000913.3_499	iML1515.b0509	100	292	0	0	1	292	1	292	3.08e-205	561
NC_000913.3_499	STM_v1_0.STM0519	91.8	292	24	0	1	292	1	292	3.24e-191	525
NC_000913.3_500	iML1515.b0511	100	484	0	0	1	484	1	484	0.0	944
NC_000913.3_501	iML1515.b0512	100	453	0	0	1	453	1	453	0.0	924
NC_000913.3_501	STM_v1_0.STM0523	93.4	453	30	0	1	453	1	453	0.0	877
NC_000913.3_502	iML1515.b3654	24.2	364	253	9	82	431	108	462	3.56e-08	55.1
NC_000913.3_502	iSbBS512_1146.SbBS512_E4105	24.2	364	253	9	82	431	108	462	3.56e-08	55.1
NC_000913.3_502	iSF_1195.SF3694	24.2	364	253	9	82	431	108	462	3.56e-08	55.1
NC_000913.3_502	iSSON_1240.SSON_3751	24.2	364	253	9	82	431	108	462	3.56e-08	55.1
NC_000913.3_502	STM_v1_0.STM3747	23.6	364	255	9	82	431	108	462	6.25e-08	54.3
NC_000913.3_502	iSDY_1059.SDY_4086	24.2	364	253	9	82	431	108	462	1.45e-07	53.1
NC_000913.3_502	iYL1228.KPN_04013	24.7	368	246	9	82	431	108	462	2.55e-07	52.4
NC_000913.3_503	iML1515.b0514	100	381	0	0	1	381	1	381	2.19e-268	728
NC_000913.3_504	iML1515.b0515	100	261	0	0	1	261	1	261	2.36e-198	541
NC_000913.3_505	iML1515.b0516	100	411	0	0	1	411	1	411	5.00e-312	841
NC_000913.3_505	iSF_1195.SF0450	98.4	385	6	0	27	411	1	385	2.64e-287	777
NC_000913.3_506	iML1515.b0517	100	349	0	0	1	349	1	349	3.30e-256	694
NC_000913.3_510	iML1515.b0521	100	297	0	0	1	297	1	297	8.55e-210	573
NC_000913.3_510	iSSON_1240.SSON_0497	99.3	297	2	0	1	297	1	297	2.86e-208	569
NC_000913.3_510	iSF_1195.SF0452	99.0	297	3	0	1	297	1	297	2.35e-207	566
NC_000913.3_511	iML1515.b0522	100	355	0	0	1	355	1	355	2.88e-269	728
NC_000913.3_511	iSF_1195.SF0453	99.4	354	2	0	1	354	1	354	5.57e-267	722
NC_000913.3_511	iSSON_1240.SSON_0496	99.4	354	2	0	1	354	1	354	1.12e-266	721
NC_000913.3_511	iSDY_1059.SDY_0274	98.9	354	4	0	1	354	1	354	3.76e-265	717
NC_000913.3_511	iSbBS512_1146.SbBS512_E0452	98.3	354	6	0	1	354	1	354	4.39e-264	715
NC_000913.3_512	iML1515.b0523	100	169	0	0	1	169	1	169	4.96e-116	325
NC_000913.3_512	iSbBS512_1146.SbBS512_E0451	99.4	169	1	0	1	169	1	169	2.02e-115	323
NC_000913.3_512	iSF_1195.SF0454	98.8	169	2	0	1	169	1	169	2.36e-114	321
NC_000913.3_512	iSDY_1059.SDY_0275	98.8	169	2	0	1	169	1	169	3.35e-114	320
NC_000913.3_512	iSSON_1240.SSON_0495	98.8	169	2	0	1	169	1	169	6.77e-114	320
NC_000913.3_512	STM_v1_0.STM0534	96.4	167	6	0	1	167	1	167	3.09e-110	310
NC_000913.3_512	iYL1228.KPN_00478	90.5	169	16	0	1	169	1	169	5.50e-104	295
NC_000913.3_513	iML1515.b0524	100	240	0	0	1	240	1	240	4.20e-177	485
NC_000913.3_513	iSbBS512_1146.SbBS512_E0450	99.2	240	2	0	1	240	1	240	1.41e-175	481
NC_000913.3_513	iSF_1195.SF0455	99.2	240	2	0	1	240	1	240	1.41e-175	481
NC_000913.3_513	iSSON_1240.SSON_0494	98.8	240	3	0	1	240	1	240	5.73e-175	480
NC_000913.3_513	iSDY_1059.SDY_0276	98.3	240	4	0	1	240	1	240	6.69e-174	477
NC_000913.3_515	iSbBS512_1146.SbBS512_E0448	99.6	461	2	0	1	461	1	461	0.0	931
NC_000913.3_515	iSSON_1240.SSON_0492	99.3	461	3	0	1	461	1	461	0.0	929
NC_000913.3_515	iSF_1195.SF0457	99.6	461	2	0	1	461	1	461	0.0	929
NC_000913.3_515	iSDY_1059.SDY_0278	98.9	461	5	0	1	461	1	461	0.0	923
NC_000913.3_515	iYL1228.KPN_00482	95.7	461	20	0	1	461	1	461	0.0	902
NC_000913.3_515	STM_v1_0.STM0537	94.4	461	26	0	1	461	1	461	0.0	890
NC_000913.3_518	iML1515.b0529	100	288	0	0	1	288	1	288	6.04e-210	572
NC_000913.3_518	iSDY_1059.SDY_0281	99.3	288	2	0	1	288	1	288	2.02e-208	568
NC_000913.3_518	iSbBS512_1146.SbBS512_E0445	99.3	288	2	0	1	288	1	288	4.08e-208	568
NC_000913.3_518	iSF_1195.SF0460	99.3	288	2	0	1	288	1	288	4.08e-208	568
NC_000913.3_518	iSSON_1240.SSON_0489	99.3	288	2	0	1	288	1	288	4.08e-208	568
NC_000913.3_518	STM_v1_0.STM0542	95.8	286	12	0	1	286	1	286	1.71e-200	548
NC_000913.3_518	iYL1228.KPN_00484	93.7	287	18	0	1	287	1	287	3.85e-197	540
NC_000913.3_524	iAF987.Gmet_2999	29.6	108	70	3	2	106	6	110	7.33e-06	45.4
NC_000913.3_524	iEK1008.Rv0386	39.2	51	31	0	154	204	1031	1081	9.67e-06	45.4
NC_000913.3_524	iAF987.Gmet_1914	25.0	96	64	1	32	119	20	115	1.54e-04	41.6
NC_000913.3_524	iAF987.Gmet_1919	33.9	62	41	0	45	106	42	103	1.39e-04	41.6
NC_000913.3_530	iML1515.b0543	100	110	0	0	1	110	1	110	9.46e-79	226
NC_000913.3_542	iSbBS512_1146.SbBS512_E1614	64.5	352	94	7	15	344	13	355	1.42e-149	426
NC_000913.3_542	iML1515.b1377	63.9	352	96	7	15	344	13	355	1.64e-148	423
NC_000913.3_542	iSbBS512_1146.SbBS512_E0724	62.7	357	115	6	15	355	13	367	2.24e-148	423
NC_000913.3_542	iML1515.b2215	63.3	354	109	6	15	355	13	358	2.33e-148	422
NC_000913.3_542	iSSON_1240.SSON_1748	64.3	353	93	8	15	344	13	355	6.63e-148	422
NC_000913.3_542	iSF_1195.SF2299	62.5	355	116	6	15	355	13	364	4.70e-147	419
NC_000913.3_542	iSSON_1240.SSON_2273	62.4	354	113	6	15	355	13	359	2.27e-146	417
NC_000913.3_542	iSDY_1059.SDY_0861	61.6	362	110	6	15	355	13	366	4.74e-145	414
NC_000913.3_542	STM_v1_0.STM2267	62.2	357	108	8	15	350	13	363	4.27e-144	412
NC_000913.3_542	iML1515.b0241	62.7	346	114	6	1	344	1	333	3.38e-144	411
NC_000913.3_542	iSF_1195.SF0289	62.7	346	114	6	1	344	1	333	3.38e-144	411
NC_000913.3_542	iSSON_1240.SSON_0283	62.7	346	114	6	1	344	1	333	3.38e-144	411
NC_000913.3_542	STM_v1_0.STM1473	62.2	357	107	8	15	350	13	362	6.76e-143	409
NC_000913.3_542	iYL1228.KPN_01445	61.3	354	109	7	15	344	13	362	2.45e-142	408
NC_000913.3_542	iYL1228.KPN_02636	63.1	347	110	6	15	350	13	352	1.37e-142	408
NC_000913.3_542	iSbBS512_1146.SbBS512_E0238	62.1	346	116	6	1	344	1	333	4.52e-142	406
NC_000913.3_542	iPC815.YPO1222	60.7	351	114	7	15	349	13	355	3.64e-141	404
NC_000913.3_542	iYL1228.KPN_02430	61.3	349	114	8	15	344	13	359	7.27e-141	404
NC_000913.3_542	STM_v1_0.STM0320	60.5	337	120	5	10	344	7	332	8.95e-137	392
NC_000913.3_542	iYL1228.KPN_00282	61.0	336	115	7	22	355	12	333	1.11e-135	389
NC_000913.3_559	iAF987.Gmet_0043	28.2	181	114	5	310	479	91	266	9.97e-10	60.5
NC_000913.3_560	iAF987.Gmet_0069	28.6	119	81	2	3	117	5	123	2.02e-13	67.8
NC_000913.3_560	iAF987.Gmet_1914	30.2	106	74	0	2	107	3	108	7.77e-13	66.6
NC_000913.3_560	iAF987.Gmet_1919	25.0	176	123	2	3	178	5	171	2.08e-12	65.1
NC_000913.3_560	iAF987.Gmet_1706	28.7	195	115	6	1	184	1	182	2.93e-11	61.6
NC_000913.3_561	iML1515.b0572	100	457	0	0	1	457	1	457	3.61e-317	858
NC_000913.3_561	iSSON_1240.SSON_0523	99.3	457	3	0	1	457	1	457	3.18e-314	850
NC_000913.3_561	iSF_1195.SF0473	98.2	457	8	0	1	457	1	457	2.49e-311	843
NC_000913.3_562	iML1515.b0573	100	110	0	0	1	110	1	110	5.27e-76	219
NC_000913.3_562	iSF_1195.SF0474	99.1	110	1	0	1	110	1	110	7.49e-76	219
NC_000913.3_562	iSSON_1240.SSON_0524	99.1	110	1	0	1	110	1	110	2.15e-75	218
NC_000913.3_563	iML1515.b0574	100	407	0	0	1	407	1	407	1.68e-292	791
NC_000913.3_563	iSSON_1240.SSON_0525	99.0	407	4	0	1	407	1	407	1.88e-289	783
NC_000913.3_564	iML1515.b0575	100	1047	0	0	1	1047	1	1047	0.0	2013
NC_000913.3_564	iSSON_1240.SSON_0526	99.4	1047	6	0	1	1047	1	1047	0.0	2004
NC_000913.3_564	iSF_1195.SF0481	99.4	1046	6	0	1	1046	1	1046	0.0	1999
NC_000913.3_564	iYL1228.KPN_04736	88.9	1047	116	0	1	1047	1	1047	0.0	1824
NC_000913.3_565	iML1515.b0576	100	458	0	0	1	458	1	458	0.0	884
NC_000913.3_565	iSSON_1240.SSON_0527	99.6	458	2	0	1	458	1	458	0.0	882
NC_000913.3_565	iSF_1195.SF0482	99.6	458	2	0	1	458	1	458	0.0	880
NC_000913.3_565	iSDY_1059.SDY_0489	99.1	458	4	0	1	458	1	458	0.0	877
NC_000913.3_565	iSbBS512_1146.SbBS512_E0470	99.1	458	4	0	1	458	1	458	0.0	875
NC_000913.3_565	STM_v1_0.STM0568	93.1	462	28	1	1	458	1	462	7.57e-305	827
NC_000913.3_566	iML1515.b0577	100	415	0	0	1	415	1	415	1.28e-291	790
NC_000913.3_567	iML1515.b0578	100	217	0	0	1	217	1	217	3.74e-155	428
NC_000913.3_567	iSSON_1240.SSON_0529	99.1	217	2	0	1	217	1	217	6.21e-154	425
NC_000913.3_567	iSDY_1059.SDY_0491	98.6	217	3	0	1	217	1	217	2.95e-152	421
NC_000913.3_567	iSbBS512_1146.SbBS512_E0472	98.2	217	4	0	1	217	1	217	4.19e-152	420
NC_000913.3_570	iJN1463.PP_3253	23.4	364	258	5	11	355	4	365	3.28e-22	96.3
NC_000913.3_574	iSSON_1240.SSON_0533	99.0	209	2	0	39	247	1	209	2.22e-153	424
NC_000913.3_574	iML1515.b0583	100	206	0	0	42	247	1	206	8.10e-153	423
NC_000913.3_574	iSF_1195.SF0495	98.1	209	4	0	39	247	1	209	1.28e-152	422
NC_000913.3_574	iSDY_1059.SDY_0511	97.6	209	5	0	39	247	1	209	7.41e-152	421
NC_000913.3_574	iSbBS512_1146.SbBS512_E0484	96.7	209	7	0	39	247	1	209	4.29e-151	419
NC_000913.3_575	iML1515.b0584	100	746	0	0	1	746	1	746	0.0	1520
NC_000913.3_575	iSF_1195.SF0496	99.2	746	6	0	1	746	1	746	0.0	1512
NC_000913.3_575	iSDY_1059.SDY_0512	99.1	746	7	0	1	746	1	746	0.0	1512
NC_000913.3_575	iSbBS512_1146.SbBS512_E0485	99.2	746	6	0	1	746	1	746	0.0	1511
NC_000913.3_575	iSSON_1240.SSON_0534	99.2	746	6	0	1	746	1	746	0.0	1509
NC_000913.3_576	iML1515.b0585	100	400	0	0	1	400	1	400	7.96e-317	852
NC_000913.3_576	iSbBS512_1146.SbBS512_E0486	98.8	400	5	0	1	400	1	400	1.04e-312	842
NC_000913.3_576	iSF_1195.SF0497	98.3	400	7	0	1	400	1	400	2.45e-311	838
NC_000913.3_576	iSDY_1059.SDY_0513	98.1	374	7	0	27	400	1	374	1.17e-289	782
NC_000913.3_576	iSSON_1240.SSON_0535	97.6	374	9	0	27	400	1	374	7.86e-288	778
NC_000913.3_577	iEK1008.Rv2377c	43.5	62	35	0	4	65	3	64	9.83e-16	64.3
NC_000913.3_578	iML1515.b0586	100	1293	0	0	1	1293	1	1293	0.0	2563
NC_000913.3_578	iSSON_1240.SSON_0537	98.3	1293	22	0	1	1293	1	1293	0.0	2522
NC_000913.3_578	iSbBS512_1146.SbBS512_E0488	98.1	1293	24	0	1	1293	1	1293	0.0	2520
NC_000913.3_578	iSDY_1059.SDY_0515	97.4	1293	34	0	1	1293	1	1293	0.0	2496
NC_000913.3_578	iSF_1195.SF0498	96.2	1297	29	2	1	1293	1	1281	0.0	2459
NC_000913.3_579	STM_v1_0.STM0589	73.5	373	98	1	1	373	1	372	6.34e-190	529
NC_000913.3_580	iML1515.b0588	100	271	0	0	1	271	1	271	5.13e-198	541
NC_000913.3_580	iSDY_1059.SDY_0519	100	271	0	0	1	271	1	271	5.13e-198	541
NC_000913.3_580	iSF_1195.SF0502	99.6	271	1	0	1	271	1	271	4.22e-197	538
NC_000913.3_580	iSSON_1240.SSON_0539	99.6	271	1	0	1	271	1	271	8.51e-197	538
NC_000913.3_580	iSbBS512_1146.SbBS512_E0489	99.3	271	2	0	1	271	1	271	4.92e-196	536
NC_000913.3_581	iML1515.b0589	100	330	0	0	1	330	1	330	2.46e-221	605
NC_000913.3_581	iSbBS512_1146.SbBS512_E0491	99.4	330	2	0	1	330	1	330	1.00e-220	603
NC_000913.3_581	iSSON_1240.SSON_0540	99.1	330	3	0	1	330	1	330	8.21e-220	601
NC_000913.3_581	iSDY_1059.SDY_0520	99.1	330	3	0	1	330	1	330	2.35e-219	600
NC_000913.3_581	iSF_1195.SF0503	98.2	330	6	0	1	330	1	330	1.12e-217	595
NC_000913.3_582	iML1515.b0590	100	334	0	0	1	334	1	334	5.30e-218	597
NC_000913.3_582	iSbBS512_1146.SbBS512_E0492	99.7	334	1	0	1	334	1	334	7.53e-218	596
NC_000913.3_582	iSDY_1059.SDY_0521	99.4	334	2	0	1	334	1	334	1.07e-217	596
NC_000913.3_582	iSF_1195.SF0504	99.7	333	1	0	2	334	6	338	3.55e-217	595
NC_000913.3_582	iSSON_1240.SSON_0541	99.4	334	2	0	1	334	1	334	6.18e-217	594
NC_000913.3_583	iML1515.b0591	100	416	0	0	1	416	1	416	3.33e-283	768
NC_000913.3_583	iSSON_1240.SSON_0542	99.8	416	1	0	1	416	1	416	5.52e-282	765
NC_000913.3_583	iSbBS512_1146.SbBS512_E0493	99.3	416	3	0	1	416	1	416	3.19e-281	763
NC_000913.3_583	iSDY_1059.SDY_0522	99.3	416	3	0	1	416	1	416	1.30e-280	762
NC_000913.3_583	iSF_1195.SF0505	97.4	416	5	1	1	416	1	410	1.44e-271	739
NC_000913.3_583	STM_v1_0.STM0593	90.5	409	39	0	1	409	1	409	2.72e-254	695
NC_000913.3_584	iML1515.b0592	100	318	0	0	1	318	1	318	2.39e-222	606
NC_000913.3_584	iSbBS512_1146.SbBS512_E0494	99.4	318	2	0	1	318	1	318	3.95e-221	603
NC_000913.3_584	iSF_1195.SF0506	99.4	318	2	0	1	318	1	318	3.95e-221	603
NC_000913.3_584	iSSON_1240.SSON_0543	98.7	317	4	0	1	317	1	317	6.01e-219	598
NC_000913.3_584	iSDY_1059.SDY_0523	98.1	318	6	0	1	318	1	318	4.94e-218	595
NC_000913.3_585	iML1515.b0593	100	391	0	0	1	391	1	391	4.55e-282	763
NC_000913.3_585	iSDY_1059.SDY_0524	100	391	0	0	1	391	1	391	4.55e-282	763
NC_000913.3_585	iSbBS512_1146.SbBS512_E0495	99.7	391	1	0	1	391	1	391	1.85e-281	762
NC_000913.3_585	iSSON_1240.SSON_0544	99.2	391	3	0	1	391	1	391	1.77e-279	757
NC_000913.3_586	iML1515.b0594	100	536	0	0	1	536	1	536	0.0	1069
NC_000913.3_586	iSDY_1059.SDY_0525	99.1	536	5	0	1	536	1	536	0.0	1060
NC_000913.3_586	iSSON_1240.SSON_0545	99.1	536	5	0	1	536	1	536	0.0	1058
NC_000913.3_586	iSbBS512_1146.SbBS512_E0496	98.7	536	7	0	1	536	1	536	0.0	1054
NC_000913.3_586	iSF_1195.SF0508	98.1	536	10	0	1	536	1	536	0.0	1049
NC_000913.3_587	iML1515.b0595	100	285	0	0	1	285	1	285	2.12e-213	581
NC_000913.3_587	iSF_1195.SF0509	100	285	0	0	1	285	1	285	2.12e-213	581
NC_000913.3_587	iSDY_1059.SDY_0526	99.3	285	2	0	1	285	1	285	1.43e-211	576
NC_000913.3_587	iSSON_1240.SSON_0546	98.9	285	3	0	1	285	1	285	2.03e-211	576
NC_000913.3_587	iSbBS512_1146.SbBS512_E0497	98.6	285	4	0	1	285	1	285	3.37e-210	573
NC_000913.3_588	iML1515.b0596	100	248	0	0	1	248	1	248	1.24e-173	477
NC_000913.3_588	iSDY_1059.SDY_0527	99.6	248	1	0	1	248	1	248	5.05e-173	476
NC_000913.3_588	iSbBS512_1146.SbBS512_E0498	98.8	248	3	0	1	248	1	248	2.92e-172	474
NC_000913.3_588	iSSON_1240.SSON_0547	98.8	248	3	0	1	248	1	248	6.88e-171	470
NC_000913.3_588	iSF_1195.SF0510	98.0	248	5	0	1	248	1	248	1.97e-170	469
NC_000913.3_588	STM_v1_0.STM0598	90.3	248	24	0	1	248	4	251	3.28e-156	433
NC_000913.3_589	iML1515.b0597	100	137	0	0	1	137	1	137	3.92e-102	287
NC_000913.3_592	iSynCJ816.SGL_RS11025	41.8	292	154	8	71	353	77	361	7.34e-55	184
NC_000913.3_593	iYL1228.KPN_00645	83.7	386	63	0	1	386	1	386	1.49e-241	660
NC_000913.3_595	iAF692.Mbar_A2943	24.6	211	118	8	30	235	391	565	4.00e-04	42.4
NC_000913.3_597	iML1515.b0604	100	248	0	0	1	248	1	248	2.53e-182	499
NC_000913.3_597	iSF_1195.SF0523	98.8	248	3	0	1	248	21	268	1.02e-179	493
NC_000913.3_597	iSSON_1240.SSON_0556	99.2	246	2	0	1	246	1	246	8.06e-180	493
NC_000913.3_598	iML1515.b0605	100	187	0	0	1	187	1	187	2.60e-138	383
NC_000913.3_598	STM_v1_0.STM0608	98.4	187	3	0	1	187	1	187	3.04e-137	380
NC_000913.3_599	iML1515.b0606	100	521	0	0	11	531	1	521	0.0	1022
NC_000913.3_599	STM_v1_0.STM0609	95.4	521	24	0	11	531	1	521	0.0	988
NC_000913.3_601	iJN1463.PP_3970	73.3	390	104	0	1	390	1	390	9.61e-211	584
NC_000913.3_605	iML1515.b0612	100	487	0	0	1	487	1	487	0.0	957
NC_000913.3_605	iSSON_1240.SSON_0564	99.8	487	1	0	1	487	1	487	0.0	954
NC_000913.3_605	STM_v1_0.STM0618	94.9	487	25	0	1	487	1	487	0.0	918
NC_000913.3_606	iML1515.b0613	100	292	0	0	1	292	1	292	6.31e-214	583
NC_000913.3_606	iSSON_1240.SSON_0565	99.7	292	1	0	1	292	1	292	2.57e-213	581
NC_000913.3_606	iSbBS512_1146.SbBS512_E0527	98.6	292	4	0	1	292	1	292	8.24e-210	572
NC_000913.3_607	iML1515.b0614	100	183	0	0	1	183	1	183	1.20e-132	368
NC_000913.3_607	iSbBS512_1146.SbBS512_E0528	100	183	0	0	1	183	1	183	1.20e-132	368
NC_000913.3_607	iSSON_1240.SSON_0566	100	183	0	0	1	183	1	183	1.20e-132	368
NC_000913.3_608	iML1515.b0615	100	510	0	0	1	510	1	510	0.0	993
NC_000913.3_608	iSSON_1240.SSON_0567	99.6	510	2	0	1	510	1	510	0.0	989
NC_000913.3_608	iSF_1195.SF0532	99.0	510	5	0	1	510	1	510	0.0	984
NC_000913.3_608	iSbBS512_1146.SbBS512_E0529	98.8	510	6	0	1	510	1	510	0.0	979
NC_000913.3_609	iML1515.b0616	100	302	0	0	1	302	1	302	1.60e-212	580
NC_000913.3_609	iSbBS512_1146.SbBS512_E0530	100	302	0	0	1	302	1	302	1.60e-212	580
NC_000913.3_609	iSSON_1240.SSON_0568	100	302	0	0	1	302	6	307	1.93e-212	580
NC_000913.3_609	iSF_1195.SF0533	99.7	302	1	0	1	302	1	302	9.25e-212	578
NC_000913.3_609	STM_v1_0.STM0622	95.4	302	14	0	1	302	1	302	1.11e-203	558
NC_000913.3_610	iML1515.b0617	100	98	0	0	1	98	1	98	8.96e-67	195
NC_000913.3_610	iSSON_1240.SSON_0569	100	98	0	0	1	98	1	98	8.96e-67	195
NC_000913.3_610	iSF_1195.SF0534	99.0	98	1	0	1	98	1	98	5.19e-66	193
NC_000913.3_610	iSbBS512_1146.SbBS512_E0531	96.9	98	3	0	1	98	1	98	8.62e-65	190
NC_000913.3_612	iAF987.Gmet_0043	32.8	122	71	5	429	543	154	271	2.10e-05	47.0
NC_000913.3_613	iAF987.Gmet_1914	24.7	162	110	4	7	167	4	154	1.28e-06	48.1
NC_000913.3_614	iML1515.b0621	100	461	0	0	1	461	1	461	2.28e-306	831
NC_000913.3_614	iSF_1195.SF0659	100	461	0	0	1	461	1	461	2.28e-306	831
NC_000913.3_614	iSbBS512_1146.SbBS512_E0536	99.6	461	2	0	1	461	1	461	7.62e-305	827
NC_000913.3_614	iSSON_1240.SSON_0574	99.8	446	1	0	16	461	2	447	1.86e-297	808
NC_000913.3_614	STM_v1_0.STM0627	92.8	460	33	0	1	460	1	460	1.07e-288	786
NC_000913.3_614	iYL1228.KPN_00654	91.2	455	40	0	1	455	1	455	7.64e-281	766
NC_000913.3_615	iML1515.b0622	100	186	0	0	1	186	1	186	3.44e-147	405
NC_000913.3_615	iSF_1195.SF0658	99.5	186	1	0	1	186	1	186	4.69e-145	400
NC_000913.3_617	iML1515.b0624	100	127	0	0	1	127	1	127	4.21e-90	256
NC_000913.3_619	iCN900.CD630_04870	38.6	166	86	5	27	180	104	265	9.50e-30	110
NC_000913.3_621	iML1515.b0628	100	321	0	0	1	321	1	321	4.59e-242	656
NC_000913.3_621	iSDY_1059.SDY_0550	100	321	0	0	1	321	1	321	4.59e-242	656
NC_000913.3_621	iSF_1195.SF0653	100	321	0	0	1	321	1	321	4.59e-242	656
NC_000913.3_621	iSSON_1240.SSON_0582	100	321	0	0	1	321	1	321	4.59e-242	656
NC_000913.3_621	iSbBS512_1146.SbBS512_E0542	99.7	321	1	0	1	321	1	321	3.77e-241	654
NC_000913.3_623	iML1515.b0630	100	213	0	0	1	213	1	213	2.87e-157	433
NC_000913.3_623	iSbBS512_1146.SbBS512_E0621	100	213	0	0	1	213	1	213	2.87e-157	433
NC_000913.3_623	iSDY_1059.SDY_0552	100	191	0	0	23	213	1	191	7.71e-141	390
NC_000913.3_623	iSSON_1240.SSON_0584	100	191	0	0	23	213	1	191	7.71e-141	390
NC_000913.3_625	iML1515.b0632	100	403	0	0	25	427	1	403	5.23e-298	806
NC_000913.3_625	iSDY_1059.SDY_0554	100	403	0	0	25	427	1	403	5.23e-298	806
NC_000913.3_625	iSSON_1240.SSON_0586	100	403	0	0	25	427	1	403	5.23e-298	806
NC_000913.3_625	iSF_1195.SF0649	99.8	403	1	0	25	427	1	403	4.29e-297	803
NC_000913.3_625	iSbBS512_1146.SbBS512_E0619	99.3	403	3	0	25	427	1	403	5.01e-296	801
NC_000913.3_625	STM_v1_0.STM0637	95.0	403	20	0	25	427	1	403	2.00e-286	776
NC_000913.3_625	iYL1228.KPN_00664	91.1	403	32	1	25	427	1	399	7.30e-272	739
NC_000913.3_627	iML1515.b0089	33.0	315	193	6	55	359	91	397	1.04e-45	161
NC_000913.3_627	iJN1463.PP_1336	32.5	363	223	7	14	359	19	376	2.55e-41	149
NC_000913.3_628	iML1515.b0635	100	633	0	0	1	633	1	633	0.0	1280
NC_000913.3_628	iSbBS512_1146.SbBS512_E0616	99.8	633	1	0	1	633	1	633	0.0	1278
NC_000913.3_628	iSDY_1059.SDY_0557	99.8	633	1	0	1	633	1	633	0.0	1276
NC_000913.3_628	iSSON_1240.SSON_0589	99.8	633	1	0	1	633	1	633	0.0	1276
NC_000913.3_628	iSF_1195.SF0646	99.7	633	2	0	1	633	1	633	0.0	1275
NC_000913.3_628	STM_v1_0.STM0640	96.2	632	24	0	1	632	1	632	0.0	1241
NC_000913.3_628	iYL1228.KPN_00667	93.4	632	42	0	1	632	1	632	0.0	1209
NC_000913.3_631	iML1515.b0638	100	203	0	0	1	203	1	203	7.09e-153	421
NC_000913.3_631	iSF_1195.SF0643	96.6	203	7	0	1	203	1	203	1.88e-148	410
NC_000913.3_632	iML1515.b0639	100	213	0	0	1	213	1	213	2.19e-161	443
NC_000913.3_632	iSF_1195.SF0642	100	213	0	0	1	213	1	213	2.19e-161	443
NC_000913.3_632	iSSON_1240.SSON_0593	100	213	0	0	1	213	1	213	2.19e-161	443
NC_000913.3_632	iSDY_1059.SDY_0561	99.5	213	1	0	1	213	1	213	6.27e-161	442
NC_000913.3_632	iSbBS512_1146.SbBS512_E0612	99.1	213	2	0	1	213	1	213	2.10e-159	438
NC_000913.3_634	iML1515.b0641	100	193	0	0	1	193	1	193	6.30e-133	370
NC_000913.3_634	iSbBS512_1146.SbBS512_E0610	100	193	0	0	1	193	1	193	6.30e-133	370
NC_000913.3_634	iSSON_1240.SSON_0595	100	193	0	0	1	193	1	193	6.30e-133	370
NC_000913.3_634	iSDY_1059.SDY_0563	99.5	193	1	0	1	193	1	193	5.18e-132	367
NC_000913.3_634	iSF_1195.SF0640	99.5	193	1	0	1	193	1	193	5.18e-132	367
NC_000913.3_635	iSDY_1059.SDY_0564	99.8	860	2	0	1	860	1	860	0.0	1756
NC_000913.3_635	iSF_1195.SF0639	99.7	860	3	0	1	860	1	860	0.0	1753
NC_000913.3_635	iSbBS512_1146.SbBS512_E0609	99.5	860	4	0	1	860	1	860	0.0	1752
NC_000913.3_635	iSSON_1240.SSON_0596	99.5	860	4	0	1	860	1	860	0.0	1749
NC_000913.3_635	STM_v1_0.STM0648	95.5	860	39	0	1	860	1	860	0.0	1685
NC_000913.3_635	iYL1228.KPN_00674	95.5	860	39	0	1	860	1	860	0.0	1685
NC_000913.3_643	iML1515.b0650	100	556	0	0	1	556	1	556	0.0	1083
NC_000913.3_643	iSSON_1240.SSON_0604	99.6	556	2	0	1	556	1	556	0.0	1080
NC_000913.3_643	iSbBS512_1146.SbBS512_E0599	99.5	556	3	0	1	556	1	556	0.0	1078
NC_000913.3_644	iML1515.b0651	100	311	0	0	1	311	1	311	4.70e-230	625
NC_000913.3_644	iSbBS512_1146.SbBS512_E0598	99.4	311	2	0	1	311	1	311	1.91e-229	624
NC_000913.3_644	iSF_1195.SF0630	99.4	311	2	0	1	311	1	311	5.48e-229	622
NC_000913.3_644	iSSON_1240.SSON_0605	99.4	311	2	0	1	311	1	311	5.48e-229	622
NC_000913.3_644	STM_v1_0.STM0661	92.6	311	23	0	1	311	1	311	1.00e-215	589
NC_000913.3_645	iML1515.b0652	100	241	0	0	1	241	1	241	2.32e-170	468
NC_000913.3_645	iSSON_1240.SSON_0606	100	241	0	0	1	241	1	241	2.32e-170	468
NC_000913.3_645	iSF_1195.SF0629	99.6	241	1	0	1	241	1	241	3.85e-169	465
NC_000913.3_645	iYL1228.KPN_00678	91.7	241	20	0	1	241	1	241	9.98e-156	431
NC_000913.3_646	iML1515.b0653	100	224	0	0	1	224	1	224	2.92e-151	419
NC_000913.3_646	iSSON_1240.SSON_0607	100	224	0	0	1	224	1	224	2.92e-151	419
NC_000913.3_646	iSF_1195.SF0628	99.6	224	1	0	1	224	1	224	8.36e-151	417
NC_000913.3_646	STM_v1_0.STM0663	95.5	223	10	0	1	223	1	223	3.65e-145	403
NC_000913.3_646	iYL1228.KPN_00679	92.4	223	17	0	1	223	1	223	9.59e-141	392
NC_000913.3_647	iML1515.b0654	100	246	0	0	1	246	1	246	2.33e-177	486
NC_000913.3_647	iSF_1195.SF0627	99.2	246	2	0	1	246	1	246	1.35e-176	484
NC_000913.3_647	iSSON_1240.SSON_0608	99.6	246	1	0	1	246	1	246	2.72e-176	484
NC_000913.3_647	STM_v1_0.STM0664	94.7	246	13	0	1	246	1	246	3.98e-169	466
NC_000913.3_647	iYL1228.KPN_00680	91.9	246	20	0	1	246	1	246	1.28e-165	457
NC_000913.3_648	iML1515.b0655	100	302	0	0	1	302	1	302	1.05e-217	593
NC_000913.3_648	iSF_1195.SF0626	99.0	302	3	0	1	302	1	302	2.03e-215	587
NC_000913.3_648	iSSON_1240.SSON_0609	99.0	302	3	0	1	302	1	302	2.89e-215	587
NC_000913.3_648	STM_v1_0.STM0665	93.4	302	20	0	1	302	7	308	6.85e-204	558
NC_000913.3_648	iYL1228.KPN_00681	89.1	303	32	1	1	302	16	318	1.01e-196	541
NC_000913.3_650	iML1515.b0657	100	512	0	0	1	512	1	512	0.0	1024
NC_000913.3_650	iSF_1195.SF0625	99.0	512	5	0	1	512	1	512	0.0	1015
NC_000913.3_650	iSDY_1059.SDY_0593	99.4	512	3	0	1	512	1	512	0.0	1014
NC_000913.3_650	iSSON_1240.SSON_0611	98.6	512	7	0	1	512	1	512	0.0	1012
NC_000913.3_650	iSbBS512_1146.SbBS512_E0590	98.6	512	7	0	1	512	1	512	0.0	1011
NC_000913.3_650	STM_v1_0.STM0666	89.3	512	55	0	1	512	1	512	0.0	932
NC_000913.3_654	iAF987.Gmet_3535	31.0	113	75	2	239	351	98	207	1.24e-04	43.9
NC_000913.3_655	iML1515.b0662	100	391	0	0	1	391	1	391	3.25e-291	786
NC_000913.3_655	iSbBS512_1146.SbBS512_E0585	98.7	391	5	0	1	391	1	391	2.10e-287	777
NC_000913.3_655	iSDY_1059.SDY_0598	99.0	391	4	0	1	391	1	391	8.56e-287	775
NC_000913.3_655	iSSON_1240.SSON_0616	98.5	391	6	0	1	391	1	391	8.56e-287	775
NC_000913.3_655	iSF_1195.SF0620	98.2	391	7	0	1	391	1	391	1.42e-285	772
NC_000913.3_656	iML1515.b0674	100	554	0	0	1	554	1	554	0.0	1134
NC_000913.3_656	iSSON_1240.SSON_0627	99.3	554	4	0	1	554	1	554	0.0	1128
NC_000913.3_656	iSDY_1059.SDY_0608	99.3	554	4	0	1	554	1	554	0.0	1127
NC_000913.3_656	iSbBS512_1146.SbBS512_E0577	99.1	554	5	0	1	554	1	554	0.0	1127
NC_000913.3_656	iYL1228.KPN_00695	95.1	554	27	0	1	554	1	554	0.0	1088
NC_000913.3_656	STM_v1_0.STM0680	94.4	554	31	0	1	554	1	554	0.0	1082
NC_000913.3_656	iPC815.YPO2623	90.8	554	51	0	1	554	1	554	0.0	1049
NC_000913.3_656	iSF_1195.SF0619	92.1	554	5	1	1	554	1	515	0.0	1025
NC_000913.3_657	iML1515.b0675	100	250	0	0	1	250	1	250	1.59e-186	510
NC_000913.3_658	iHN637.CLJU_RS10220	25.2	306	226	3	87	389	5	310	6.84e-41	147
NC_000913.3_659	iML1515.b0677	100	382	0	0	1	382	1	382	2.16e-280	758
NC_000913.3_659	iSbBS512_1146.SbBS512_E0574	99.7	382	1	0	1	382	1	382	6.18e-280	757
NC_000913.3_659	iSSON_1240.SSON_0631	99.5	382	2	0	1	382	1	382	1.77e-279	756
NC_000913.3_659	iSF_1195.SF0616	99.7	382	1	0	1	382	1	382	2.52e-279	756
NC_000913.3_659	iSDY_1059.SDY_0611	99.0	382	4	0	1	382	1	382	2.07e-278	753
NC_000913.3_659	STM_v1_0.STM0683	92.6	380	28	0	1	380	1	380	2.62e-261	710
NC_000913.3_660	iML1515.b0678	100	266	0	0	1	266	1	266	3.63e-200	546
NC_000913.3_660	iSbBS512_1146.SbBS512_E0573	100	266	0	0	1	266	1	266	3.63e-200	546
NC_000913.3_660	iSSON_1240.SSON_0632	100	266	0	0	1	266	1	266	3.63e-200	546
NC_000913.3_660	iSF_1195.SF0615	99.6	266	1	0	1	266	1	266	7.32e-200	545
NC_000913.3_660	iSDY_1059.SDY_0612	98.9	266	3	0	1	266	1	266	9.98e-198	540
NC_000913.3_660	STM_v1_0.STM0684	95.5	266	12	0	1	266	1	266	1.78e-191	524
NC_000913.3_660	iYL1228.KPN_00699	94.4	266	15	0	1	266	1	266	3.44e-189	518
NC_000913.3_661	iML1515.b0679	100	648	0	0	1	648	1	648	0.0	1228
NC_000913.3_661	iSDY_1059.SDY_0613	99.4	648	4	0	1	648	1	648	0.0	1224
NC_000913.3_661	iSbBS512_1146.SbBS512_E0571	99.2	648	5	0	1	648	1	648	0.0	1222
NC_000913.3_661	iSF_1195.SF0614	99.2	648	5	0	1	648	1	648	0.0	1221
NC_000913.3_661	iSSON_1240.SSON_0633	99.2	648	5	0	1	648	1	648	0.0	1220
NC_000913.3_661	STM_v1_0.STM0685	92.9	648	45	1	1	647	1	648	0.0	1153
NC_000913.3_663	iSSON_1240.SSON_0634	100	554	0	0	1	554	1	554	0.0	1146
NC_000913.3_663	iSbBS512_1146.SbBS512_E0570	99.8	554	1	0	1	554	1	554	0.0	1143
NC_000913.3_663	iSF_1195.SF0613	99.6	554	2	0	1	554	1	554	0.0	1143
NC_000913.3_663	iSDY_1059.SDY_0614	99.3	554	4	0	1	554	1	554	0.0	1140
NC_000913.3_663	STM_v1_0.STM0686	96.0	555	21	1	1	554	1	555	0.0	1109
NC_000913.3_663	iYL1228.KPN_00701	93.9	555	33	1	1	554	1	555	0.0	1082
NC_000913.3_664	iML1515.b0681	100	468	0	0	1	468	1	468	0.0	981
NC_000913.3_667	iML1515.b0684	100	176	0	0	1	176	1	176	7.01e-133	368
NC_000913.3_667	iSbBS512_1146.SbBS512_E0566	100	176	0	0	1	176	40	215	2.80e-132	368
NC_000913.3_667	iSDY_1059.SDY_0624	100	176	0	0	1	176	1	176	7.01e-133	368
NC_000913.3_667	iSSON_1240.SSON_0638	100	176	0	0	1	176	1	176	7.01e-133	368
NC_000913.3_667	STM_v1_0.STM0694	97.7	176	4	0	1	176	1	176	9.58e-131	363
NC_000913.3_667	iYL1228.KPN_00707	96.0	176	7	0	1	176	1	176	3.75e-128	356
NC_000913.3_667	iSF_1195.SF0609	96.0	176	7	0	1	176	1	176	8.84e-127	353
NC_000913.3_667	iPC815.YPO2635	91.4	174	15	0	1	174	1	174	1.86e-121	339
NC_000913.3_669	iJN1463.PP_0553	25.1	251	155	8	17	252	133	365	1.36e-09	57.4
NC_000913.3_671	iML1515.b0688	100	546	0	0	1	546	1	546	0.0	1080
NC_000913.3_671	iSbBS512_1146.SbBS512_E0562	100	546	0	0	1	546	1	546	0.0	1080
NC_000913.3_671	iSDY_1059.SDY_0628	99.6	546	2	0	1	546	1	546	0.0	1075
NC_000913.3_671	iSF_1195.SF0605	99.5	546	3	0	1	546	1	546	0.0	1075
NC_000913.3_671	iSSON_1240.SSON_0642	99.5	546	3	0	1	546	1	546	0.0	1074
NC_000913.3_671	STM_v1_0.STM0698	97.6	546	13	0	1	546	1	546	0.0	1053
NC_000913.3_671	iYL1228.KPN_00711	96.2	546	21	0	1	546	1	546	0.0	1042
NC_000913.3_674	iML1515.b0692	100	439	0	0	1	439	1	439	3.68e-310	838
NC_000913.3_674	iSSON_1240.SSON_0643	100	439	0	0	1	439	1	439	3.68e-310	838
NC_000913.3_674	iSF_1195.SF0604	99.5	439	2	0	1	439	1	439	1.75e-308	834
NC_000913.3_674	STM_v1_0.STM0700	94.1	439	26	0	1	439	1	439	1.57e-295	801
NC_000913.3_675	iML1515.b0693	100	732	0	0	1	732	1	732	0.0	1500
NC_000913.3_675	STM_v1_0.STM0701	91.7	732	61	0	1	732	1	732	0.0	1386
NC_000913.3_677	iAF987.Gmet_2999	36.8	117	71	1	3	116	9	125	6.91e-16	75.1
NC_000913.3_677	iAF987.Gmet_0069	33.6	119	74	2	4	117	5	123	1.17e-14	71.2
NC_000913.3_678	iSynCJ816.SGL_RS08885	39.6	364	212	4	13	373	10	368	4.64e-78	258
NC_000913.3_679	iML1515.b0696	100	190	0	0	1	190	1	190	4.12e-132	367
NC_000913.3_679	iSSON_1240.SSON_0647	97.9	190	4	0	1	190	1	190	6.84e-131	364
NC_000913.3_680	iML1515.b0697	100	682	0	0	1	682	1	682	0.0	1275
NC_000913.3_680	iSSON_1240.SSON_0648	99.4	682	4	0	1	682	1	682	0.0	1268
NC_000913.3_680	STM_v1_0.STM0705	91.8	681	56	0	1	681	1	681	0.0	1176
NC_000913.3_680	iYL1228.KPN_00716	90.3	682	66	0	1	682	1	682	0.0	1163
NC_000913.3_681	iML1515.b0698	100	557	0	0	1	557	1	557	0.0	1065
NC_000913.3_681	iSSON_1240.SSON_0649	98.4	557	9	0	1	557	1	557	0.0	1048
NC_000913.3_692	iML1515.b0709	100	493	0	0	1	493	1	493	0.0	968
NC_000913.3_692	iSF_1195.SF0588	99.8	493	1	0	1	493	1	493	0.0	967
NC_000913.3_692	iSSON_1240.SSON_0660	99.6	493	2	0	1	493	1	493	0.0	966
NC_000913.3_692	iSbBS512_1146.SbBS512_E0626	99.4	493	3	0	1	493	1	493	0.0	964
NC_000913.3_694	iCN900.CD630_13860	41.3	213	116	6	7	212	5	215	5.66e-45	149
NC_000913.3_694	iYS854.USA300HOU_RS08570	36.7	207	126	3	9	210	6	212	2.85e-42	142
NC_000913.3_695	iCN900.CD630_13870	32.1	299	198	1	3	296	4	302	6.94e-53	176
NC_000913.3_695	iYS854.USA300HOU_RS08565	33.2	307	196	3	2	302	3	306	1.56e-49	167
NC_000913.3_703	iML1515.b0720	100	427	0	0	1	427	1	427	0.0	864
NC_000913.3_703	iSbBS512_1146.SbBS512_E0638	100	427	0	0	1	427	1	427	0.0	864
NC_000913.3_703	iSSON_1240.SSON_0671	100	427	0	0	1	427	1	427	0.0	864
NC_000913.3_703	iSF_1195.SF0577	99.5	427	2	0	1	427	1	427	1.68e-318	858
NC_000913.3_703	iSDY_1059.SDY_0658	99.3	426	3	0	1	426	1	426	4.91e-318	857
NC_000913.3_703	STM_v1_0.STM0730	96.3	427	16	0	1	427	1	427	7.14e-311	839
NC_000913.3_703	iYL1228.KPN_00727	95.1	427	21	0	1	427	1	427	3.25e-307	830
NC_000913.3_705	iSbBS512_1146.SbBS512_E0640	100	134	0	0	1	134	1	134	6.08e-91	259
NC_000913.3_705	iSF_1195.SF0576	99.3	134	1	0	1	134	1	134	5.00e-90	256
NC_000913.3_705	iML1515.b0721	100	129	0	0	6	134	1	129	1.93e-86	247
NC_000913.3_705	iSDY_1059.SDY_0659	100	129	0	0	6	134	1	129	1.93e-86	247
NC_000913.3_705	iSSON_1240.SSON_0672	100	129	0	0	6	134	1	129	1.93e-86	247
NC_000913.3_706	iML1515.b0722	100	115	0	0	1	115	1	115	1.73e-72	211
NC_000913.3_706	iSDY_1059.SDY_0660	100	115	0	0	1	115	1	115	1.73e-72	211
NC_000913.3_706	iSF_1195.SF0575	100	115	0	0	1	115	1	115	1.73e-72	211
NC_000913.3_706	iSSON_1240.SSON_0673	100	115	0	0	1	115	1	115	1.73e-72	211
NC_000913.3_706	iSbBS512_1146.SbBS512_E0641	99.1	115	1	0	1	115	1	115	7.05e-72	209
NC_000913.3_706	STM_v1_0.STM0733	94.8	115	6	0	1	115	1	115	5.57e-69	202
NC_000913.3_706	iYL1228.KPN_00729	90.4	115	11	0	1	115	1	115	8.87e-66	194
NC_000913.3_707	iML1515.b0723	100	588	0	0	1	588	1	588	0.0	1183
NC_000913.3_707	iSSON_1240.SSON_0674	100	588	0	0	1	588	1	588	0.0	1183
NC_000913.3_707	iSF_1195.SF0574	99.8	588	1	0	1	588	1	588	0.0	1181
NC_000913.3_707	iSbBS512_1146.SbBS512_E0642	99.8	588	1	0	1	588	1	588	0.0	1179
NC_000913.3_707	iSDY_1059.SDY_0661	99.8	588	1	0	1	588	1	588	0.0	1179
NC_000913.3_707	iYL1228.KPN_00730	98.6	588	8	0	1	588	1	588	0.0	1171
NC_000913.3_707	STM_v1_0.STM0734	98.0	588	12	0	1	588	1	588	0.0	1166
NC_000913.3_707	iPC815.YPO1111	92.0	588	47	0	1	588	1	588	0.0	1110
NC_000913.3_708	iML1515.b0724	100	238	0	0	1	238	1	238	2.75e-181	496
NC_000913.3_708	iSbBS512_1146.SbBS512_E0643	99.6	238	1	0	1	238	1	238	1.12e-180	494
NC_000913.3_708	iSF_1195.SF0573	99.6	238	1	0	1	238	1	238	1.12e-180	494
NC_000913.3_708	iSSON_1240.SSON_0675	99.6	238	1	0	1	238	1	238	1.12e-180	494
NC_000913.3_708	iSDY_1059.SDY_0662	99.6	238	1	0	1	238	1	238	4.56e-180	493
NC_000913.3_708	iYL1228.KPN_00731	97.5	238	6	0	1	238	1	238	3.60e-177	485
NC_000913.3_708	STM_v1_0.STM0735	96.6	238	8	0	1	238	2	239	3.07e-176	483
NC_000913.3_708	iPC815.YPO1112	90.8	238	22	0	1	238	1	238	9.81e-166	456
NC_000913.3_709	iML1515.b0726	100	933	0	0	1	933	1	933	0.0	1885
NC_000913.3_709	iSbBS512_1146.SbBS512_E0645	100	933	0	0	1	933	1	933	0.0	1885
NC_000913.3_709	iSDY_1059.SDY_0664	99.9	933	1	0	1	933	1	933	0.0	1882
NC_000913.3_709	iSF_1195.SF0571	99.7	933	3	0	1	933	1	933	0.0	1882
NC_000913.3_709	iSSON_1240.SSON_0677	99.8	933	2	0	1	933	1	933	0.0	1880
NC_000913.3_709	STM_v1_0.STM0736	94.7	933	49	0	1	933	1	933	0.0	1804
NC_000913.3_709	iYL1228.KPN_00732	93.8	935	56	1	1	933	1	935	0.0	1790
NC_000913.3_710	iML1515.b0727	100	405	0	0	1	405	1	405	3.41e-275	747
NC_000913.3_710	iSSON_1240.SSON_0678	100	405	0	0	1	405	1	405	3.41e-275	747
NC_000913.3_710	iSbBS512_1146.SbBS512_E0646	98.8	405	5	0	1	405	1	405	9.76e-275	746
NC_000913.3_710	iSF_1195.SF0570	99.8	405	1	0	1	405	1	405	1.39e-274	746
NC_000913.3_710	iSDY_1059.SDY_0665	97.8	405	9	0	1	405	1	405	1.14e-273	743
NC_000913.3_710	STM_v1_0.STM0737	94.3	407	16	2	1	405	1	402	1.35e-262	715
NC_000913.3_710	iYL1228.KPN_00733	93.4	408	24	1	1	405	1	408	4.91e-255	696
NC_000913.3_711	iML1515.b0728	100	388	0	0	1	388	1	388	1.57e-276	749
NC_000913.3_711	iSF_1195.SF0569	100	388	0	0	1	388	1	388	1.57e-276	749
NC_000913.3_711	iSSON_1240.SSON_0679	100	388	0	0	1	388	1	388	1.57e-276	749
NC_000913.3_711	iSDY_1059.SDY_0666	99.7	388	1	0	1	388	1	388	1.83e-275	746
NC_000913.3_711	iSbBS512_1146.SbBS512_E0647	99.2	388	3	0	1	388	1	388	3.54e-273	741
NC_000913.3_711	STM_v1_0.STM0738	98.5	388	6	0	1	388	1	388	5.86e-272	738
NC_000913.3_711	iYL1228.KPN_00734	97.4	388	10	0	1	388	1	388	1.61e-269	731
NC_000913.3_711	iPC815.YPO1115	92.8	388	28	0	1	388	1	388	2.49e-257	701
NC_000913.3_712	iML1515.b0729	100	289	0	0	1	289	1	289	1.41e-204	559
NC_000913.3_712	iSbBS512_1146.SbBS512_E0648	100	289	0	0	1	289	1	289	1.41e-204	559
NC_000913.3_712	iSSON_1240.SSON_0680	100	289	0	0	1	289	1	289	1.41e-204	559
NC_000913.3_712	iSF_1195.SF0568	99.7	289	1	0	1	289	1	289	5.76e-204	557
NC_000913.3_712	iSDY_1059.SDY_0667	99.3	289	2	0	1	289	1	289	1.93e-202	553
NC_000913.3_712	iYL1228.KPN_00735	95.5	289	13	0	1	289	1	289	2.06e-197	541
NC_000913.3_712	STM_v1_0.STM0739	95.2	289	14	0	1	289	1	289	5.91e-197	540
NC_000913.3_712	iPC815.YPO1116	91.0	288	26	0	1	288	1	288	2.85e-186	513
NC_000913.3_714	iML1515.b0731	100	638	0	0	1	638	21	658	0.0	1170
NC_000913.3_714	iSSON_1240.SSON_0682	98.1	638	12	0	1	638	21	658	0.0	1165
NC_000913.3_714	iSbBS512_1146.SbBS512_E0650	99.4	638	4	0	1	638	1	638	0.0	1160
NC_000913.3_714	iSF_1195.SF0566	98.4	638	10	0	1	638	21	658	0.0	1153
NC_000913.3_715	iML1515.b0732	100	877	0	0	1	877	1	877	0.0	1777
NC_000913.3_715	iSF_1195.SF0565	97.0	877	26	0	1	877	1	877	0.0	1728
NC_000913.3_716	iML1515.b0733	100	522	0	0	1	522	1	522	0.0	1020
NC_000913.3_716	iSSON_1240.SSON_0685	100	522	0	0	1	522	2	523	0.0	1020
NC_000913.3_716	STM_v1_0.STM0740	94.6	522	28	0	1	522	1	522	0.0	970
NC_000913.3_716	iYL1228.KPN_00736	93.9	522	32	0	1	522	2	523	0.0	964
NC_000913.3_717	iML1515.b0734	100	379	0	0	1	379	1	379	2.71e-277	750
NC_000913.3_717	iSSON_1240.SSON_0686	100	379	0	0	1	379	1	379	2.71e-277	750
NC_000913.3_717	STM_v1_0.STM0741	92.1	379	30	0	1	379	1	379	3.19e-260	707
NC_000913.3_717	iYL1228.KPN_00737	88.4	379	44	0	1	379	1	379	2.19e-251	685
NC_000913.3_718	iML1515.b4515	100	37	0	0	1	37	1	37	1.68e-22	79.0
NC_000913.3_720	iSF_1195.SF0561	100	134	0	0	1	134	1	134	4.45e-93	264
NC_000913.3_720	iSSON_1240.SSON_0688	100	134	0	0	1	134	1	134	4.45e-93	264
NC_000913.3_720	iSbBS512_1146.SbBS512_E0658	99.3	134	1	0	1	134	1	134	1.49e-91	260
NC_000913.3_720	iSDY_1059.SDY_0684	98.5	134	2	0	1	134	1	134	2.48e-90	257
NC_000913.3_721	iYL1228.KPN_03426	34.7	213	92	5	3	193	4	191	3.99e-24	95.9
NC_000913.3_721	iSbBS512_1146.SbBS512_E3434	36.1	208	98	5	2	193	8	196	8.79e-24	95.1
NC_000913.3_721	iML1515.b3006	34.6	205	105	4	2	193	8	196	1.23e-23	94.7
NC_000913.3_721	iSDY_1059.SDY_3067	34.6	205	105	4	2	193	8	196	1.23e-23	94.7
NC_000913.3_721	iSSON_1240.SSON_3149	34.6	205	105	4	2	193	8	196	1.23e-23	94.7
NC_000913.3_721	iSF_1195.SF3051	34.6	205	105	4	2	193	8	196	1.72e-23	94.4
NC_000913.3_721	STM_v1_0.STM3159	35.7	210	96	6	2	193	8	196	2.40e-23	94.0
NC_000913.3_721	iPC815.YPO0682	28.8	233	147	2	3	227	118	339	4.60e-22	92.4
NC_000913.3_721	iJN1463.PP_5306	35.2	182	113	3	12	193	100	276	5.95e-22	91.7
NC_000913.3_722	iJN1463.PP_5307	33.1	124	77	3	15	138	17	134	2.77e-14	65.1
NC_000913.3_722	STM_v1_0.STM3158	31.0	126	80	3	15	140	17	135	3.81e-14	64.7
NC_000913.3_725	iAF987.Gmet_1832	27.6	105	74	2	71	173	413	517	6.50e-08	50.8
NC_000913.3_725	iPC815.YPO1435	35.3	85	53	2	71	153	228	312	1.05e-07	50.1
NC_000913.3_725	iML1515.b0957	37.2	86	50	2	71	153	221	305	1.60e-06	46.6
NC_000913.3_725	iSbBS512_1146.SbBS512_E2359	37.2	86	50	2	71	153	221	305	1.60e-06	46.6
NC_000913.3_725	iSDY_1059.SDY_0930	37.2	86	50	2	71	153	225	309	1.61e-06	46.6
NC_000913.3_725	iSF_1195.SF0957	37.2	86	50	2	71	153	223	307	1.60e-06	46.6
NC_000913.3_725	iSSON_1240.SSON_0961	37.2	86	50	2	71	153	221	305	1.60e-06	46.6
NC_000913.3_727	iML1515.b0750	100	347	0	0	1	347	1	347	6.93e-257	696
NC_000913.3_727	iSbBS512_1146.SbBS512_E0671	99.7	347	1	0	1	347	1	347	2.82e-256	694
NC_000913.3_727	iSF_1195.SF0554	98.8	347	4	0	1	347	1	347	9.05e-253	686
NC_000913.3_727	iSDY_1059.SDY_0694	98.8	347	4	0	1	347	1	347	1.83e-252	685
NC_000913.3_728	iML1515.b0751	100	239	0	0	1	239	1	239	1.10e-167	461
NC_000913.3_728	iSF_1195.SF0553	100	239	0	0	1	239	1	239	1.10e-167	461
NC_000913.3_728	iSSON_1240.SSON_0703	100	239	0	0	1	239	1	239	1.10e-167	461
NC_000913.3_728	iSDY_1059.SDY_0695	98.7	239	3	0	1	239	1	239	1.50e-165	456
NC_000913.3_728	iSbBS512_1146.SbBS512_E0673	98.7	234	3	0	6	239	1	234	1.15e-161	446
NC_000913.3_728	STM_v1_0.STM0757	89.1	238	26	0	1	238	1	238	6.45e-151	419
NC_000913.3_729	iML1515.b0752	100	313	0	0	1	313	1	313	1.76e-226	616
NC_000913.3_729	iSDY_1059.SDY_0696	100	313	0	0	1	313	1	313	1.76e-226	616
NC_000913.3_729	iSSON_1240.SSON_0704	99.4	313	2	0	1	313	1	313	2.06e-225	613
NC_000913.3_729	iSF_1195.SF0552	99.4	313	2	0	1	313	1	313	1.19e-224	612
NC_000913.3_729	iSbBS512_1146.SbBS512_E0672	99.0	313	3	0	1	313	1	313	3.41e-224	610
NC_000913.3_731	iML1515.b0754	100	350	0	0	1	350	1	350	1.65e-261	708
NC_000913.3_731	iSbBS512_1146.SbBS512_E0675	100	350	0	0	1	350	1	350	1.65e-261	708
NC_000913.3_731	iSDY_1059.SDY_0701	100	350	0	0	1	350	1	350	1.65e-261	708
NC_000913.3_731	iSF_1195.SF0550	99.4	350	2	0	1	350	1	350	1.92e-260	705
NC_000913.3_731	iSSON_1240.SSON_0706	99.4	350	2	0	1	350	1	350	1.92e-260	705
NC_000913.3_731	STM_v1_0.STM0760	94.9	350	18	0	1	350	1	350	4.28e-248	674
NC_000913.3_731	iYL1228.KPN_00758	93.1	350	24	0	1	350	1	350	1.37e-244	665
NC_000913.3_732	iML1515.b0755	100	250	0	0	1	250	1	250	5.32e-185	506
NC_000913.3_732	iSbBS512_1146.SbBS512_E0676	100	250	0	0	1	250	1	250	5.32e-185	506
NC_000913.3_732	iSF_1195.SF0549	100	250	0	0	1	250	1	250	5.32e-185	506
NC_000913.3_732	iSSON_1240.SSON_0707	100	250	0	0	1	250	1	250	5.32e-185	506
NC_000913.3_732	iSDY_1059.SDY_0702	99.6	250	1	0	1	250	1	250	6.21e-184	503
NC_000913.3_732	STM_v1_0.STM0772	98.4	250	4	0	1	250	1	250	1.03e-182	500
NC_000913.3_732	iYL1228.KPN_00768	94.4	250	14	0	1	250	1	250	9.10e-177	485
NC_000913.3_732	iPC815.YPO1133	88.0	250	30	0	1	250	1	250	3.00e-166	459
NC_000913.3_733	iML1515.b0756	100	346	0	0	1	346	1	346	1.53e-264	715
NC_000913.3_733	iSbBS512_1146.SbBS512_E0677	100	346	0	0	1	346	1	346	1.53e-264	715
NC_000913.3_733	iSF_1195.SF0548	100	346	0	0	1	346	1	346	1.53e-264	715
NC_000913.3_733	iSSON_1240.SSON_0708	99.4	346	2	0	1	346	1	346	2.96e-262	709
NC_000913.3_733	iSDY_1059.SDY_0703	99.1	346	3	0	1	346	1	346	5.97e-262	709
NC_000913.3_734	iML1515.b0757	100	382	0	0	1	382	1	382	1.07e-280	759
NC_000913.3_734	iSDY_1059.SDY_0704	99.7	382	1	0	1	382	1	382	6.18e-280	757
NC_000913.3_734	iSF_1195.SF0547	99.7	382	1	0	1	382	1	382	6.18e-280	757
NC_000913.3_734	iSSON_1240.SSON_0709	99.7	382	1	0	1	382	1	382	6.18e-280	757
NC_000913.3_734	iSbBS512_1146.SbBS512_E0678	99.2	382	3	0	1	382	1	382	1.45e-278	754
NC_000913.3_734	iYL1228.KPN_00771	91.4	382	33	0	1	382	2	383	1.46e-260	708
NC_000913.3_734	STM_v1_0.STM0774	90.6	382	36	0	1	382	1	382	2.32e-259	705
NC_000913.3_735	iML1515.b0758	100	348	0	0	1	348	1	348	4.25e-272	734
NC_000913.3_735	iSSON_1240.SSON_0710	99.7	348	1	0	1	348	1	348	4.96e-271	732
NC_000913.3_735	iSF_1195.SF0546	99.4	348	2	0	1	348	1	348	8.23e-270	729
NC_000913.3_735	iSbBS512_1146.SbBS512_E0679	99.4	348	2	0	1	348	1	348	1.17e-269	728
NC_000913.3_735	iSDY_1059.SDY_0705	98.6	348	5	0	1	348	1	348	1.37e-268	726
NC_000913.3_735	STM_v1_0.STM0775	93.4	348	23	0	1	348	1	348	2.24e-258	700
NC_000913.3_735	iYL1228.KPN_00772	91.7	348	29	0	1	348	1	348	4.85e-253	686
NC_000913.3_736	iML1515.b0759	100	338	0	0	1	338	1	338	2.07e-258	699
NC_000913.3_736	iSSON_1240.SSON_0711	99.7	338	1	0	1	338	1	338	1.20e-257	697
NC_000913.3_736	iSbBS512_1146.SbBS512_E0680	99.4	338	2	0	1	338	1	338	1.70e-257	697
NC_000913.3_736	iSDY_1059.SDY_0706	99.4	338	2	0	1	338	1	338	1.40e-256	694
NC_000913.3_736	iSF_1195.SF0545	99.1	338	3	0	1	338	1	338	4.00e-256	693
NC_000913.3_736	STM_v1_0.STM0776	95.9	338	14	0	1	338	1	338	1.75e-250	679
NC_000913.3_736	iYL1228.KPN_00773	92.9	338	24	0	1	338	1	338	1.48e-242	659
NC_000913.3_737	iYO844.BSU30760	30.8	201	129	4	261	461	4	194	4.77e-21	92.0
NC_000913.3_737	iSbBS512_1146.SbBS512_E3955	24.6	475	319	11	10	463	11	467	1.75e-19	90.9
NC_000913.3_737	iLJ478.TM0115	24.0	445	309	9	33	463	44	473	2.39e-19	90.5
NC_000913.3_737	iML1515.b3567	24.9	461	307	11	24	463	25	467	4.15e-19	89.7
NC_000913.3_737	iYS854.USA300HOU_RS14570	26.3	502	287	20	16	460	20	495	4.90e-19	89.7
NC_000913.3_737	iSF_1195.SF3611	24.4	475	320	11	10	463	11	467	9.84e-19	88.6
NC_000913.3_737	iML1515.b4485	23.6	458	324	10	17	464	23	464	2.97e-18	87.0
NC_000913.3_737	iYS854.USA300HOU_RS08305	32.9	228	131	9	259	475	9	225	5.80e-19	86.3
NC_000913.3_737	iSSON_1240.SSON_4410	23.6	462	319	11	17	464	23	464	7.02e-18	85.9
NC_000913.3_737	iPC815.YPO3907	25.4	461	312	12	17	464	18	459	9.22e-18	85.5
NC_000913.3_737	iNF517.LLMG_RS04060	23.4	453	303	10	17	451	16	442	1.21e-17	85.1
NC_000913.3_737	iPC815.YPO2060	31.8	201	110	3	261	460	5	179	1.24e-18	85.1
NC_000913.3_737	iCN900.CD630_04310	23.1	451	313	11	24	463	26	453	1.60e-17	84.7
NC_000913.3_737	iYL1228.KPN_03931	23.7	468	318	10	17	463	18	467	1.73e-17	84.7
NC_000913.3_737	iSF_1195.SF4262	23.4	462	320	11	17	464	23	464	2.21e-17	84.3
NC_000913.3_737	iYS854.USA300HOU_RS01050	23.9	464	294	18	34	460	39	480	2.42e-17	84.3
NC_000913.3_737	iML1515.b2180	24.9	485	286	16	24	460	30	484	3.21e-17	84.0
NC_000913.3_737	iYL1228.KPN_00862	24.0	508	318	18	11	460	22	519	3.87e-17	84.0
NC_000913.3_737	iPC815.YPO4036	23.3	455	322	9	24	463	25	467	5.38e-17	83.2
NC_000913.3_740	iML1515.b0763	100	257	0	0	1	257	1	257	5.07e-182	499
NC_000913.3_740	iSF_1195.SF0541	98.8	257	3	0	1	257	1	257	6.91e-180	494
NC_000913.3_740	iSDY_1059.SDY_0710	98.4	257	4	0	1	257	1	257	5.68e-179	491
NC_000913.3_740	iSbBS512_1146.SbBS512_E0684	96.9	257	8	0	1	257	1	257	3.15e-176	484
NC_000913.3_740	iSSON_1240.SSON_0715	96.9	257	8	0	1	257	1	257	3.15e-176	484
NC_000913.3_741	iML1515.b0764	100	229	0	0	1	229	1	229	3.56e-159	439
NC_000913.3_741	iSbBS512_1146.SbBS512_E0685	100	229	0	0	1	229	1	229	3.56e-159	439
NC_000913.3_741	iSDY_1059.SDY_0711	100	229	0	0	1	229	1	229	3.56e-159	439
NC_000913.3_741	iSSON_1240.SSON_0716	100	229	0	0	1	229	1	229	3.56e-159	439
NC_000913.3_741	iSF_1195.SF0540	99.6	229	1	0	1	229	1	229	2.93e-158	437
NC_000913.3_741	STM_v1_0.STM0782	95.2	229	11	0	1	229	1	229	1.82e-152	422
NC_000913.3_741	iYL1228.KPN_00778	89.0	228	25	0	1	228	1	228	2.08e-142	397
NC_000913.3_742	iML1515.b0765	100	352	0	0	1	352	1	352	4.86e-255	692
NC_000913.3_742	iSSON_1240.SSON_0717	100	352	0	0	1	352	1	352	4.86e-255	692
NC_000913.3_742	iSbBS512_1146.SbBS512_E0686	99.7	352	1	0	1	352	1	352	1.39e-254	691
NC_000913.3_742	iSDY_1059.SDY_0712	99.4	352	2	0	1	352	1	352	5.68e-254	689
NC_000913.3_742	iSF_1195.SF0539	99.7	352	1	0	1	352	1	352	5.68e-254	689
NC_000913.3_742	STM_v1_0.STM0783	91.8	352	29	0	1	352	1	352	4.69e-237	646
NC_000913.3_743	iML1515.b0766	100	272	0	0	1	272	1	272	1.48e-202	552
NC_000913.3_743	iSbBS512_1146.SbBS512_E0687	98.9	272	3	0	1	272	1	272	4.95e-201	548
NC_000913.3_743	iSF_1195.SF0538	98.9	272	3	0	1	272	1	272	4.07e-200	546
NC_000913.3_744	iML1515.b0767	100	331	0	0	1	331	1	331	7.74e-255	689
NC_000913.3_744	iSDY_1059.SDY_2011	100	331	0	0	1	331	1	331	7.74e-255	689
NC_000913.3_744	iSF_1195.SF0888	99.4	331	2	0	1	331	1	331	2.59e-253	686
NC_000913.3_744	iSSON_1240.SSON_0741	99.4	331	2	0	1	331	1	331	5.23e-253	685
NC_000913.3_744	iSbBS512_1146.SbBS512_E2591	99.1	331	3	0	1	331	1	331	2.13e-252	683
NC_000913.3_744	STM_v1_0.STM0785	91.5	331	28	0	1	331	1	331	4.19e-234	637
NC_000913.3_746	iJN1463.PP_2513	48.4	349	176	2	3	349	5	351	1.42e-109	323
NC_000913.3_747	iSF_1195.SF0891	99.6	456	2	0	22	477	1	456	0.0	867
NC_000913.3_748	iHN637.CLJU_RS03255	27.1	722	420	19	41	749	9	637	2.29e-63	223
NC_000913.3_748	iCN900.CD630_08330	27.3	726	426	18	37	751	5	639	8.26e-63	221
NC_000913.3_748	iHN637.CLJU_RS15025	27.3	719	403	19	52	749	5	624	3.17e-62	219
NC_000913.3_748	iAF987.Gmet_2763	26.0	724	439	18	37	749	5	642	9.91e-56	202
NC_000913.3_751	iML1515.b0774	100	429	0	0	1	429	1	429	0.0	877
NC_000913.3_751	iSSON_1240.SSON_0753	100	429	0	0	1	429	1	429	0.0	877
NC_000913.3_751	iSF_1195.SF0725	98.1	429	8	0	1	429	38	466	1.18e-319	863
NC_000913.3_751	iSbBS512_1146.SbBS512_E2578	97.9	429	9	0	1	429	1	429	2.57e-319	861
NC_000913.3_751	iSDY_1059.SDY_0832	97.7	429	10	0	1	429	1	429	5.79e-318	857
NC_000913.3_752	iML1515.b0775	100	346	0	0	1	346	1	346	4.33e-255	691
NC_000913.3_752	iSSON_1240.SSON_0754	100	346	0	0	1	346	1	346	4.33e-255	691
NC_000913.3_752	iSDY_1059.SDY_0831	99.7	346	1	0	1	346	1	346	1.76e-254	690
NC_000913.3_752	iSF_1195.SF0724	99.4	346	2	0	1	346	1	346	2.06e-253	687
NC_000913.3_752	iSbBS512_1146.SbBS512_E2577	98.8	346	4	0	1	346	1	346	6.88e-252	683
NC_000913.3_752	STM_v1_0.STM0794	94.5	346	19	0	1	346	1	346	1.94e-242	659
NC_000913.3_752	iYL1228.KPN_00800	93.5	338	22	0	9	346	1	338	7.31e-236	642
NC_000913.3_753	iML1515.b0776	100	384	0	0	1	384	1	384	1.70e-278	754
NC_000913.3_753	iSDY_1059.SDY_0830	98.2	384	7	0	1	384	1	384	7.74e-275	744
NC_000913.3_753	iSbBS512_1146.SbBS512_E2576	97.4	384	10	0	1	384	1	384	5.22e-273	740
NC_000913.3_753	iSF_1195.SF0726	97.7	384	9	0	1	384	1	384	7.42e-273	739
NC_000913.3_753	iSSON_1240.SSON_0755	97.1	384	11	0	1	384	1	384	4.29e-272	738
NC_000913.3_754	iML1515.b0777	100	251	0	0	1	251	1	251	1.79e-188	515
NC_000913.3_754	iSbBS512_1146.SbBS512_E2575	98.4	251	4	0	1	251	1	251	1.41e-185	508
NC_000913.3_754	iSSON_1240.SSON_0756	98.4	251	4	0	1	251	1	251	1.41e-185	508
NC_000913.3_754	iSDY_1059.SDY_0829	96.4	251	9	0	1	251	1	251	1.30e-181	498
NC_000913.3_754	iSF_1195.SF0727	97.2	251	7	0	1	251	1	251	1.07e-180	495
NC_000913.3_755	iML1515.b0778	100	225	0	0	1	225	1	225	1.16e-162	447
NC_000913.3_755	iSSON_1240.SSON_0757	98.7	225	3	0	1	225	1	225	1.11e-160	442
NC_000913.3_755	iSbBS512_1146.SbBS512_E2574	98.2	225	4	0	1	225	1	225	9.14e-160	440
NC_000913.3_755	iSF_1195.SF0728	98.2	225	4	0	1	225	1	225	1.84e-159	439
NC_000913.3_755	iSDY_1059.SDY_0828	97.8	225	5	0	1	225	1	225	1.52e-158	437
NC_000913.3_758	iML1515.b0781	100	329	0	0	1	329	1	329	3.95e-247	670
NC_000913.3_758	iSSON_1240.SSON_0760	99.1	329	3	0	1	329	1	329	3.79e-245	665
NC_000913.3_758	iSDY_1059.SDY_0825	99.1	329	3	0	1	329	1	329	5.38e-245	664
NC_000913.3_758	iSbBS512_1146.SbBS512_E2571	98.8	329	4	0	1	329	1	329	3.11e-244	662
NC_000913.3_758	iSF_1195.SF0731	98.8	329	4	0	1	329	1	329	4.42e-244	662
NC_000913.3_759	iJN1463.PP_4600	56.6	166	72	0	3	168	4	169	3.45e-64	194
NC_000913.3_759	iJN1463.PP_2122	54.4	169	77	0	2	170	3	171	2.02e-62	190
NC_000913.3_760	iML1515.b0783	100	161	0	0	1	161	1	161	7.17e-112	314
NC_000913.3_760	iSbBS512_1146.SbBS512_E2569	100	161	0	0	1	161	1	161	7.17e-112	314
NC_000913.3_760	iSDY_1059.SDY_0823	100	161	0	0	1	161	1	161	7.17e-112	314
NC_000913.3_760	iSF_1195.SF0733	100	161	0	0	1	161	1	161	7.17e-112	314
NC_000913.3_760	iSSON_1240.SSON_0762	99.4	161	1	0	1	161	1	161	2.92e-111	312
NC_000913.3_761	iML1515.b0784	100	81	0	0	1	81	1	81	4.96e-54	161
NC_000913.3_761	iSbBS512_1146.SbBS512_E2568	100	81	0	0	1	81	1	81	4.96e-54	161
NC_000913.3_761	iSF_1195.SF0734	97.5	81	2	0	1	81	1	81	4.08e-53	159
NC_000913.3_761	iSSON_1240.SSON_0763	97.5	81	2	0	1	81	1	81	4.08e-53	159
NC_000913.3_761	iSDY_1059.SDY_0822	97.5	81	2	0	1	81	1	81	8.24e-53	158
NC_000913.3_762	iML1515.b0785	100	150	0	0	1	150	1	150	1.81e-111	312
NC_000913.3_762	iSSON_1240.SSON_0764	99.3	150	1	0	1	150	1	150	1.49e-110	310
NC_000913.3_762	iSbBS512_1146.SbBS512_E2567	98.7	150	2	0	1	150	1	150	6.05e-110	308
NC_000913.3_762	iSDY_1059.SDY_0821	98.7	150	2	0	1	150	1	150	6.05e-110	308
NC_000913.3_762	iSF_1195.SF0735	98.7	150	2	0	1	150	1	150	1.74e-109	307
NC_000913.3_765	iYS854.USA300HOU_RS06925	20.2	267	182	7	45	298	44	292	4.63e-04	41.6
NC_000913.3_766	iML1515.b0789	100	413	0	0	1	413	1	413	7.12e-313	843
NC_000913.3_766	iSSON_1240.SSON_0768	99.3	413	3	0	1	413	1	413	1.38e-310	837
NC_000913.3_766	iSF_1195.SF0739	98.8	413	5	0	1	413	1	413	1.13e-309	835
NC_000913.3_766	iSbBS512_1146.SbBS512_E2563	98.8	413	5	0	1	413	1	413	3.24e-309	834
NC_000913.3_766	iSDY_1059.SDY_0814	98.5	413	3	1	1	413	1	410	1.13e-306	827
NC_000913.3_769	iJN1463.PP_2667	28.8	170	113	6	165	329	56	222	7.58e-07	49.7
NC_000913.3_771	iCN900.CD630_16140	33.7	246	157	2	328	572	23	263	4.29e-43	154
NC_000913.3_771	iEK1008.Rv2936	33.8	225	148	1	329	552	9	233	1.41e-38	144
NC_000913.3_777	iAF692.Mbar_A3624	23.8	210	156	3	19	227	13	219	3.58e-09	57.0
NC_000913.3_777	iHN637.CLJU_RS07885	22.9	214	159	4	19	230	14	223	3.34e-08	53.9
NC_000913.3_777	iPC815.YPO2206	22.6	212	160	3	17	227	11	219	7.84e-08	52.8
NC_000913.3_778	iJN1463.PP_3591	35.5	242	152	2	12	253	8	245	1.01e-37	137
NC_000913.3_778	iML1515.b0517	29.5	356	239	6	6	357	2	349	4.01e-35	131
NC_000913.3_782	iML1515.b0805	100	760	0	0	1	760	1	760	0.0	1516
NC_000913.3_785	iML1515.b0808	100	741	0	0	1	741	1	741	0.0	1412
NC_000913.3_786	iML1515.b0809	100	240	0	0	1	240	1	240	6.42e-172	472
NC_000913.3_786	iSbBS512_1146.SbBS512_E2539	100	240	0	0	1	240	1	240	6.42e-172	472
NC_000913.3_786	iSSON_1240.SSON_0789	99.6	240	1	0	1	240	1	240	3.72e-171	470
NC_000913.3_786	iSF_1195.SF0760	99.6	240	1	0	1	240	1	240	7.50e-171	469
NC_000913.3_786	iSDY_1059.SDY_0787	99.2	240	2	0	1	240	1	240	4.34e-170	468
NC_000913.3_786	STM_v1_0.STM0828	95.8	240	10	0	1	240	1	240	1.90e-164	453
NC_000913.3_786	iYL1228.KPN_00838	93.8	240	15	0	1	240	1	240	1.49e-161	446
NC_000913.3_787	iML1515.b0810	100	219	0	0	1	219	1	219	3.30e-150	416
NC_000913.3_787	iSDY_1059.SDY_0786	100	219	0	0	1	219	1	219	3.30e-150	416
NC_000913.3_787	iSF_1195.SF0761	100	219	0	0	1	219	1	219	3.30e-150	416
NC_000913.3_787	iSSON_1240.SSON_0790	100	219	0	0	1	219	1	219	3.30e-150	416
NC_000913.3_787	iSbBS512_1146.SbBS512_E2538	99.5	219	1	0	1	219	1	219	4.69e-150	415
NC_000913.3_787	STM_v1_0.STM0829	96.3	219	8	0	1	219	1	219	1.02e-144	402
NC_000913.3_787	iYL1228.KPN_00839	94.5	219	12	0	1	219	1	219	1.38e-142	396
NC_000913.3_788	iML1515.b0811	100	248	0	0	1	248	1	248	6.68e-178	488
NC_000913.3_788	iSSON_1240.SSON_0791	100	248	0	0	1	248	1	248	6.68e-178	488
NC_000913.3_788	iSF_1195.SF0762	99.6	248	1	0	1	248	1	248	5.49e-177	486
NC_000913.3_788	iSbBS512_1146.SbBS512_E2537	99.2	248	2	0	1	248	1	248	1.57e-176	484
NC_000913.3_788	iSDY_1059.SDY_0785	99.2	248	2	0	1	248	1	248	2.23e-176	484
NC_000913.3_788	STM_v1_0.STM0830	96.8	248	8	0	1	248	1	248	6.14e-174	478
NC_000913.3_788	iYL1228.KPN_00840	94.0	248	15	0	1	248	1	248	2.68e-168	464
NC_000913.3_790	iML1515.b0813	100	295	0	0	1	295	1	295	1.25e-201	552
NC_000913.3_790	iSbBS512_1146.SbBS512_E2535	100	295	0	0	1	295	1	295	1.25e-201	552
NC_000913.3_790	iSSON_1240.SSON_0793	100	295	0	0	1	295	1	295	1.25e-201	552
NC_000913.3_790	iSF_1195.SF0764	99.3	295	2	0	1	295	1	295	4.17e-200	548
NC_000913.3_790	STM_v1_0.STM0832	89.8	294	30	0	1	294	1	294	3.07e-186	513
NC_000913.3_795	iJN1463.PP_2717	23.5	374	231	12	33	356	47	415	8.02e-10	59.7
NC_000913.3_796	iML1515.b0819	100	306	0	0	1	306	1	306	2.41e-225	613
NC_000913.3_796	STM_v1_0.STM0837	92.5	306	23	0	1	306	1	306	3.10e-212	580
NC_000913.3_797	iCN900.CD630_04310	23.3	553	326	17	5	530	8	489	1.87e-23	103
NC_000913.3_799	iML1515.b0822	100	271	0	0	1	271	1	271	5.13e-198	541
NC_000913.3_799	iSF_1195.SF0772	99.6	271	1	0	1	271	1	271	7.29e-198	540
NC_000913.3_799	iSSON_1240.SSON_0804	99.3	271	2	0	1	271	1	271	1.21e-196	537
NC_000913.3_799	iSbBS512_1146.SbBS512_E2526	98.5	271	4	0	1	271	1	271	2.00e-195	534
NC_000913.3_799	STM_v1_0.STM0842	88.8	269	30	0	1	269	1	269	7.35e-177	487
NC_000913.3_800	STM_v1_0.STM0843	95.8	810	34	0	1	810	1	810	0.0	1573
NC_000913.3_801	STM_v1_0.STM0844	88.0	299	36	0	1	299	1	299	1.52e-204	560
NC_000913.3_802	iML1515.b0825	100	220	0	0	1	220	1	220	1.77e-150	416
NC_000913.3_802	iSF_1195.SF0775	99.1	220	2	0	1	220	25	244	6.93e-149	413
NC_000913.3_802	iSSON_1240.SSON_0807	99.1	220	2	0	1	220	25	244	1.40e-148	412
NC_000913.3_802	iSbBS512_1146.SbBS512_E2523	98.6	220	3	0	1	220	1	220	9.79e-148	409
NC_000913.3_802	iSDY_1059.SDY_0762	97.7	220	5	0	1	220	25	244	2.70e-146	407
NC_000913.3_803	iML1515.b0826	100	249	0	0	1	249	1	249	3.73e-180	494
NC_000913.3_803	iSbBS512_1146.SbBS512_E2522	99.6	249	1	0	1	249	1	249	1.07e-179	493
NC_000913.3_803	iSF_1195.SF0776	99.2	249	2	0	1	249	1	249	1.52e-179	492
NC_000913.3_803	iSSON_1240.SSON_0808	98.8	249	3	0	1	249	1	249	5.08e-178	488
NC_000913.3_803	iSDY_1059.SDY_0761	98.0	249	5	0	1	249	1	249	2.94e-177	486
NC_000913.3_804	iML1515.b0827	100	411	0	0	1	411	1	411	4.05e-302	816
NC_000913.3_804	iSbBS512_1146.SbBS512_E2521	99.5	411	2	0	1	411	1	411	9.53e-301	812
NC_000913.3_804	iSSON_1240.SSON_0809	99.5	411	2	0	1	411	1	411	9.53e-301	812
NC_000913.3_804	iSDY_1059.SDY_0760	99.0	411	4	0	1	411	1	411	4.53e-299	808
NC_000913.3_804	iSF_1195.SF0777	98.8	411	5	0	1	411	1	411	5.28e-298	805
NC_000913.3_805	iML1515.b0828	100	321	0	0	1	321	1	321	6.90e-228	620
NC_000913.3_805	iSSON_1240.SSON_0810	99.4	321	2	0	1	321	1	321	3.28e-226	616
NC_000913.3_805	iSF_1195.SF0778	99.1	321	3	0	1	321	1	321	9.40e-226	615
NC_000913.3_805	iSbBS512_1146.SbBS512_E2520	99.1	321	3	0	1	321	1	321	1.90e-225	614
NC_000913.3_805	iSDY_1059.SDY_0759	98.4	321	5	0	1	321	1	321	7.72e-225	613
NC_000913.3_806	iML1515.b0829	100	623	0	0	1	623	1	623	0.0	1192
NC_000913.3_806	iSbBS512_1146.SbBS512_E2519	99.5	623	3	0	1	623	1	623	0.0	1184
NC_000913.3_806	iSSON_1240.SSON_0811	99.7	612	2	0	12	623	1	612	0.0	1166
NC_000913.3_806	iSDY_1059.SDY_0758	98.9	612	7	0	12	623	1	612	0.0	1157
NC_000913.3_806	iSF_1195.SF0779	98.7	612	8	0	12	623	1	612	0.0	1152
NC_000913.3_807	iML1515.b0830	100	512	0	0	1	512	1	512	0.0	1020
NC_000913.3_807	iSSON_1240.SSON_0812	99.6	512	2	0	1	512	1	512	0.0	1016
NC_000913.3_807	iSbBS512_1146.SbBS512_E2518	99.6	512	2	0	1	512	1	512	0.0	1016
NC_000913.3_807	iSF_1195.SF0780	99.4	512	3	0	1	512	1	512	0.0	1015
NC_000913.3_807	iSDY_1059.SDY_0757	99.2	512	4	0	1	512	1	512	0.0	1012
NC_000913.3_807	STM_v1_0.STM0849	88.5	512	59	0	1	512	1	512	0.0	919
NC_000913.3_808	iML1515.b0831	100	306	0	0	1	306	1	306	6.08e-219	597
NC_000913.3_808	iSDY_1059.SDY_0756	100	306	0	0	1	306	1	306	6.08e-219	597
NC_000913.3_808	iSbBS512_1146.SbBS512_E2517	99.7	306	1	0	1	306	1	306	1.01e-217	593
NC_000913.3_808	iSSON_1240.SSON_0813	99.7	306	1	0	1	306	1	306	2.03e-217	593
NC_000913.3_808	iSF_1195.SF0781	99.3	306	2	0	1	306	1	306	4.10e-217	592
NC_000913.3_808	STM_v1_0.STM0850	90.5	306	29	0	1	306	1	306	6.13e-203	556
NC_000913.3_808	iYL1228.KPN_00864	91.2	306	27	0	1	306	1	306	5.87e-201	551
NC_000913.3_809	iML1515.b0832	100	303	0	0	1	303	1	303	8.57e-213	581
NC_000913.3_809	iSbBS512_1146.SbBS512_E2516	99.7	303	1	0	1	303	1	303	1.22e-212	580
NC_000913.3_809	iSSON_1240.SSON_0814	99.7	303	1	0	1	303	1	303	1.22e-212	580
NC_000913.3_809	iSDY_1059.SDY_0755	99.3	303	2	0	1	303	1	303	2.02e-211	577
NC_000913.3_809	iSF_1195.SF0782	97.4	303	8	0	1	303	1	303	6.19e-206	563
NC_000913.3_809	STM_v1_0.STM0851	89.4	303	32	0	1	303	1	303	5.31e-191	526
NC_000913.3_810	iYL1228.KPN_02455	37.8	251	148	2	521	769	349	593	6.07e-39	152
NC_000913.3_810	iAF987.Gmet_2629	30.3	304	196	5	485	782	516	809	6.05e-35	142
NC_000913.3_810	iAF987.Gmet_0782	26.1	391	274	4	390	769	330	716	2.47e-34	140
NC_000913.3_811	iML1515.b1535	32.5	191	110	5	264	436	92	281	6.54e-18	83.6
NC_000913.3_811	iML1515.b1490	36.1	158	85	5	297	439	297	453	3.38e-16	80.1
NC_000913.3_814	iML1515.b0837	100	371	0	0	1	371	1	371	6.22e-288	776
NC_000913.3_814	iSbBS512_1146.SbBS512_E2507	99.7	371	1	0	1	371	1	371	2.53e-287	775
NC_000913.3_814	iSSON_1240.SSON_0820	99.7	371	1	0	1	371	1	371	3.60e-287	775
NC_000913.3_815	iJN1463.PP_2933	30.7	205	123	6	12	201	54	254	4.89e-17	77.0
NC_000913.3_815	iML1515.b2989	28.8	205	127	5	12	201	54	254	1.72e-14	70.1
NC_000913.3_816	iML1515.b0839	100	400	0	0	1	400	1	400	5.63e-292	789
NC_000913.3_816	iSbBS512_1146.SbBS512_E2506	99.5	400	2	0	1	400	1	400	4.63e-291	787
NC_000913.3_816	iSDY_1059.SDY_0841	99.0	400	4	0	1	400	1	400	1.55e-289	783
NC_000913.3_816	STM_v1_0.STM0863	92.3	400	31	0	1	400	1	400	4.98e-270	734
NC_000913.3_818	iML1515.b0841	100	198	0	0	1	198	1	198	1.23e-146	405
NC_000913.3_818	iSF_1195.SF0794	99.5	198	1	0	1	198	1	198	5.00e-146	403
NC_000913.3_818	iSSON_1240.SSON_0826	99.5	198	1	0	1	198	1	198	5.00e-146	403
NC_000913.3_818	iSDY_1059.SDY_0843	99.0	198	2	0	1	198	1	198	2.89e-145	401
NC_000913.3_818	iSbBS512_1146.SbBS512_E2504	98.5	198	3	0	1	198	1	198	1.18e-144	400
NC_000913.3_819	iML1515.b0842	100	410	0	0	1	410	1	410	1.44e-290	786
NC_000913.3_819	iSF_1195.SF0795	99.0	410	2	1	1	410	1	408	4.97e-286	775
NC_000913.3_819	STM_v1_0.STM0866	90.6	406	38	0	1	406	1	406	9.88e-266	724
NC_000913.3_821	iML1515.b0844	100	271	0	0	1	271	1	271	3.46e-196	536
NC_000913.3_822	iAF987.Gmet_3221	23.0	378	245	13	9	358	42	401	3.06e-06	48.5
NC_000913.3_826	iML1515.b0849	100	85	0	0	1	85	1	85	1.81e-60	178
NC_000913.3_826	iSF_1195.SF0802	100	85	0	0	1	85	1	85	1.81e-60	178
NC_000913.3_826	iSSON_1240.SSON_0834	100	85	0	0	1	85	1	85	1.81e-60	178
NC_000913.3_826	iSDY_1059.SDY_0746	98.8	85	1	0	1	85	1	85	1.05e-59	176
NC_000913.3_826	iSbBS512_1146.SbBS512_E2483	98.8	85	1	0	1	85	1	85	1.49e-59	176
NC_000913.3_828	iYO844.BSU38110	40.2	246	138	2	1	237	1	246	3.18e-60	189
NC_000913.3_829	iAF692.Mbar_A3203	27.4	328	194	7	2	288	3	327	1.20e-22	95.5
NC_000913.3_831	iML1515.b0854	100	370	0	0	1	370	1	370	6.37e-276	746
NC_000913.3_831	iSbBS512_1146.SbBS512_E2477	100	370	0	0	1	370	1	370	6.37e-276	746
NC_000913.3_831	iSF_1195.SF0808	99.7	370	1	0	1	370	1	370	2.59e-275	744
NC_000913.3_831	iSSON_1240.SSON_0839	99.7	370	1	0	1	370	1	370	2.59e-275	744
NC_000913.3_831	iSDY_1059.SDY_0741	99.2	370	3	0	1	370	1	370	4.30e-274	741
NC_000913.3_831	STM_v1_0.STM0877	94.1	370	22	0	1	370	1	370	2.86e-263	714
NC_000913.3_831	iYL1228.KPN_00885	90.8	370	34	0	1	370	1	370	4.85e-255	693
NC_000913.3_832	iML1515.b0855	100	377	0	0	1	377	1	377	5.46e-276	747
NC_000913.3_832	iSF_1195.SF0809	99.5	377	2	0	1	377	28	404	1.76e-274	744
NC_000913.3_832	iSSON_1240.SSON_0840	99.5	377	2	0	1	377	28	404	3.55e-274	743
NC_000913.3_832	iSDY_1059.SDY_0740	99.5	377	2	0	1	377	1	377	1.82e-274	743
NC_000913.3_832	iSbBS512_1146.SbBS512_E2476	99.2	377	3	0	1	377	1	377	4.30e-273	739
NC_000913.3_832	STM_v1_0.STM0878	93.6	377	24	0	1	377	1	377	1.84e-258	702
NC_000913.3_832	iYL1228.KPN_00886	91.8	377	31	0	1	377	17	393	4.35e-254	692
NC_000913.3_833	iML1515.b0856	100	317	0	0	1	317	1	317	1.84e-230	627
NC_000913.3_833	iSF_1195.SF0810	99.7	317	1	0	1	317	1	317	5.28e-230	625
NC_000913.3_833	iSbBS512_1146.SbBS512_E2475	99.4	317	2	0	1	317	1	317	1.51e-229	624
NC_000913.3_833	iSSON_1240.SSON_0841	99.4	317	2	0	1	317	1	317	2.51e-228	621
NC_000913.3_833	iSDY_1059.SDY_0739	98.7	317	4	0	1	317	1	317	4.16e-227	618
NC_000913.3_833	STM_v1_0.STM0879	92.4	317	24	0	1	317	1	317	4.57e-215	588
NC_000913.3_833	iYL1228.KPN_00887	89.3	317	34	0	1	317	1	317	2.32e-208	571
NC_000913.3_834	iML1515.b0857	100	281	0	0	1	281	1	281	1.19e-192	528
NC_000913.3_834	iSDY_1059.SDY_0738	100	281	0	0	1	281	1	281	1.19e-192	528
NC_000913.3_834	iSbBS512_1146.SbBS512_E2474	99.6	281	1	0	1	281	1	281	6.90e-192	526
NC_000913.3_834	iSF_1195.SF0811	99.3	281	2	0	1	281	1	281	3.99e-191	524
NC_000913.3_834	iSSON_1240.SSON_0842	99.3	281	2	0	1	281	1	281	8.04e-191	523
NC_000913.3_834	STM_v1_0.STM0880	94.7	281	15	0	1	281	1	281	1.00e-184	508
NC_000913.3_834	iYL1228.KPN_00888	94.7	281	15	0	1	281	1	281	2.88e-184	507
NC_000913.3_837	iML1515.b0860	100	243	0	0	1	243	1	243	3.73e-177	486
NC_000913.3_837	iSF_1195.SF0814	99.2	243	2	0	1	243	1	243	3.07e-176	483
NC_000913.3_837	iSSON_1240.SSON_0845	99.2	243	2	0	1	243	1	243	3.07e-176	483
NC_000913.3_837	iSbBS512_1146.SbBS512_E2471	99.2	243	2	0	1	243	1	243	6.19e-176	483
NC_000913.3_837	STM_v1_0.STM0887	91.4	243	21	0	1	243	1	243	1.13e-162	449
NC_000913.3_838	iML1515.b0861	100	222	0	0	1	222	1	222	6.06e-143	397
NC_000913.3_838	iSbBS512_1146.SbBS512_E2470	100	222	0	0	1	222	1	222	6.06e-143	397
NC_000913.3_838	iSF_1195.SF0815	100	222	0	0	1	222	1	222	6.06e-143	397
NC_000913.3_838	iSSON_1240.SSON_0846	99.5	222	1	0	1	222	1	222	1.22e-142	397
NC_000913.3_838	STM_v1_0.STM0888	89.6	222	23	0	1	222	1	222	2.64e-137	383
NC_000913.3_838	iYL1228.KPN_00894	91.0	222	20	0	1	222	1	222	1.20e-133	374
NC_000913.3_839	iML1515.b0862	100	238	0	0	1	238	1	238	2.31e-164	453
NC_000913.3_839	iSF_1195.SF0816	100	238	0	0	1	238	1	238	2.31e-164	453
NC_000913.3_839	iSSON_1240.SSON_0847	100	238	0	0	1	238	1	238	2.31e-164	453
NC_000913.3_839	iSbBS512_1146.SbBS512_E2469	99.6	238	1	0	1	238	1	238	1.34e-163	451
NC_000913.3_839	STM_v1_0.STM0889	94.5	237	13	0	1	237	1	237	3.37e-157	435
NC_000913.3_839	iYL1228.KPN_00895	91.1	237	21	0	1	237	1	237	8.13e-149	414
NC_000913.3_840	iML1515.b0863	100	243	0	0	1	243	1	243	4.36e-176	483
NC_000913.3_840	iSbBS512_1146.SbBS512_E2468	100	243	0	0	1	243	1	243	4.36e-176	483
NC_000913.3_840	iSSON_1240.SSON_0848	100	243	0	0	1	243	1	243	4.36e-176	483
NC_000913.3_840	iSF_1195.SF0817	99.2	243	2	0	1	243	1	243	2.07e-174	479
NC_000913.3_840	STM_v1_0.STM0890	95.1	243	12	0	1	243	1	243	5.24e-168	462
NC_000913.3_840	iYL1228.KPN_00896	90.9	243	22	0	1	243	8	250	5.95e-162	447
NC_000913.3_841	iML1515.b0864	100	242	0	0	1	242	1	242	3.18e-173	476
NC_000913.3_841	iSbBS512_1146.SbBS512_E2467	100	242	0	0	1	242	1	242	3.18e-173	476
NC_000913.3_841	iSF_1195.SF0818	100	242	0	0	1	242	1	242	3.18e-173	476
NC_000913.3_841	iSSON_1240.SSON_0849	100	242	0	0	1	242	1	242	3.18e-173	476
NC_000913.3_841	iYL1228.KPN_00897	95.5	242	11	0	1	242	1	242	1.89e-165	456
NC_000913.3_841	STM_v1_0.STM0891	95.0	242	12	0	1	242	1	242	2.69e-165	456
NC_000913.3_844	iML1515.b0867	100	276	0	0	1	276	1	276	1.61e-208	568
NC_000913.3_845	iMM904.YGL001C	24.7	292	209	5	46	329	57	345	4.45e-16	77.8
NC_000913.3_846	STM_v1_0.STM2089	31.2	109	63	5	1	106	4	103	3.16e-04	42.4
NC_000913.3_847	iML1515.b0870	100	333	0	0	1	333	1	333	1.73e-243	661
NC_000913.3_847	iSF_1195.SF0825	99.1	333	3	0	1	333	1	333	1.17e-241	656
NC_000913.3_847	iSSON_1240.SSON_0856	99.1	333	3	0	1	333	1	333	1.17e-241	656
NC_000913.3_847	iSbBS512_1146.SbBS512_E2461	98.8	333	4	0	1	333	1	333	6.76e-241	654
NC_000913.3_847	iSDY_1059.SDY_2393	98.5	333	5	0	1	333	1	333	1.36e-240	654
NC_000913.3_847	STM_v1_0.STM0934	88.6	333	38	0	1	333	1	333	2.97e-219	600
NC_000913.3_848	iML1515.b0871	100	572	0	0	1	572	1	572	0.0	1132
NC_000913.3_848	iSbBS512_1146.SbBS512_E2460	99.8	572	1	0	1	572	1	572	0.0	1130
NC_000913.3_848	iSSON_1240.SSON_0857	99.8	572	1	0	1	572	1	572	0.0	1130
NC_000913.3_848	iSF_1195.SF0826	99.1	572	5	0	1	572	1	572	0.0	1123
NC_000913.3_848	iSDY_1059.SDY_2392	99.0	572	6	0	1	572	1	572	0.0	1120
NC_000913.3_848	STM_v1_0.STM0935	94.2	572	33	0	1	572	1	572	0.0	1075
NC_000913.3_848	iYL1228.KPN_00904	93.5	572	37	0	1	572	4	575	0.0	1070
NC_000913.3_849	iJN1463.PP_0316	27.1	340	208	8	17	319	28	364	8.87e-35	129
NC_000913.3_850	iAF987.Gmet_2834	47.2	559	270	8	1	548	3	547	3.17e-171	495
NC_000913.3_850	iCN900.CD630_21680	44.5	559	266	11	1	548	4	529	5.49e-154	451
NC_000913.3_850	iHN637.CLJU_RS03805	43.9	563	255	12	1	548	4	520	1.86e-152	446
NC_000913.3_851	iML1515.b0874	100	299	0	0	1	299	1	299	1.70e-201	552
NC_000913.3_852	iML1515.b0875	100	231	0	0	1	231	1	231	4.51e-163	449
NC_000913.3_852	iSF_1195.SF0832	100	231	0	0	1	231	1	231	4.51e-163	449
NC_000913.3_852	iSbBS512_1146.SbBS512_E2456	99.6	231	1	0	1	231	1	231	7.49e-162	446
NC_000913.3_852	iYL1228.KPN_00909	90.5	231	22	0	1	231	1	231	3.66e-153	424
NC_000913.3_855	iJN1463.PP_4209	34.1	364	219	2	21	363	22	385	7.74e-50	171
NC_000913.3_856	iJN1463.PP_4210	44.6	663	340	9	2	648	3	654	6.95e-166	489
NC_000913.3_859	iCN900.CD630_20200	35.7	863	413	12	6	740	10	858	1.90e-167	504
NC_000913.3_862	iML1515.b0886	100	573	0	0	1	573	1	573	0.0	1073
NC_000913.3_862	iSSON_1240.SSON_0887	99.3	573	4	0	1	573	1	573	0.0	1066
NC_000913.3_862	iSF_1195.SF0845	99.0	573	6	0	1	573	1	573	0.0	1063
NC_000913.3_862	iSbBS512_1146.SbBS512_E2443	98.8	573	7	0	1	573	1	573	0.0	1060
NC_000913.3_862	iSDY_1059.SDY_2375	98.3	573	10	0	1	573	1	573	0.0	1057
NC_000913.3_863	iML1515.b0887	100	588	0	0	1	588	1	588	0.0	1129
NC_000913.3_863	iSDY_1059.SDY_2374	99.5	588	3	0	1	588	1	588	0.0	1125
NC_000913.3_863	iSF_1195.SF0846	99.3	588	4	0	1	588	1	588	0.0	1122
NC_000913.3_863	iSSON_1240.SSON_0888	99.1	588	5	0	1	588	1	588	0.0	1121
NC_000913.3_863	iSbBS512_1146.SbBS512_E2442	99.0	588	6	0	1	588	1	588	0.0	1119
NC_000913.3_863	STM_v1_0.STM0957	90.8	588	54	0	1	588	1	588	0.0	1039
NC_000913.3_864	iML1515.b0888	100	321	0	0	1	321	1	321	1.65e-235	640
NC_000913.3_864	iSDY_1059.SDY_2373	100	321	0	0	1	321	1	321	1.65e-235	640
NC_000913.3_864	iSSON_1240.SSON_0889	100	321	0	0	1	321	1	321	1.65e-235	640
NC_000913.3_864	iSbBS512_1146.SbBS512_E2441	99.7	321	1	0	1	321	1	321	1.35e-234	637
NC_000913.3_864	iSF_1195.SF0847	99.7	321	1	0	1	321	1	321	1.35e-234	637
NC_000913.3_864	STM_v1_0.STM0958	96.3	321	12	0	1	321	1	321	1.45e-227	620
NC_000913.3_864	iYL1228.KPN_00920	95.0	320	16	0	1	320	10	329	4.56e-224	611
NC_000913.3_869	iSF_1195.SF0852	100	430	0	0	1	430	1	430	1.23e-308	834
NC_000913.3_869	iSSON_1240.SSON_0894	100	430	0	0	1	430	1	430	1.23e-308	834
NC_000913.3_869	iSbBS512_1146.SbBS512_E2435	99.8	430	1	0	1	430	1	430	2.04e-307	831
NC_000913.3_869	iSDY_1059.SDY_2368	99.8	430	1	0	1	430	1	430	2.04e-307	831
NC_000913.3_869	STM_v1_0.STM0963	96.5	430	15	0	1	430	1	430	5.35e-303	820
NC_000913.3_869	iYL1228.KPN_00925	92.8	430	31	0	1	430	1	430	1.29e-294	798
NC_000913.3_870	iML1515.b0894	100	814	0	0	1	814	1	814	0.0	1668
NC_000913.3_870	iSSON_1240.SSON_0895	99.7	785	2	0	30	814	1	785	0.0	1614
NC_000913.3_870	iSDY_1059.SDY_2367	99.6	785	3	0	30	814	1	785	0.0	1611
NC_000913.3_870	STM_v1_0.STM0964	93.2	814	55	0	1	814	1	814	0.0	1582
NC_000913.3_870	iYL1228.KPN_00926	89.8	814	81	1	1	814	1	812	0.0	1523
NC_000913.3_871	iML1515.b0895	100	205	0	0	1	205	1	205	5.41e-167	457
NC_000913.3_871	iSSON_1240.SSON_0896	100	205	0	0	1	205	1	205	5.41e-167	457
NC_000913.3_871	STM_v1_0.STM0965	96.6	205	7	0	1	205	1	205	2.04e-162	445
NC_000913.3_871	STM_v1_0.STM1497	96.1	205	8	0	1	205	1	205	5.84e-162	444
NC_000913.3_871	iML1515.b1589	94.1	205	12	0	1	205	1	205	5.40e-158	434
NC_000913.3_871	iSDY_1059.SDY_1567	94.1	205	12	0	1	205	1	205	5.40e-158	434
NC_000913.3_871	iSF_1195.SF1610	93.2	205	14	0	1	205	1	205	1.81e-156	430
NC_000913.3_871	iYL1228.KPN_01579	90.2	205	20	0	1	205	1	205	1.37e-151	418
NC_000913.3_872	iML1515.b0896	100	287	0	0	1	287	1	287	6.72e-202	552
NC_000913.3_872	iSSON_1240.SSON_0897	99.0	287	3	0	1	287	1	287	1.11e-200	549
NC_000913.3_872	iSDY_1059.SDY_2365	97.9	287	6	0	1	287	1	287	5.29e-199	545
NC_000913.3_872	STM_v1_0.STM0966	89.5	287	30	0	1	287	1	287	2.02e-187	515
NC_000913.3_875	iML1515.b1492	24.6	378	254	11	32	396	34	393	1.04e-12	69.7
NC_000913.3_875	iSbBS512_1146.SbBS512_E1755	24.6	378	254	11	32	396	34	393	1.04e-12	69.7
NC_000913.3_875	iSF_1195.SF1735	24.6	378	254	11	32	396	34	393	1.04e-12	69.7
NC_000913.3_875	iSSON_1240.SSON_1632	24.6	378	254	11	32	396	34	393	1.04e-12	69.7
NC_000913.3_875	iSDY_1059.SDY_1614	24.3	378	255	11	32	396	34	393	3.23e-12	68.2
NC_000913.3_877	iJN1463.PP_3720	28.7	216	122	7	6	196	5	213	1.39e-14	69.3
NC_000913.3_878	iML1515.b0902	100	246	0	0	1	246	1	246	2.18e-191	522
NC_000913.3_878	iSbBS512_1146.SbBS512_E2426	100	246	0	0	1	246	10	255	3.04e-191	522
NC_000913.3_878	iSDY_1059.SDY_2359	100	246	0	0	1	246	1	246	2.18e-191	522
NC_000913.3_878	iSF_1195.SF0897	100	246	0	0	1	246	1	246	2.18e-191	522
NC_000913.3_878	iSSON_1240.SSON_0903	100	246	0	0	1	246	1	246	2.18e-191	522
NC_000913.3_878	STM_v1_0.STM0970	97.5	244	6	0	3	246	31	274	1.61e-186	511
NC_000913.3_878	iYL1228.KPN_00930	96.7	246	8	0	1	246	1	246	8.20e-187	510
NC_000913.3_878	iPC815.YPO1381	88.1	244	29	0	3	246	1	244	7.79e-171	470
NC_000913.3_879	iML1515.b0903	100	760	0	0	1	760	1	760	0.0	1520
NC_000913.3_879	iSSON_1240.SSON_0904	100	760	0	0	1	760	1	760	0.0	1520
NC_000913.3_879	iSbBS512_1146.SbBS512_E2425	99.9	760	1	0	1	760	1	760	0.0	1519
NC_000913.3_879	iSDY_1059.SDY_2358	99.5	760	4	0	1	760	1	760	0.0	1514
NC_000913.3_879	iSF_1195.SF0898	99.3	760	5	0	1	760	1	760	0.0	1512
NC_000913.3_879	STM_v1_0.STM0973	96.1	760	30	0	1	760	1	760	0.0	1472
NC_000913.3_879	iYL1228.KPN_00931	95.5	760	34	0	1	760	1	760	0.0	1466
NC_000913.3_879	iPC815.YPO1383	90.5	760	72	0	1	760	1	760	0.0	1396
NC_000913.3_880	iML1515.b0904	100	285	0	0	1	285	1	285	1.13e-208	569
NC_000913.3_880	iSbBS512_1146.SbBS512_E2424	100	285	0	0	1	285	1	285	1.13e-208	569
NC_000913.3_880	iSDY_1059.SDY_2357	100	285	0	0	1	285	1	285	1.13e-208	569
NC_000913.3_880	iSSON_1240.SSON_0905	100	285	0	0	1	285	1	285	1.13e-208	569
NC_000913.3_880	iSF_1195.SF0899	99.6	285	1	0	1	285	1	285	2.66e-207	565
NC_000913.3_880	STM_v1_0.STM0974	95.8	285	12	0	1	285	1	285	2.01e-202	553
NC_000913.3_880	iYL1228.KPN_00932	93.7	271	17	0	15	285	1	271	4.23e-187	514
NC_000913.3_881	iML1515.b0905	100	586	0	0	1	586	1	586	0.0	1184
NC_000913.3_883	iML1515.b0907	100	362	0	0	1	362	1	362	5.19e-271	733
NC_000913.3_883	iSF_1195.SF0902	99.7	362	1	0	1	362	1	362	3.00e-270	731
NC_000913.3_883	iSSON_1240.SSON_0908	99.7	362	1	0	1	362	1	362	3.00e-270	731
NC_000913.3_883	iSDY_1059.SDY_2354	99.4	362	2	0	1	362	1	362	1.74e-269	729
NC_000913.3_883	iSbBS512_1146.SbBS512_E2421	99.2	362	3	0	1	362	1	362	3.50e-269	728
NC_000913.3_883	STM_v1_0.STM0977	89.5	362	38	0	1	362	1	362	2.67e-248	676
NC_000913.3_884	iML1515.b0908	100	427	0	0	1	427	1	427	1.44e-310	838
NC_000913.3_884	iSbBS512_1146.SbBS512_E2420	100	427	0	0	1	427	1	427	1.44e-310	838
NC_000913.3_884	iSSON_1240.SSON_0909	100	427	0	0	1	427	1	427	1.44e-310	838
NC_000913.3_884	iSF_1195.SF0903	99.5	427	2	0	1	427	1	427	4.82e-309	835
NC_000913.3_884	iSDY_1059.SDY_2353	99.5	424	2	0	1	424	1	424	1.18e-306	828
NC_000913.3_884	STM_v1_0.STM0978	89.5	427	45	0	1	427	1	427	2.91e-278	757
NC_000913.3_886	iML1515.b0910	100	227	0	0	1	227	1	227	1.19e-156	432
NC_000913.3_886	iSbBS512_1146.SbBS512_E2418	100	227	0	0	1	227	1	227	1.19e-156	432
NC_000913.3_886	iSF_1195.SF0906	99.6	227	1	0	1	227	1	227	3.42e-156	431
NC_000913.3_886	iSSON_1240.SSON_0912	99.6	227	1	0	1	227	1	227	3.42e-156	431
NC_000913.3_886	iSDY_1059.SDY_2348	99.6	227	1	0	1	227	1	227	1.98e-155	429
NC_000913.3_886	STM_v1_0.STM0980	97.4	227	6	0	1	227	1	227	3.15e-152	421
NC_000913.3_886	iYL1228.KPN_00937	90.7	227	21	0	1	227	1	227	1.53e-143	399
NC_000913.3_887	iHN637.CLJU_RS10465	34.1	334	212	5	21	348	302	633	1.75e-60	211
NC_000913.3_890	iML1515.b0914	100	582	0	0	1	582	1	582	0.0	1092
NC_000913.3_890	iSbBS512_1146.SbBS512_E2410	100	582	0	0	1	582	1	582	0.0	1092
NC_000913.3_890	iSDY_1059.SDY_2344	100	582	0	0	1	582	1	582	0.0	1092
NC_000913.3_890	iSF_1195.SF0910	99.8	582	1	0	1	582	1	582	0.0	1091
NC_000913.3_890	iSSON_1240.SSON_0916	99.7	582	2	0	1	582	1	582	0.0	1089
NC_000913.3_890	STM_v1_0.STM0984	96.4	582	21	0	1	582	1	582	0.0	1063
NC_000913.3_890	iYL1228.KPN_00941	91.9	582	47	0	1	582	1	582	0.0	1018
NC_000913.3_891	iML1515.b0915	100	328	0	0	1	328	1	328	9.64e-243	659
NC_000913.3_891	iSF_1195.SF0911	99.7	328	1	0	1	328	1	328	7.92e-242	656
NC_000913.3_891	iSSON_1240.SSON_0917	99.7	328	1	0	1	328	1	328	7.92e-242	656
NC_000913.3_891	iSbBS512_1146.SbBS512_E2409	99.4	328	2	0	1	328	1	328	6.51e-241	654
NC_000913.3_891	iSDY_1059.SDY_2343	98.2	328	6	0	1	328	1	328	7.28e-238	646
NC_000913.3_894	iML1515.b0918	100	248	0	0	1	248	1	248	1.71e-180	494
NC_000913.3_894	iSbBS512_1146.SbBS512_E2406	99.6	248	1	0	1	248	1	248	2.83e-179	491
NC_000913.3_894	iSSON_1240.SSON_0920	99.6	248	1	0	1	248	1	248	2.83e-179	491
NC_000913.3_894	iSF_1195.SF0914	99.2	248	2	0	1	248	1	248	8.13e-179	490
NC_000913.3_894	iSDY_1059.SDY_2340	98.0	248	5	0	1	248	1	248	3.86e-177	486
NC_000913.3_894	STM_v1_0.STM0988	94.0	248	15	0	1	248	1	248	4.64e-169	466
NC_000913.3_894	iYL1228.KPN_00945	88.7	248	28	0	1	248	1	248	4.76e-162	448
NC_000913.3_897	STM_v1_0.STM2276	25.5	165	111	4	47	208	59	214	1.87e-07	50.4
NC_000913.3_897	iYL1228.KPN_02641	28.1	128	89	2	47	174	59	183	4.60e-07	49.3
NC_000913.3_897	iML1515.b2232	24.8	165	112	4	47	208	59	214	1.11e-06	48.1
NC_000913.3_897	iSbBS512_1146.SbBS512_E2607	24.8	165	112	4	47	208	59	214	1.11e-06	48.1
NC_000913.3_897	iSDY_1059.SDY_2424	24.8	165	112	4	47	208	59	214	1.11e-06	48.1
NC_000913.3_897	iSF_1195.SF2312	24.8	165	112	4	47	208	59	214	1.11e-06	48.1
NC_000913.3_897	iSSON_1240.SSON_2290	24.8	165	112	4	47	208	59	214	1.11e-06	48.1
NC_000913.3_897	iJN1463.PP_1765	23.8	164	115	4	47	208	50	205	2.58e-06	47.0
NC_000913.3_897	iSbBS512_1146.SbBS512_E2575	36.0	114	60	5	37	146	33	137	2.89e-06	47.0
NC_000913.3_897	iSSON_1240.SSON_0756	36.0	114	60	5	37	146	33	137	2.89e-06	47.0
NC_000913.3_897	iLB1027_lipid.PHATRDRAFT_9984	26.9	104	76	0	48	151	61	164	6.96e-06	45.8
NC_000913.3_897	iSF_1195.SF0727	33.9	118	66	5	32	146	29	137	7.03e-06	45.8
NC_000913.3_901	iML1515.b0925	100	615	0	0	1	615	1	615	0.0	1224
NC_000913.3_903	iEK1008.Rv2581c	34.4	218	124	7	7	209	7	220	1.26e-34	122
NC_000913.3_903	iCN900.CD630_27420	33.5	200	125	5	11	208	11	204	1.30e-32	116
NC_000913.3_904	iML1515.b0928	100	396	0	0	1	396	1	396	1.01e-292	791
NC_000913.3_904	iSbBS512_1146.SbBS512_E2390	100	396	0	0	1	396	1	396	1.01e-292	791
NC_000913.3_904	iSDY_1059.SDY_2329	100	396	0	0	1	396	1	396	1.01e-292	791
NC_000913.3_904	iSSON_1240.SSON_0931	100	396	0	0	1	396	1	396	1.01e-292	791
NC_000913.3_904	iSF_1195.SF0925	99.2	396	3	0	1	396	1	396	7.97e-290	783
NC_000913.3_904	STM_v1_0.STM0998	96.0	396	16	0	1	396	1	396	4.05e-283	766
NC_000913.3_904	iYL1228.KPN_00955	93.4	396	26	0	1	396	1	396	2.40e-275	747
NC_000913.3_905	iML1515.b0929	100	362	0	0	1	362	1	362	1.43e-268	727
NC_000913.3_905	iSbBS512_1146.SbBS512_E2389	100	362	0	0	1	362	1	362	1.43e-268	727
NC_000913.3_905	iSF_1195.SF0926	99.7	362	1	0	1	362	1	362	5.81e-268	725
NC_000913.3_905	iSSON_1240.SSON_0932	99.7	362	1	0	1	362	1	362	5.81e-268	725
NC_000913.3_905	iSDY_1059.SDY_2328	99.2	362	3	0	1	362	1	362	1.60e-265	719
NC_000913.3_906	iSbBS512_1146.SbBS512_E2388	100	466	0	0	1	466	1	466	0.0	939
NC_000913.3_906	iSF_1195.SF0927	100	466	0	0	1	466	1	466	0.0	939
NC_000913.3_906	iSSON_1240.SSON_0933	100	466	0	0	1	466	1	466	0.0	939
NC_000913.3_906	iSDY_1059.SDY_2327	99.8	466	1	0	1	466	1	466	0.0	936
NC_000913.3_906	iYL1228.KPN_00961	95.9	466	19	0	1	466	1	466	0.0	910
NC_000913.3_906	STM_v1_0.STM1000	94.4	466	26	0	1	466	1	466	0.0	895
NC_000913.3_907	iML1515.b0931	100	400	0	0	1	400	1	400	4.02e-301	812
NC_000913.3_907	iSF_1195.SF0928	99.8	400	1	0	1	400	1	400	5.71e-301	812
NC_000913.3_907	iSSON_1240.SSON_0934	99.8	400	1	0	1	400	1	400	5.71e-301	812
NC_000913.3_907	iSbBS512_1146.SbBS512_E2387	99.5	400	2	0	1	400	1	400	2.33e-300	810
NC_000913.3_907	iSDY_1059.SDY_2326	99.5	400	2	0	1	400	1	400	1.35e-299	808
NC_000913.3_907	STM_v1_0.STM1004	91.0	400	36	0	1	400	1	400	8.06e-276	748
NC_000913.3_908	iML1515.b0932	100	870	0	0	1	870	1	870	0.0	1744
NC_000913.3_908	iSbBS512_1146.SbBS512_E2386	99.3	870	6	0	1	870	1	870	0.0	1733
NC_000913.3_908	iSSON_1240.SSON_0935	99.2	870	7	0	1	870	1	870	0.0	1732
NC_000913.3_908	iSDY_1059.SDY_2325	99.2	870	7	0	1	870	1	870	0.0	1731
NC_000913.3_908	iSF_1195.SF0929	99.2	871	6	1	1	870	1	871	0.0	1727
NC_000913.3_908	STM_v1_0.STM1057	94.4	870	49	0	1	870	1	870	0.0	1660
NC_000913.3_908	iYL1228.KPN_00968	89.3	871	92	1	1	870	1	871	0.0	1573
NC_000913.3_909	iML1515.b0933	100	255	0	0	1	255	1	255	3.83e-176	484
NC_000913.3_909	iSSON_1240.SSON_0936	96.9	255	8	0	1	255	1	255	8.29e-171	471
NC_000913.3_909	iSF_1195.SF0930	95.3	255	12	0	1	255	1	255	4.59e-168	464
NC_000913.3_910	iML1515.b0934	100	263	0	0	1	263	1	263	3.83e-180	495
NC_000913.3_910	iSSON_1240.SSON_0937	100	263	0	0	1	263	1	263	3.83e-180	495
NC_000913.3_910	iSDY_1059.SDY_2323	99.2	263	2	0	1	263	1	263	1.28e-178	491
NC_000913.3_910	iYL1228.KPN_00970	85.6	263	38	0	1	263	1	263	4.28e-161	447
NC_000913.3_911	iML1515.b0935	100	381	0	0	1	381	1	381	6.96e-281	759
NC_000913.3_911	iSF_1195.SF0934	98.4	381	6	0	1	381	1	381	3.04e-275	745
NC_000913.3_912	iML1515.b0936	100	319	0	0	1	319	1	319	3.42e-227	619
NC_000913.3_912	iSF_1195.SF0935	99.7	319	1	0	1	319	15	333	1.65e-226	617
NC_000913.3_912	iSSON_1240.SSON_0939	98.4	319	5	0	1	319	15	333	1.30e-223	610
NC_000913.3_912	iSbBS512_1146.SbBS512_E2382	98.4	319	5	0	1	319	15	333	7.50e-223	608
NC_000913.3_912	iSDY_1059.SDY_2320	94.7	304	16	0	1	304	1	304	7.48e-204	560
NC_000913.3_913	iML1515.b0937	100	191	0	0	1	191	1	191	5.87e-137	380
NC_000913.3_913	iSbBS512_1146.SbBS512_E2381	100	191	0	0	1	191	1	191	5.87e-137	380
NC_000913.3_913	iSF_1195.SF0936	99.0	191	2	0	1	191	1	191	9.74e-136	377
NC_000913.3_913	iSSON_1240.SSON_0940	97.9	191	4	0	1	191	1	191	2.79e-135	375
NC_000913.3_913	iSDY_1059.SDY_2319	97.4	191	5	0	1	191	1	191	7.69e-133	369
NC_000913.3_921	iML1515.b0945	100	336	0	0	1	336	1	336	5.85e-248	672
NC_000913.3_921	iSbBS512_1146.SbBS512_E2372	100	336	0	0	1	336	1	336	5.85e-248	672
NC_000913.3_921	iSSON_1240.SSON_0949	100	336	0	0	1	336	1	336	5.85e-248	672
NC_000913.3_921	iSF_1195.SF0946	99.7	336	1	0	1	336	1	336	1.68e-247	671
NC_000913.3_921	iSDY_1059.SDY_0918	99.4	336	2	0	1	336	1	336	6.82e-247	670
NC_000913.3_921	STM_v1_0.STM1058	94.6	336	18	0	1	336	1	336	2.74e-237	645
NC_000913.3_921	iYL1228.KPN_00974	91.7	336	28	0	1	336	1	336	3.82e-228	622
NC_000913.3_923	STM_v1_0.STM2093	42.6	68	39	0	300	367	14	81	5.55e-11	62.8
NC_000913.3_925	iYS854.USA300HOU_RS08305	29.1	206	128	4	319	506	10	215	4.35e-20	90.1
NC_000913.3_925	iLJ478.TM0115	22.6	539	291	16	1	494	12	469	4.51e-18	87.4
NC_000913.3_925	iLJ478.TM0124	32.1	184	115	5	319	496	3	182	4.47e-19	86.7
NC_000913.3_925	iSDY_1059.SDY_1145	32.8	189	106	4	322	500	7	184	7.47e-19	86.3
NC_000913.3_925	iML1515.b1858	32.8	189	106	4	322	500	7	184	1.01e-18	85.9
NC_000913.3_925	iSSON_1240.SSON_1283	32.8	189	106	4	322	500	7	184	1.01e-18	85.9
NC_000913.3_925	iSF_1195.SF1867	32.8	189	106	4	322	500	7	184	1.37e-18	85.5
NC_000913.3_925	iSbBS512_1146.SbBS512_E0954	32.8	189	106	4	322	500	7	184	1.85e-18	85.1
NC_000913.3_925	iML1515.b2180	23.7	556	261	19	18	500	24	489	5.91e-17	84.0
NC_000913.3_925	iJN1463.PP_0118	32.6	187	115	5	319	500	5	185	6.92e-18	83.6
NC_000913.3_925	iJN1463.PP_4150	24.0	520	294	20	18	496	25	484	1.85e-16	82.4
NC_000913.3_925	iYO844.BSU02860	25.9	243	139	6	1	230	1	215	1.95e-17	81.6
NC_000913.3_930	iML1515.b0954	100	172	0	0	37	208	1	172	2.40e-127	355
NC_000913.3_930	iSbBS512_1146.SbBS512_E2362	100	172	0	0	37	208	1	172	2.40e-127	355
NC_000913.3_930	iSDY_1059.SDY_0927	100	172	0	0	37	208	1	172	2.40e-127	355
NC_000913.3_930	iSF_1195.SF0954	100	172	0	0	37	208	1	172	2.40e-127	355
NC_000913.3_930	iSSON_1240.SSON_0958	100	172	0	0	37	208	1	172	2.40e-127	355
NC_000913.3_930	STM_v1_0.STM1067	98.8	172	2	0	37	208	1	172	3.99e-126	352
NC_000913.3_930	iYL1228.KPN_00983	97.7	172	4	0	37	208	1	172	3.28e-125	350
NC_000913.3_933	iML1515.b0957	100	346	0	0	1	346	1	346	2.92e-253	687
NC_000913.3_933	iSbBS512_1146.SbBS512_E2359	100	346	0	0	1	346	1	346	2.92e-253	687
NC_000913.3_933	iSSON_1240.SSON_0961	100	346	0	0	1	346	1	346	2.92e-253	687
NC_000913.3_933	iSDY_1059.SDY_0930	97.1	350	6	1	1	346	1	350	2.45e-246	669
NC_000913.3_933	iSF_1195.SF0957	94.6	350	13	2	1	346	1	348	6.99e-241	655
NC_000913.3_939	iML1515.b0963	100	152	0	0	1	152	1	152	4.24e-111	311
NC_000913.3_939	iSbBS512_1146.SbBS512_E2352	100	152	0	0	1	152	1	152	4.24e-111	311
NC_000913.3_939	iSDY_1059.SDY_0938	100	152	0	0	1	152	4	155	4.70e-111	311
NC_000913.3_939	iSF_1195.SF0965	100	152	0	0	1	152	4	155	4.70e-111	311
NC_000913.3_939	iSSON_1240.SSON_0967	100	152	0	0	1	152	4	155	4.70e-111	311
NC_000913.3_939	STM_v1_0.STM1076	94.7	152	8	0	1	152	1	152	4.58e-106	298
NC_000913.3_939	iYL1228.KPN_00992	88.8	152	17	0	1	152	6	157	2.79e-99	281
NC_000913.3_944	iML1515.b0968	100	92	0	0	1	92	1	92	8.22e-67	194
NC_000913.3_944	iSDY_1059.SDY_0943	100	92	0	0	1	92	1	92	8.22e-67	194
NC_000913.3_944	iSSON_1240.SSON_0973	100	92	0	0	1	92	1	92	8.22e-67	194
NC_000913.3_944	iSF_1195.SF0969	97.8	92	2	0	1	92	1	92	1.66e-66	194
NC_000913.3_944	iSbBS512_1146.SbBS512_E2346	97.8	92	2	0	1	92	1	92	2.76e-65	191
NC_000913.3_947	iML1515.b0972	100	372	0	0	1	372	1	372	1.25e-283	766
NC_000913.3_947	iSbBS512_1146.SbBS512_E2343	100	372	0	0	1	372	1	372	1.25e-283	766
NC_000913.3_947	iSDY_1059.SDY_0947	100	372	0	0	1	372	1	372	1.25e-283	766
NC_000913.3_947	iSF_1195.SF0973	99.7	372	1	0	1	372	1	372	3.58e-283	764
NC_000913.3_947	STM_v1_0.STM1786	92.2	372	29	0	1	372	1	372	1.65e-263	715
NC_000913.3_948	iML1515.b0973	100	597	0	0	1	597	1	597	0.0	1249
NC_000913.3_948	iSF_1195.SF0974	100	597	0	0	1	597	1	597	0.0	1249
NC_000913.3_948	iSbBS512_1146.SbBS512_E2342	99.8	597	1	0	1	597	1	597	0.0	1245
NC_000913.3_948	STM_v1_0.STM1787	91.1	597	53	0	1	597	1	597	0.0	1168
NC_000913.3_948	iSDY_1059.SDY_0948	99.1	549	5	0	1	549	1	549	0.0	1145
NC_000913.3_949	iML1515.b0974	100	235	0	0	1	235	1	235	7.30e-180	492
NC_000913.3_949	iSDY_1059.SDY_0949	100	235	0	0	1	235	1	235	7.30e-180	492
NC_000913.3_949	iSF_1195.SF0975	99.6	235	1	0	1	235	1	235	1.04e-179	491
NC_000913.3_949	iSbBS512_1146.SbBS512_E2341	99.1	235	2	0	1	235	1	235	7.01e-178	487
NC_000913.3_950	iAF987.Gmet_3329	39.9	163	96	2	6	168	3	163	2.95e-36	124
NC_000913.3_953	iML1515.b0978	100	514	0	0	1	514	1	514	0.0	1019
NC_000913.3_953	iSF_1195.SF0980	99.4	514	3	0	1	514	1	514	0.0	1013
NC_000913.3_953	iSbBS512_1146.SbBS512_E2337	99.2	514	4	0	1	514	1	514	0.0	1012
NC_000913.3_953	iSDY_1059.SDY_0953	99.0	514	5	0	1	514	1	514	0.0	1009
NC_000913.3_953	iSSON_1240.SSON_0984	99.0	514	5	0	1	514	1	514	0.0	1008
NC_000913.3_953	STM_v1_0.STM1792	88.9	514	57	0	1	514	1	514	0.0	927
NC_000913.3_954	iML1515.b0979	100	378	0	0	1	378	1	378	2.15e-278	753
NC_000913.3_954	iSSON_1240.SSON_0985	100	378	0	0	1	378	1	378	2.15e-278	753
NC_000913.3_954	iSbBS512_1146.SbBS512_E2336	99.7	378	1	0	1	378	1	378	8.74e-278	751
NC_000913.3_954	iSDY_1059.SDY_0954	99.7	378	1	0	1	378	1	378	8.74e-278	751
NC_000913.3_954	iSF_1195.SF0981	99.5	378	2	0	1	378	1	378	5.06e-277	749
NC_000913.3_956	iML1515.b0980	100	432	0	0	1	432	1	432	1.28e-318	859
NC_000913.3_956	iSSON_1240.SSON_0987	100	432	0	0	1	432	1	432	1.28e-318	859
NC_000913.3_956	iSbBS512_1146.SbBS512_E2335	98.6	432	6	0	1	432	1	432	6.65e-314	847
NC_000913.3_956	iSF_1195.SF0982	98.4	432	7	0	1	432	1	432	1.91e-313	846
NC_000913.3_956	iSDY_1059.SDY_0956	97.7	434	8	1	1	432	1	434	9.36e-310	837
NC_000913.3_958	iMM1415.11431	35.4	144	80	4	1	132	1	143	2.81e-16	70.9
NC_000913.3_964	STM_v1_0.STM0861	40.3	67	40	0	1	67	1	67	6.08e-14	63.9
NC_000913.3_968	iML1515.b2204	26.3	217	136	9	81	288	69	270	1.45e-12	67.0
NC_000913.3_968	iSbBS512_1146.SbBS512_E0737	26.3	217	136	9	81	288	69	270	1.45e-12	67.0
NC_000913.3_968	iSF_1195.SF2288	26.3	217	136	9	81	288	69	270	1.45e-12	67.0
NC_000913.3_968	iSSON_1240.SSON_2262	26.3	217	136	9	81	288	69	270	1.45e-12	67.0
NC_000913.3_968	STM_v1_0.STM2257	25.2	246	153	9	52	288	47	270	2.00e-12	66.6
NC_000913.3_968	iSDY_1059.SDY_0874	26.3	217	136	9	81	288	69	270	2.65e-12	66.2
NC_000913.3_969	iAF987.Gmet_0043	28.6	339	201	14	425	741	37	356	1.42e-14	77.4
NC_000913.3_971	iAF987.Gmet_0069	32.8	119	75	2	1	114	1	119	3.97e-13	67.0
NC_000913.3_971	iAF987.Gmet_2999	26.1	134	96	1	2	132	7	140	2.58e-11	62.0
NC_000913.3_971	iAF987.Gmet_1914	30.5	105	72	1	5	108	4	108	3.03e-11	62.0
NC_000913.3_972	iML1515.b0996	100	390	0	0	1	390	1	390	3.13e-293	791
NC_000913.3_972	STM_v1_0.STM3823	90.0	390	37	1	1	388	1	390	6.98e-266	723
NC_000913.3_973	iML1515.b0997	100	848	0	0	1	848	1	848	0.0	1727
NC_000913.3_973	STM_v1_0.STM3822	89.3	845	90	0	1	845	1	845	0.0	1580
NC_000913.3_978	iML1515.b1002	100	413	0	0	1	413	1	413	1.13e-309	835
NC_000913.3_978	iSSON_1240.SSON_1012	99.3	413	3	0	1	413	1	413	8.91e-307	828
NC_000913.3_978	iSF_1195.SF1006	98.5	413	6	0	1	413	1	413	6.01e-305	823
NC_000913.3_978	iSDY_1059.SDY_0978	98.5	413	6	0	1	413	1	413	1.72e-304	822
NC_000913.3_980	iML1515.b1004	100	198	0	0	1	198	1	198	1.09e-140	390
NC_000913.3_982	iML1515.b1006	100	442	0	0	1	442	1	442	1.43e-304	825
NC_000913.3_982	iSSON_1240.SSON_1024	99.5	442	2	0	1	442	23	464	7.70e-303	821
NC_000913.3_982	iSF_1195.SF1009	98.9	442	5	0	1	442	23	464	1.05e-300	816
NC_000913.3_982	iSDY_1059.SDY_0981	98.2	442	8	0	1	442	23	464	2.46e-299	812
NC_000913.3_983	iML1515.b1007	100	164	0	0	1	164	1	164	2.31e-123	343
NC_000913.3_983	iSF_1195.SF1010	99.3	152	1	0	13	164	1	152	1.77e-113	318
NC_000913.3_983	iSSON_1240.SSON_1025	98.7	152	2	0	13	164	1	152	5.08e-113	317
NC_000913.3_983	iSDY_1059.SDY_0982	98.7	152	2	0	13	164	1	152	1.02e-112	316
NC_000913.3_984	iML1515.b1008	100	196	0	0	1	196	1	196	5.01e-145	400
NC_000913.3_984	iSF_1195.SF1011	97.4	196	5	0	1	196	1	196	7.99e-142	392
NC_000913.3_984	iSSON_1240.SSON_1026	95.9	196	8	0	1	196	1	196	2.20e-139	386
NC_000913.3_984	iSDY_1059.SDY_0983	95.9	196	8	0	1	196	1	196	4.44e-139	385
NC_000913.3_985	iML1515.b1009	100	266	0	0	1	266	1	266	2.75e-195	533
NC_000913.3_985	iSSON_1240.SSON_1027	99.2	266	2	0	1	266	1	266	2.63e-193	528
NC_000913.3_985	iSF_1195.SF1012	98.5	266	4	0	1	266	1	266	3.07e-192	526
NC_000913.3_986	iML1515.b1010	100	128	0	0	1	128	1	128	5.51e-91	258
NC_000913.3_986	iSDY_1059.SDY_0985	100	128	0	0	1	128	1	128	5.51e-91	258
NC_000913.3_986	iSF_1195.SF1013	99.2	128	1	0	1	128	1	128	2.63e-89	254
NC_000913.3_987	iML1515.b1011	100	230	0	0	2	231	1	230	8.51e-170	466
NC_000913.3_987	iSSON_1240.SSON_1030	99.1	231	2	0	1	231	14	244	1.65e-168	463
NC_000913.3_987	iSF_1195.SF1014	98.3	231	4	0	1	231	14	244	7.86e-167	459
NC_000913.3_988	iML1515.b1012	100	363	0	0	1	363	20	382	5.46e-269	729
NC_000913.3_988	iSF_1195.SF1015	98.3	363	6	0	1	363	20	382	3.53e-265	719
NC_000913.3_988	iSDY_1059.SDY_0987	97.8	363	8	0	1	363	20	382	5.85e-264	716
NC_000913.3_990	iML1515.b1014	100	1320	0	0	1	1320	1	1320	0.0	2563
NC_000913.3_990	iSSON_1240.SSON_1034	99.4	1320	8	0	1	1320	1	1320	0.0	2551
NC_000913.3_990	iSbBS512_1146.SbBS512_E2304	99.2	1320	11	0	1	1320	1	1320	0.0	2544
NC_000913.3_990	iYL1228.KPN_01041	90.5	1320	126	0	1	1320	7	1326	0.0	2340
NC_000913.3_992	iML1515.b1015	100	502	0	0	1	502	1	502	0.0	966
NC_000913.3_992	iSbBS512_1146.SbBS512_E2302	99.2	502	4	0	1	502	1	502	0.0	959
NC_000913.3_992	iSDY_1059.SDY_0990	99.0	501	5	0	1	501	1	501	0.0	955
NC_000913.3_992	iSSON_1240.SSON_1035	98.8	502	6	0	1	502	1	502	0.0	952
NC_000913.3_992	STM_v1_0.STM1125	94.8	500	26	0	1	500	1	500	0.0	928
NC_000913.3_992	iYL1228.KPN_01042	95.4	498	23	0	1	498	1	498	0.0	925
NC_000913.3_994	iYO844.BSU38280	26.9	175	107	6	7	171	264	427	1.54e-06	48.1
NC_000913.3_995	iYS854.USA300HOU_RS01820	40.3	233	137	2	138	368	47	279	1.33e-52	176
NC_000913.3_995	iYO844.BSU38270	41.3	235	134	2	139	372	154	385	1.03e-49	171
NC_000913.3_996	iML1515.b1019	100	423	0	0	1	423	1	423	4.18e-317	855
NC_000913.3_998	iML1515.b1021	100	137	0	0	1	137	1	137	1.31e-91	261
NC_000913.3_999	iML1515.b1022	100	441	0	0	1	441	1	441	0.0	882
NC_000913.3_1002	iML1515.b1025	100	452	0	0	1	452	1	452	0.0	879
NC_000913.3_1007	iML1515.b1033	100	312	0	0	1	312	1	312	3.47e-237	643
NC_000913.3_1007	iSSON_1240.SSON_1042	100	312	0	0	1	312	14	325	5.64e-237	643
NC_000913.3_1007	iSbBS512_1146.SbBS512_E2296	99.7	312	1	0	1	312	1	312	5.75e-236	640
NC_000913.3_1007	iSDY_1059.SDY_1004	99.0	312	3	0	1	312	14	325	1.55e-234	637
NC_000913.3_1019	iYS854.USA300HOU_RS01730	37.6	181	103	4	5	176	87	266	7.57e-26	99.4
NC_000913.3_1020	iAF987.Gmet_0078	35.4	429	255	7	24	434	36	460	4.63e-77	249
NC_000913.3_1026	iYS854.USA300HOU_RS00620	28.2	383	263	5	12	387	7	384	6.87e-35	133
NC_000913.3_1027	iML1515.b1054	100	306	0	0	1	306	1	306	3.08e-237	643
NC_000913.3_1027	iSbBS512_1146.SbBS512_E2276	100	306	0	0	1	306	1	306	3.08e-237	643
NC_000913.3_1027	iSF_1195.SF1061	99.7	306	1	0	1	306	1	306	4.38e-237	642
NC_000913.3_1027	iSSON_1240.SSON_1074	99.7	306	1	0	1	306	1	306	1.25e-236	641
NC_000913.3_1027	iSDY_1059.SDY_2293	99.3	306	2	0	1	306	1	306	3.60e-236	640
NC_000913.3_1028	iYL1228.KPN_03791	24.0	100	70	1	134	233	5	98	4.37e-05	42.0
NC_000913.3_1028	iML1515.b3425	21.8	101	73	1	134	234	5	99	1.48e-04	40.4
NC_000913.3_1028	iSbBS512_1146.SbBS512_E3807	21.8	101	73	1	134	234	5	99	1.48e-04	40.4
NC_000913.3_1028	iSF_1195.SF3447	21.8	101	73	1	134	234	5	99	1.48e-04	40.4
NC_000913.3_1028	iSSON_1240.SSON_3662	21.8	101	73	1	134	234	5	99	1.48e-04	40.4
NC_000913.3_1028	iPC815.YPO0122	25.9	108	66	3	127	233	4	98	3.84e-04	39.3
NC_000913.3_1032	iML1515.b1059	100	372	0	0	1	372	1	372	7.85e-287	774
NC_000913.3_1032	iSbBS512_1146.SbBS512_E2268	98.9	372	4	0	1	372	1	372	2.16e-284	768
NC_000913.3_1032	iSF_1195.SF1066	98.9	372	4	0	1	372	1	372	2.16e-284	768
NC_000913.3_1032	iSDY_1059.SDY_2096	98.7	372	5	0	1	372	1	372	1.78e-283	765
NC_000913.3_1032	iSSON_1240.SSON_1079	98.7	372	5	0	1	372	1	372	1.78e-283	765
NC_000913.3_1035	iML1515.b1062	100	348	0	0	1	348	1	348	9.91e-262	708
NC_000913.3_1035	iSSON_1240.SSON_1082	100	348	0	0	1	348	1	348	9.91e-262	708
NC_000913.3_1035	iSDY_1059.SDY_2091	99.7	348	1	0	1	348	1	348	5.73e-261	706
NC_000913.3_1035	iSF_1195.SF1068	99.7	348	1	0	1	348	1	348	8.14e-261	706
NC_000913.3_1035	iSbBS512_1146.SbBS512_E2265	99.1	348	3	0	1	348	1	348	1.92e-259	702
NC_000913.3_1035	iYL1228.KPN_01074	89.7	348	36	0	1	348	1	348	2.53e-239	652
NC_000913.3_1035	STM_v1_0.STM1163	88.5	348	40	0	1	348	1	348	6.95e-237	645
NC_000913.3_1037	iML1515.b1064	100	215	0	0	1	215	1	215	3.34e-157	433
NC_000913.3_1037	iSbBS512_1146.SbBS512_E2262	100	215	0	0	1	215	1	215	3.34e-157	433
NC_000913.3_1037	iSSON_1240.SSON_1084	100	215	0	0	1	215	1	215	3.34e-157	433
NC_000913.3_1037	iSF_1195.SF1070	99.1	215	2	0	1	215	1	215	7.88e-156	429
NC_000913.3_1037	iSDY_1059.SDY_2089	99.1	215	2	0	1	215	1	215	1.12e-155	429
NC_000913.3_1038	iYO844.BSU26590	20.3	344	250	9	65	394	64	397	1.92e-06	49.3
NC_000913.3_1041	iAF692.Mbar_A1138	28.2	181	124	3	4	179	2	181	2.50e-10	60.1
NC_000913.3_1041	STM_v1_0.STM4433	25.5	333	196	15	1	296	1	318	9.54e-09	55.5
NC_000913.3_1041	iAF987.Gmet_2352	25.2	317	206	13	2	300	3	306	1.53e-08	54.7
NC_000913.3_1042	iML1515.b1069	100	511	0	0	1	511	1	511	0.0	952
NC_000913.3_1042	iSbBS512_1146.SbBS512_E2257	99.8	511	1	0	1	511	1	511	0.0	952
NC_000913.3_1042	iSF_1195.SF1075	99.8	511	1	0	1	511	1	511	0.0	952
NC_000913.3_1042	iSSON_1240.SSON_1089	99.8	511	1	0	1	511	1	511	0.0	952
NC_000913.3_1042	iSDY_1059.SDY_2083	99.4	511	3	0	1	511	1	511	0.0	949
NC_000913.3_1054	iYS854.USA300HOU_RS14370	29.1	151	96	3	148	292	319	464	4.67e-11	63.2
NC_000913.3_1058	iNF517.LLMG_RS07670	33.9	319	176	8	10	316	3	298	3.98e-42	147
NC_000913.3_1059	iML1515.b3248	35.7	185	115	3	14	197	1	182	2.96e-26	99.8
NC_000913.3_1062	iML1515.b1090	100	346	0	0	1	346	11	356	6.63e-241	656
NC_000913.3_1062	iSSON_1240.SSON_1110	99.7	346	1	0	1	346	1	346	2.64e-240	654
NC_000913.3_1062	iSbBS512_1146.SbBS512_E2234	99.1	346	3	0	1	346	11	356	4.47e-239	651
NC_000913.3_1062	iSDY_1059.SDY_2060	99.1	346	3	0	1	346	1	346	1.25e-238	650
NC_000913.3_1062	iSF_1195.SF1094	99.1	346	3	0	1	346	1	346	1.25e-238	650
NC_000913.3_1063	iML1515.b1091	100	317	0	0	1	317	1	317	1.02e-227	620
NC_000913.3_1063	iSbBS512_1146.SbBS512_E2233	100	317	0	0	1	317	1	317	1.02e-227	620
NC_000913.3_1063	iSSON_1240.SSON_1111	100	317	0	0	1	317	1	317	1.02e-227	620
NC_000913.3_1063	iSDY_1059.SDY_2059	99.7	317	1	0	1	317	1	317	4.16e-227	618
NC_000913.3_1063	iSF_1195.SF1095	99.7	317	1	0	1	317	1	317	1.19e-226	617
NC_000913.3_1063	STM_v1_0.STM1193	94.6	317	17	0	1	317	1	317	9.62e-217	592
NC_000913.3_1063	iYL1228.KPN_01089	90.2	317	31	0	1	317	1	317	5.45e-207	567
NC_000913.3_1064	iML1515.b1092	100	309	0	0	1	309	1	309	5.18e-217	592
NC_000913.3_1064	iSbBS512_1146.SbBS512_E2232	100	309	0	0	1	309	1	309	5.18e-217	592
NC_000913.3_1064	iSSON_1240.SSON_1112	99.0	309	3	0	1	309	1	309	5.79e-214	584
NC_000913.3_1064	iSF_1195.SF1096	99.0	309	3	0	1	309	1	309	8.23e-214	584
NC_000913.3_1064	iSDY_1059.SDY_2058	98.4	309	5	0	1	309	1	309	3.35e-213	582
NC_000913.3_1064	STM_v1_0.STM1194	93.8	307	19	0	1	307	1	307	1.90e-203	558
NC_000913.3_1064	iYL1228.KPN_01090	90.9	308	28	0	1	308	1	308	6.07e-200	549
NC_000913.3_1065	iML1515.b1093	100	244	0	0	1	244	1	244	1.28e-164	454
NC_000913.3_1065	iSbBS512_1146.SbBS512_E2231	100	244	0	0	1	244	1	244	1.28e-164	454
NC_000913.3_1065	iSF_1195.SF1097	100	244	0	0	1	244	1	244	1.28e-164	454
NC_000913.3_1065	iSSON_1240.SSON_1113	100	244	0	0	1	244	1	244	1.28e-164	454
NC_000913.3_1065	iSDY_1059.SDY_2057	99.6	244	1	0	1	244	1	244	4.27e-163	450
NC_000913.3_1065	STM_v1_0.STM1195	95.9	244	10	0	1	244	1	244	1.08e-156	434
NC_000913.3_1065	iYL1228.KPN_01091	93.4	244	16	0	1	244	1	244	1.71e-153	426
NC_000913.3_1066	iML1515.b1094	100	78	0	0	1	78	1	78	1.03e-47	145
NC_000913.3_1066	iYL1228.KPN_01092	100	78	0	0	1	78	1	78	1.03e-47	145
NC_000913.3_1066	STM_v1_0.STM1196	100	78	0	0	1	78	1	78	1.03e-47	145
NC_000913.3_1066	iSbBS512_1146.SbBS512_E2230	100	78	0	0	1	78	1	78	1.03e-47	145
NC_000913.3_1066	iSDY_1059.SDY_2056	100	78	0	0	1	78	1	78	1.03e-47	145
NC_000913.3_1066	iSF_1195.SF1098	100	78	0	0	1	78	1	78	1.03e-47	145
NC_000913.3_1066	iSSON_1240.SSON_1114	100	78	0	0	1	78	1	78	1.03e-47	145
NC_000913.3_1067	iML1515.b1095	100	413	0	0	1	413	1	413	6.18e-298	805
NC_000913.3_1067	iSF_1195.SF1099	100	413	0	0	1	413	1	413	6.18e-298	805
NC_000913.3_1067	iSSON_1240.SSON_1115	99.8	413	1	0	1	413	1	413	1.77e-297	804
NC_000913.3_1067	iSDY_1059.SDY_2055	99.8	413	1	0	1	413	1	413	5.07e-297	803
NC_000913.3_1067	iSbBS512_1146.SbBS512_E2229	99.5	413	2	0	1	413	1	413	1.19e-295	800
NC_000913.3_1067	iYL1228.KPN_01093	95.4	413	19	0	1	413	1	413	4.98e-288	780
NC_000913.3_1067	STM_v1_0.STM1197	94.4	413	23	0	1	413	1	413	7.90e-285	772
NC_000913.3_1067	iPC815.YPO1601	89.3	413	44	0	1	413	1	413	1.82e-274	746
NC_000913.3_1068	iML1515.b1096	100	269	0	0	1	269	1	269	8.86e-198	540
NC_000913.3_1068	iSDY_1059.SDY_2054	98.5	269	4	0	1	269	1	269	4.04e-194	531
NC_000913.3_1068	iSSON_1240.SSON_1116	98.1	269	5	0	1	269	1	269	1.65e-193	529
NC_000913.3_1068	iSF_1195.SF1100	97.8	269	6	0	1	269	1	269	1.35e-192	527
NC_000913.3_1068	iSbBS512_1146.SbBS512_E2228	97.4	269	7	0	1	269	1	269	1.92e-192	526
NC_000913.3_1069	iML1515.b1097	100	340	0	0	1	340	1	340	3.96e-248	673
NC_000913.3_1070	iML1515.b1098	100	213	0	0	1	213	1	213	2.43e-149	413
NC_000913.3_1070	iSbBS512_1146.SbBS512_E2226	100	213	0	0	1	213	1	213	2.43e-149	413
NC_000913.3_1070	iSDY_1059.SDY_2052	100	213	0	0	1	213	1	213	2.43e-149	413
NC_000913.3_1070	iSF_1195.SF1102	100	213	0	0	1	213	1	213	2.43e-149	413
NC_000913.3_1070	iSSON_1240.SSON_1118	100	213	0	0	1	213	1	213	2.43e-149	413
NC_000913.3_1073	iML1515.b1101	100	477	0	0	1	477	1	477	0.0	922
NC_000913.3_1073	iSDY_1059.SDY_2049	100	477	0	0	1	477	1	477	0.0	922
NC_000913.3_1073	iSSON_1240.SSON_1121	100	477	0	0	1	477	1	477	0.0	922
NC_000913.3_1073	iSbBS512_1146.SbBS512_E2223	99.8	477	1	0	1	477	1	477	0.0	920
NC_000913.3_1073	iSF_1195.SF1105	99.6	477	2	0	1	477	1	477	0.0	917
NC_000913.3_1073	STM_v1_0.STM1203	97.5	476	12	0	1	476	1	476	0.0	901
NC_000913.3_1073	iYL1228.KPN_01099	97.5	476	12	0	1	476	1	476	0.0	900
NC_000913.3_1073	iPC815.YPO1608	90.4	477	46	0	1	477	1	477	6.37e-312	846
NC_000913.3_1074	iML1515.b1102	100	729	0	0	1	729	1	729	0.0	1475
NC_000913.3_1074	iSDY_1059.SDY_2048	99.6	729	3	0	1	729	1	729	0.0	1471
NC_000913.3_1074	iSbBS512_1146.SbBS512_E2222	99.3	729	5	0	1	729	1	729	0.0	1468
NC_000913.3_1074	iSSON_1240.SSON_1122	99.2	729	6	0	1	729	1	729	0.0	1464
NC_000913.3_1075	iML1515.b1103	100	119	0	0	1	119	1	119	1.70e-83	239
NC_000913.3_1078	iML1515.b1106	100	274	0	0	1	274	1	274	5.20e-213	579
NC_000913.3_1078	iSDY_1059.SDY_2044	98.9	274	3	0	1	274	1	274	4.99e-211	574
NC_000913.3_1078	iSF_1195.SF1110	98.9	274	3	0	1	274	1	274	2.89e-210	572
NC_000913.3_1078	iSSON_1240.SSON_1126	98.9	274	3	0	1	274	1	274	5.83e-210	571
NC_000913.3_1078	iSbBS512_1146.SbBS512_E2217	98.5	274	4	0	1	274	1	274	3.37e-209	569
NC_000913.3_1079	iML1515.b1107	100	341	0	0	1	341	1	341	1.49e-248	674
NC_000913.3_1079	iSF_1195.SF1111	99.4	341	2	0	1	341	1	341	7.09e-247	670
NC_000913.3_1079	iSSON_1240.SSON_1127	98.8	341	4	0	1	341	1	341	2.77e-244	664
NC_000913.3_1079	iSDY_1059.SDY_2043	98.2	341	6	0	1	341	1	341	5.59e-244	663
NC_000913.3_1079	iSbBS512_1146.SbBS512_E2216	97.9	341	7	0	1	341	1	341	1.87e-242	659
NC_000913.3_1079	STM_v1_0.STM1209	91.8	341	28	0	1	341	1	341	2.39e-229	626
NC_000913.3_1081	iML1515.b1109	100	434	0	0	1	434	1	434	1.27e-319	862
NC_000913.3_1081	iSF_1195.SF1113	99.8	434	1	0	1	434	1	434	1.27e-319	862
NC_000913.3_1081	iSDY_1059.SDY_2041	99.8	434	1	0	1	434	1	434	5.09e-319	860
NC_000913.3_1081	iSSON_1240.SSON_1129	99.5	434	2	0	1	434	1	434	5.98e-318	858
NC_000913.3_1081	iSbBS512_1146.SbBS512_E2214	99.3	434	3	0	1	434	1	434	3.45e-317	856
NC_000913.3_1081	STM_v1_0.STM1211	97.5	434	11	0	1	434	1	434	2.60e-312	843
NC_000913.3_1081	iYL1228.KPN_01106	93.5	434	28	0	1	434	1	434	2.85e-300	813
NC_000913.3_1085	iML1515.b1113	100	319	0	0	1	319	2	320	2.83e-233	634
NC_000913.3_1089	iCN900.CD630_19470	44.5	220	122	0	2	221	6	225	8.85e-64	197
NC_000913.3_1089	iYO844.BSU30420	43.5	209	118	0	21	229	21	229	4.28e-57	181
NC_000913.3_1091	iML1515.b1119	100	303	0	0	1	303	1	303	7.52e-232	629
NC_000913.3_1091	iSDY_1059.SDY_2031	100	303	0	0	1	303	1	303	7.52e-232	629
NC_000913.3_1091	iSSON_1240.SSON_1139	99.0	303	3	0	1	303	1	303	3.43e-228	620
NC_000913.3_1091	iSF_1195.SF1123	98.7	303	4	0	1	303	1	303	4.87e-228	619
NC_000913.3_1091	STM_v1_0.STM1220	92.7	303	22	0	1	303	1	303	4.25e-213	582
NC_000913.3_1092	STM_v1_0.STM1221	91.2	273	24	0	1	273	1	273	1.14e-183	505
NC_000913.3_1095	iML1515.b1123	100	348	0	0	1	348	1	348	4.21e-263	712
NC_000913.3_1095	iSDY_1059.SDY_2029	100	348	0	0	1	348	1	348	4.21e-263	712
NC_000913.3_1095	iSF_1195.SF1125	100	348	0	0	1	348	1	348	4.21e-263	712
NC_000913.3_1095	iSSON_1240.SSON_1141	99.7	348	1	0	1	348	1	348	1.71e-262	710
NC_000913.3_1095	iSbBS512_1146.SbBS512_E2202	99.7	348	1	0	1	348	1	348	9.91e-262	708
NC_000913.3_1095	STM_v1_0.STM1222	94.0	348	21	0	1	348	1	348	9.38e-251	681
NC_000913.3_1095	iYL1228.KPN_01129	91.4	348	30	0	1	348	1	348	1.00e-245	668
NC_000913.3_1096	iML1515.b1124	100	264	0	0	1	264	1	264	1.96e-178	491
NC_000913.3_1096	iSbBS512_1146.SbBS512_E2201	100	264	0	0	1	264	1	264	1.96e-178	491
NC_000913.3_1096	iSSON_1240.SSON_1142	100	264	0	0	1	264	1	264	1.96e-178	491
NC_000913.3_1096	iSDY_1059.SDY_2028	99.6	264	1	0	1	264	1	264	7.99e-178	489
NC_000913.3_1096	iSF_1195.SF1126	99.6	264	1	0	1	264	1	264	2.29e-177	488
NC_000913.3_1096	STM_v1_0.STM1223	96.9	258	8	0	1	258	1	258	1.87e-168	465
NC_000913.3_1096	iYL1228.KPN_01130	96.1	258	10	0	1	258	1	258	1.65e-167	463
NC_000913.3_1097	iSbBS512_1146.SbBS512_E1303	99.3	283	2	0	1	283	1	283	3.02e-193	530
NC_000913.3_1097	STM_v1_0.STM1225	97.2	283	8	0	1	283	1	283	5.84e-191	524
NC_000913.3_1097	iML1515.b1125	100	274	0	0	12	285	2	275	1.20e-187	515
NC_000913.3_1097	iSDY_1059.SDY_2027	100	274	0	0	12	285	2	275	1.20e-187	515
NC_000913.3_1097	iSF_1195.SF1127	100	274	0	0	12	285	2	275	1.20e-187	515
NC_000913.3_1097	iSSON_1240.SSON_1143	100	274	0	0	12	285	2	275	1.20e-187	515
NC_000913.3_1097	iYL1228.KPN_01131	94.0	285	17	0	1	285	1	285	4.97e-187	514
NC_000913.3_1098	iML1515.b1126	100	378	0	0	1	378	1	378	5.65e-274	742
NC_000913.3_1098	iSF_1195.SF1128	100	378	0	0	1	378	1	378	5.65e-274	742
NC_000913.3_1098	iSbBS512_1146.SbBS512_E1304	99.7	378	1	0	1	378	1	378	2.30e-273	740
NC_000913.3_1098	iSSON_1240.SSON_1144	99.7	378	1	0	1	378	1	378	2.30e-273	740
NC_000913.3_1098	iSDY_1059.SDY_2026	99.7	378	1	0	1	378	1	378	9.37e-273	739
NC_000913.3_1098	STM_v1_0.STM1226	94.2	378	22	0	1	378	1	378	1.56e-255	695
NC_000913.3_1098	iYL1228.KPN_01132	90.5	378	36	0	1	378	1	378	7.23e-245	668
NC_000913.3_1102	iAF987.Gmet_1706	34.7	121	71	3	1	117	1	117	1.70e-10	59.3
NC_000913.3_1102	iAF987.Gmet_0069	31.1	122	74	4	3	117	5	123	1.86e-09	56.2
NC_000913.3_1102	iAF987.Gmet_2999	28.3	113	79	1	3	113	10	122	9.39e-09	54.3
NC_000913.3_1103	iML1515.b1131	100	456	0	0	1	456	1	456	0.0	907
NC_000913.3_1103	iSbBS512_1146.SbBS512_E1309	99.8	456	1	0	1	456	1	456	0.0	905
NC_000913.3_1103	iSSON_1240.SSON_1149	99.8	456	1	0	1	456	1	456	0.0	905
NC_000913.3_1103	iSDY_1059.SDY_2021	99.3	456	3	0	1	456	1	456	0.0	904
NC_000913.3_1103	iSF_1195.SF1150	99.3	456	3	0	1	456	1	456	0.0	901
NC_000913.3_1103	STM_v1_0.STM1232	95.0	456	23	0	1	456	1	456	0.0	872
NC_000913.3_1103	iYL1228.KPN_01139	94.1	456	27	0	1	456	1	456	0.0	866
NC_000913.3_1106	iML1515.b1134	100	153	0	0	1	153	1	153	1.21e-115	323
NC_000913.3_1106	iSDY_1059.SDY_2018	100	153	0	0	1	153	1	153	1.21e-115	323
NC_000913.3_1106	iSF_1195.SF1153	100	153	0	0	1	153	1	153	1.21e-115	323
NC_000913.3_1106	iSSON_1240.SSON_1152	99.3	153	1	0	1	153	1	153	4.95e-115	321
NC_000913.3_1106	iSbBS512_1146.SbBS512_E1312	98.7	153	2	0	1	153	1	153	8.21e-114	318
NC_000913.3_1107	iNF517.LLMG_RS06045	31.7	183	110	2	36	216	56	225	1.86e-26	101
NC_000913.3_1107	iYS854.USA300HOU_RS07985	33.9	177	102	2	42	216	67	230	1.59e-25	99.4
NC_000913.3_1107	iCN900.CD630_04050	34.6	182	96	5	42	217	67	231	1.08e-24	97.1
NC_000913.3_1107	iCN900.CD630_20500	32.6	178	105	2	42	217	64	228	7.81e-24	94.7
NC_000913.3_1108	iML1515.b1136	100	416	0	0	1	416	1	416	1.23e-310	838
NC_000913.3_1108	iSbBS512_1146.SbBS512_E1315	99.5	416	2	0	1	416	1	416	2.03e-309	835
NC_000913.3_1108	iSF_1195.SF1155	99.5	416	2	0	1	416	1	416	2.03e-309	835
NC_000913.3_1108	iSSON_1240.SSON_1154	99.5	416	2	0	1	416	1	416	2.03e-309	835
NC_000913.3_1108	iSDY_1059.SDY_2016	99.0	416	4	0	1	416	1	416	3.37e-308	832
NC_000913.3_1108	STM_v1_0.STM1238	96.6	416	14	0	1	416	1	416	5.99e-302	816
NC_000913.3_1108	iYL1228.KPN_01144	95.2	416	20	0	1	416	1	416	9.51e-299	808
NC_000913.3_1108	iPC815.YPO1641	90.2	417	40	1	1	416	1	417	5.99e-284	770
NC_000913.3_1131	iSbBS512_1146.SbBS512_E1315	100	54	0	0	1	54	363	416	8.34e-32	112
NC_000913.3_1131	iSSON_1240.SSON_1154	100	54	0	0	1	54	363	416	8.34e-32	112
NC_000913.3_1131	iML1515.b1136	96.3	54	2	0	1	54	363	416	6.08e-31	110
NC_000913.3_1131	iSF_1195.SF1155	96.3	54	2	0	1	54	363	416	8.46e-31	109
NC_000913.3_1131	iSDY_1059.SDY_2016	94.4	54	3	0	1	54	363	416	2.28e-30	108
NC_000913.3_1133	iSynCJ816.SGL_RS16080	27.5	102	68	4	14	110	18	118	1.11e-05	45.4
NC_000913.3_1134	iYL1228.KPN_02455	27.7	238	161	5	159	388	356	590	1.85e-18	87.0
NC_000913.3_1134	iAF987.Gmet_0700	30.4	230	143	6	171	387	580	805	9.76e-16	79.0
NC_000913.3_1138	iJN1463.PP_3435	31.6	506	331	5	3	500	14	512	1.48e-74	244
NC_000913.3_1150	iCHOv1.100766004	49.2	193	97	1	19	211	17	208	9.21e-61	189
NC_000913.3_1155	iML1515.b1185	100	176	0	0	1	176	1	176	6.74e-131	363
NC_000913.3_1155	iSDY_1059.SDY_1222	100	176	0	0	1	176	1	176	6.74e-131	363
NC_000913.3_1155	iSF_1195.SF1174	99.4	176	1	0	1	176	1	176	1.36e-130	362
NC_000913.3_1155	iSbBS512_1146.SbBS512_E1343	99.4	176	1	0	1	176	1	176	1.93e-130	362
NC_000913.3_1155	iSSON_1240.SSON_1177	99.4	176	1	0	1	176	1	176	1.93e-130	362
NC_000913.3_1156	iML1515.b1186	100	513	0	0	1	513	1	513	0.0	957
NC_000913.3_1156	iSbBS512_1146.SbBS512_E1344	100	513	0	0	1	513	1	513	0.0	957
NC_000913.3_1156	iSDY_1059.SDY_1223	100	513	0	0	1	513	1	513	0.0	957
NC_000913.3_1156	iSF_1195.SF1175	99.8	513	1	0	1	513	1	513	0.0	955
NC_000913.3_1156	iSSON_1240.SSON_1178	99.8	513	1	0	1	513	1	513	0.0	954
NC_000913.3_1156	STM_v1_0.STM1806	92.0	513	41	0	1	513	1	513	0.0	899
NC_000913.3_1159	iML1515.b1189	100	432	0	0	1	432	1	432	0.0	870
NC_000913.3_1159	iSSON_1240.SSON_1181	100	432	0	0	1	432	1	432	0.0	870
NC_000913.3_1159	iSbBS512_1146.SbBS512_E1347	99.8	432	1	0	1	432	1	432	0.0	869
NC_000913.3_1159	iSDY_1059.SDY_1226	99.5	432	2	0	1	432	1	432	0.0	868
NC_000913.3_1159	iSF_1195.SF1178	99.3	432	3	0	1	432	1	432	0.0	863
NC_000913.3_1159	STM_v1_0.STM1803	90.0	432	43	0	1	432	1	432	4.81e-291	790
NC_000913.3_1159	iYL1228.KPN_02309	89.4	432	46	0	1	432	1	432	3.24e-289	785
NC_000913.3_1160	iML1515.b1190	100	356	0	0	1	356	1	356	1.66e-264	716
NC_000913.3_1160	iSSON_1240.SSON_1182	98.9	356	4	0	1	356	1	356	9.18e-262	709
NC_000913.3_1160	iSF_1195.SF1179	98.9	356	4	0	1	356	1	356	2.63e-261	708
NC_000913.3_1161	iJN1463.PP_5066	67.4	574	182	3	1	573	18	587	1.25e-264	736
NC_000913.3_1162	iML1515.b1192	100	304	0	0	1	304	1	304	1.84e-228	620
NC_000913.3_1162	iSSON_1240.SSON_1185	99.3	304	2	0	1	304	1	304	1.24e-226	616
NC_000913.3_1162	iSbBS512_1146.SbBS512_E1350	98.0	304	6	0	1	304	1	304	2.81e-223	607
NC_000913.3_1162	iSDY_1059.SDY_1232	97.7	304	7	0	1	304	1	304	1.14e-222	606
NC_000913.3_1162	iSF_1195.SF1182	98.0	294	6	0	11	304	5	298	3.83e-215	587
NC_000913.3_1163	iML1515.b1193	100	203	0	0	1	203	1	203	2.28e-149	412
NC_000913.3_1163	iSSON_1240.SSON_1184	99.5	203	1	0	1	203	39	241	3.64e-148	410
NC_000913.3_1163	iSbBS512_1146.SbBS512_E1351	99.0	203	2	0	1	203	39	241	1.04e-147	409
NC_000913.3_1163	iSDY_1059.SDY_1231	98.5	203	3	0	1	203	39	241	4.25e-147	408
NC_000913.3_1163	iSF_1195.SF1183	99.5	192	1	0	12	203	28	219	8.09e-140	389
NC_000913.3_1163	STM_v1_0.STM1799	90.1	203	20	0	1	203	1	203	2.08e-136	379
NC_000913.3_1167	iML1515.b1197	100	565	0	0	1	565	1	565	0.0	1161
NC_000913.3_1167	iSF_1195.SF1200	99.1	565	5	0	1	565	1	565	0.0	1152
NC_000913.3_1167	iSDY_1059.SDY_1246	97.7	564	13	0	1	564	1	564	0.0	1132
NC_000913.3_1168	iML1515.b1198	100	472	0	0	1	472	1	472	0.0	902
NC_000913.3_1168	iSbBS512_1146.SbBS512_E1357	99.4	472	3	0	1	472	1	472	0.0	895
NC_000913.3_1168	iSF_1195.SF1201	98.9	472	5	0	1	472	1	472	0.0	890
NC_000913.3_1169	iML1515.b1199	100	210	0	0	1	210	1	210	4.37e-146	404
NC_000913.3_1169	iSbBS512_1146.SbBS512_E1358	100	210	0	0	1	210	1	210	4.37e-146	404
NC_000913.3_1169	iSF_1195.SF1202	99.5	210	1	0	1	210	1	210	1.25e-145	403
NC_000913.3_1170	iML1515.b1200	100	356	0	0	1	356	1	356	3.48e-266	720
NC_000913.3_1170	iSbBS512_1146.SbBS512_E1359	99.4	356	2	0	1	356	1	356	1.10e-263	714
NC_000913.3_1170	iSF_1195.SF1203	98.6	356	5	0	1	356	11	366	8.07e-263	712
NC_000913.3_1174	iSynCJ816.SGL_RS05125	35.2	88	38	3	8	93	24	94	1.43e-05	46.6
NC_000913.3_1174	iAF987.Gmet_2444	48.8	41	21	0	2	42	21	61	4.20e-04	42.0
NC_000913.3_1177	iML1515.b1206	100	550	0	0	1	550	10	559	0.0	997
NC_000913.3_1177	iSDY_1059.SDY_1255	100	550	0	0	1	550	1	550	0.0	997
NC_000913.3_1177	iSSON_1240.SSON_1972	100	550	0	0	1	550	1	550	0.0	997
NC_000913.3_1177	iSF_1195.SF1209	99.8	550	1	0	1	550	1	550	0.0	996
NC_000913.3_1177	iSbBS512_1146.SbBS512_E1370	99.6	550	2	0	1	550	10	559	0.0	994
NC_000913.3_1178	iML1515.b1207	99.7	315	1	0	23	337	1	315	5.58e-223	608
NC_000913.3_1178	iSDY_1059.SDY_1256	99.7	315	1	0	23	337	1	315	5.58e-223	608
NC_000913.3_1178	iSSON_1240.SSON_1971	99.7	315	1	0	23	337	1	315	5.58e-223	608
NC_000913.3_1178	iSbBS512_1146.SbBS512_E1371	99.4	315	2	0	23	337	1	315	1.60e-222	607
NC_000913.3_1178	STM_v1_0.STM1780	99.0	315	3	0	23	337	1	315	4.58e-222	606
NC_000913.3_1178	iSF_1195.SF1210	99.4	315	2	0	23	337	1	315	6.50e-222	606
NC_000913.3_1178	iPC815.YPO2013	96.8	315	10	0	23	337	1	315	9.87e-217	593
NC_000913.3_1178	iYL1228.KPN_02238	96.5	312	11	0	26	337	1	312	2.82e-213	584
NC_000913.3_1179	iML1515.b1208	100	283	0	0	1	283	1	283	9.65e-209	569
NC_000913.3_1179	iSbBS512_1146.SbBS512_E1372	99.6	283	1	0	1	283	1	283	3.93e-208	567
NC_000913.3_1179	iSF_1195.SF1211	99.6	283	1	0	1	283	1	283	3.93e-208	567
NC_000913.3_1179	iSSON_1240.SSON_1970	99.6	283	1	0	1	283	1	283	3.93e-208	567
NC_000913.3_1179	iSDY_1059.SDY_1257	99.3	283	2	0	1	283	1	283	2.27e-207	565
NC_000913.3_1179	STM_v1_0.STM1779	90.1	283	28	0	1	283	1	283	2.58e-188	517
NC_000913.3_1181	iML1515.b1210	100	418	0	0	1	418	1	418	1.55e-289	785
NC_000913.3_1181	iSDY_1059.SDY_1259	99.5	418	2	0	1	418	1	418	1.81e-288	782
NC_000913.3_1181	iSbBS512_1146.SbBS512_E1374	99.5	418	2	0	1	418	1	418	3.65e-288	781
NC_000913.3_1181	iSSON_1240.SSON_1968	99.5	418	2	0	1	418	1	418	3.65e-288	781
NC_000913.3_1181	iSF_1195.SF1213	99.3	418	3	0	1	418	1	418	1.48e-287	780
NC_000913.3_1181	STM_v1_0.STM1777	94.5	418	23	0	1	418	1	418	1.62e-275	749
NC_000913.3_1181	iYL1228.KPN_02235	92.1	418	33	0	1	418	1	418	1.92e-267	729
NC_000913.3_1183	iIT341.HP0381	29.2	253	170	6	23	273	24	269	2.41e-25	101
NC_000913.3_1183	iSynCJ816.SGL_RS09640	34.8	227	134	8	61	274	71	296	1.85e-23	96.7
NC_000913.3_1186	iML1515.b1215	100	284	0	0	1	284	1	284	1.66e-205	561
NC_000913.3_1186	iSbBS512_1146.SbBS512_E1379	100	284	0	0	1	284	1	284	1.66e-205	561
NC_000913.3_1186	iSDY_1059.SDY_1264	100	284	0	0	1	284	1	284	1.66e-205	561
NC_000913.3_1186	iSF_1195.SF1218	100	284	0	0	1	284	1	284	1.66e-205	561
NC_000913.3_1186	iSSON_1240.SSON_1963	100	284	0	0	1	284	1	284	1.66e-205	561
NC_000913.3_1186	iYL1228.KPN_02230	95.4	284	13	0	1	284	1	284	8.11e-197	539
NC_000913.3_1186	STM_v1_0.STM1772	93.6	282	18	0	1	282	1	282	8.69e-192	526
NC_000913.3_1186	iPC815.YPO2021	90.1	284	28	0	1	284	1	284	3.11e-185	509
NC_000913.3_1190	iML1515.b1216	100	366	0	0	1	366	1	366	7.03e-246	670
NC_000913.3_1190	iSbBS512_1146.SbBS512_E1383	99.5	366	2	0	1	366	1	366	1.16e-244	667
NC_000913.3_1190	iSSON_1240.SSON_1961	99.5	366	2	0	1	366	1	366	1.16e-244	667
NC_000913.3_1190	iSDY_1059.SDY_1266	99.2	366	3	0	1	366	1	366	1.36e-243	664
NC_000913.3_1190	iSF_1195.SF1219	98.6	366	5	0	1	366	1	366	3.72e-241	658
NC_000913.3_1190	STM_v1_0.STM1771	93.7	366	23	0	1	366	1	366	2.44e-230	630
NC_000913.3_1190	iYL1228.KPN_02229	92.3	366	28	0	1	366	1	366	9.92e-230	629
NC_000913.3_1195	iAF987.Gmet_1914	29.0	107	74	1	9	115	4	108	4.22e-08	52.4
NC_000913.3_1195	iJN1463.PP_1494	29.1	110	75	2	2	109	13	121	8.79e-08	51.2
NC_000913.3_1195	iAF987.Gmet_1919	24.8	125	92	1	8	132	4	126	1.64e-07	50.4
NC_000913.3_1198	iML1515.b1223	100	463	0	0	1	463	1	463	0.0	909
NC_000913.3_1198	iSbBS512_1146.SbBS512_E1391	100	463	0	0	1	463	1	463	0.0	909
NC_000913.3_1198	iSSON_1240.SSON_1953	100	463	0	0	1	463	1	463	0.0	909
NC_000913.3_1198	iSDY_1059.SDY_1278	99.4	463	3	0	1	463	1	463	0.0	904
NC_000913.3_1198	iSF_1195.SF1226	99.6	463	2	0	1	463	1	463	0.0	903
NC_000913.3_1198	STM_v1_0.STM1765	94.0	463	28	0	1	463	1	463	0.0	870
NC_000913.3_1199	iML1515.b1224	100	1247	0	0	1	1247	1	1247	0.0	2604
NC_000913.3_1199	iSSON_1240.SSON_1952	99.8	1247	3	0	1	1247	1	1247	0.0	2598
NC_000913.3_1199	iSF_1195.SF1227	99.8	1247	3	0	1	1247	1	1247	0.0	2596
NC_000913.3_1199	iSDY_1059.SDY_1279	99.7	1247	4	0	1	1247	1	1247	0.0	2593
NC_000913.3_1199	STM_v1_0.STM1764	95.3	1247	58	0	1	1247	1	1247	0.0	2508
NC_000913.3_1199	iYL1228.KPN_02214	93.7	1247	79	0	1	1247	1	1247	0.0	2477
NC_000913.3_1200	iML1515.b1225	100	512	0	0	1	512	1	512	0.0	1067
NC_000913.3_1200	iSF_1195.SF1228	99.8	512	1	0	1	512	1	512	0.0	1067
NC_000913.3_1200	iSSON_1240.SSON_1951	99.8	512	1	0	1	512	1	512	0.0	1066
NC_000913.3_1200	iSDY_1059.SDY_1280	99.6	512	2	0	1	512	1	512	0.0	1063
NC_000913.3_1200	STM_v1_0.STM1763	93.0	511	35	1	1	511	1	510	0.0	999
NC_000913.3_1200	iYL1228.KPN_02213	93.0	511	35	1	1	511	1	510	0.0	996
NC_000913.3_1201	iML1515.b1226	100	236	0	0	1	236	1	236	3.57e-167	460
NC_000913.3_1201	iSDY_1059.SDY_1281	98.3	236	4	0	1	236	1	236	6.91e-165	454
NC_000913.3_1201	iSSON_1240.SSON_1950	98.3	236	4	0	1	236	1	236	1.98e-164	453
NC_000913.3_1201	iSF_1195.SF1229	97.9	236	5	0	1	236	1	236	8.07e-164	451
NC_000913.3_1202	iML1515.b1227	100	225	0	0	1	225	1	225	4.92e-164	451
NC_000913.3_1202	iSSON_1240.SSON_1949	99.6	225	1	0	1	225	1	225	6.99e-164	451
NC_000913.3_1202	iSDY_1059.SDY_1282	99.1	225	2	0	1	225	1	225	2.00e-163	449
NC_000913.3_1202	iSF_1195.SF1230	98.7	225	3	0	1	225	1	225	5.74e-163	448
NC_000913.3_1202	STM_v1_0.STM1761	92.9	225	16	0	1	225	1	225	5.68e-154	426
NC_000913.3_1202	iYL1228.KPN_02211	91.1	224	20	0	1	224	1	224	1.82e-150	417
NC_000913.3_1204	iML1515.b1232	100	280	0	0	1	280	1	280	5.17e-207	564
NC_000913.3_1204	iSF_1195.SF1232	99.6	280	1	0	1	280	1	280	2.10e-206	563
NC_000913.3_1204	iSSON_1240.SSON_1947	99.3	280	2	0	1	280	1	280	8.57e-206	561
NC_000913.3_1204	iSDY_1059.SDY_1284	98.9	280	3	0	1	280	1	280	1.73e-205	560
NC_000913.3_1204	iSbBS512_1146.SbBS512_E1397	98.9	280	3	0	1	280	1	280	2.46e-205	560
NC_000913.3_1204	STM_v1_0.STM1756	96.8	280	9	0	1	280	1	280	3.75e-200	547
NC_000913.3_1204	iYL1228.KPN_02206	95.4	280	13	0	1	280	1	280	4.37e-199	544
NC_000913.3_1206	iMM904.YML059C	29.3	314	179	10	10	305	1362	1650	1.21e-23	101
NC_000913.3_1207	iAF987.Gmet_1914	30.7	101	70	0	9	109	3	103	1.57e-09	58.5
NC_000913.3_1207	iAF987.Gmet_0069	32.1	109	64	3	8	109	3	108	3.33e-09	57.0
NC_000913.3_1208	iML1515.b1236	100	302	0	0	1	302	1	302	3.14e-219	597
NC_000913.3_1208	iSDY_1059.SDY_1288	100	302	0	0	1	302	1	302	3.14e-219	597
NC_000913.3_1208	iSF_1195.SF1236	100	302	0	0	1	302	1	302	3.14e-219	597
NC_000913.3_1208	iSSON_1240.SSON_1943	100	302	0	0	1	302	1	302	3.14e-219	597
NC_000913.3_1208	iSbBS512_1146.SbBS512_E1401	99.7	302	1	0	1	302	1	302	5.20e-218	594
NC_000913.3_1208	STM_v1_0.STM1752	97.0	302	9	0	1	302	1	302	1.60e-212	580
NC_000913.3_1208	iYL1228.KPN_02202	94.9	295	15	0	1	295	1	295	5.94e-203	556
NC_000913.3_1210	iML1515.b1238	100	205	0	0	1	205	1	205	2.66e-149	412
NC_000913.3_1210	iSF_1195.SF1238	99.5	205	1	0	1	205	1	205	3.11e-148	409
NC_000913.3_1210	iSSON_1240.SSON_1941	99.5	205	1	0	1	205	1	205	3.11e-148	409
NC_000913.3_1210	iSbBS512_1146.SbBS512_E1403	99.0	205	2	0	1	205	1	205	3.63e-147	407
NC_000913.3_1210	iSDY_1059.SDY_1290	98.5	205	3	0	1	205	1	205	1.48e-146	405
NC_000913.3_1210	STM_v1_0.STM1750	92.6	204	15	0	1	204	1	204	2.95e-137	382
NC_000913.3_1213	iML1515.b1241	100	891	0	0	1	891	1	891	0.0	1726
NC_000913.3_1213	iSbBS512_1146.SbBS512_E1406	100	891	0	0	1	891	1	891	0.0	1726
NC_000913.3_1213	iSDY_1059.SDY_1295	100	891	0	0	1	891	1	891	0.0	1726
NC_000913.3_1213	iSSON_1240.SSON_1939	100	891	0	0	1	891	1	891	0.0	1726
NC_000913.3_1213	iSF_1195.SF1240	99.9	891	1	0	1	891	1	891	0.0	1723
NC_000913.3_1213	iYL1228.KPN_02199	97.0	891	27	0	1	891	1	891	0.0	1684
NC_000913.3_1213	STM_v1_0.STM1749	97.4	893	20	2	1	891	1	892	0.0	1683
NC_000913.3_1213	iPC815.YPO2180	90.7	892	79	2	1	889	1	891	0.0	1585
NC_000913.3_1217	iML1515.b1243	100	543	0	0	16	558	1	543	0.0	1104
NC_000913.3_1217	iSF_1195.SF1244	99.3	543	4	0	16	558	1	543	0.0	1096
NC_000913.3_1217	iSSON_1240.SSON_1937	99.3	543	4	0	16	558	1	543	0.0	1096
NC_000913.3_1217	iSDY_1059.SDY_1301	99.1	543	5	0	16	558	1	543	0.0	1093
NC_000913.3_1217	iSbBS512_1146.SbBS512_E1412	98.9	543	6	0	16	558	1	543	0.0	1090
NC_000913.3_1218	iML1515.b1244	100	306	0	0	1	306	1	306	3.87e-206	564
NC_000913.3_1218	iSF_1195.SF1245	100	306	0	0	1	306	1	306	3.87e-206	564
NC_000913.3_1218	iSbBS512_1146.SbBS512_E1413	99.7	306	1	0	1	306	1	306	5.49e-206	564
NC_000913.3_1218	iSDY_1059.SDY_1302	99.7	306	1	0	1	306	1	306	1.57e-205	563
NC_000913.3_1218	iSSON_1240.SSON_1936	99.7	306	1	0	1	306	1	306	1.57e-205	563
NC_000913.3_1218	iYL1228.KPN_02196	96.4	306	11	0	1	306	1	306	4.82e-200	549
NC_000913.3_1218	STM_v1_0.STM1745	96.1	306	12	0	1	306	1	306	5.62e-199	546
NC_000913.3_1219	iML1515.b1245	100	302	0	0	1	302	1	302	5.14e-193	531
NC_000913.3_1219	iSSON_1240.SSON_1935	100	302	0	0	1	302	1	302	5.14e-193	531
NC_000913.3_1219	iSDY_1059.SDY_1303	99.7	302	1	0	1	302	1	302	2.97e-192	529
NC_000913.3_1219	iSF_1195.SF1246	99.7	302	1	0	1	302	1	302	2.97e-192	529
NC_000913.3_1219	iSbBS512_1146.SbBS512_E1414	99.3	302	2	0	1	302	1	302	5.99e-192	528
NC_000913.3_1219	iYL1228.KPN_02195	94.4	302	17	0	1	302	1	302	4.11e-183	506
NC_000913.3_1219	STM_v1_0.STM1744	95.4	302	14	0	1	302	1	302	5.83e-183	505
NC_000913.3_1220	iML1515.b1246	100	337	0	0	1	337	1	337	3.09e-239	650
NC_000913.3_1220	iSbBS512_1146.SbBS512_E1415	99.4	337	2	0	1	337	1	337	5.97e-237	645
NC_000913.3_1220	iSF_1195.SF1247	99.4	337	2	0	1	337	1	337	5.97e-237	645
NC_000913.3_1220	iSDY_1059.SDY_1304	99.1	337	3	0	1	337	1	337	2.43e-236	643
NC_000913.3_1220	iSSON_1240.SSON_1934	99.1	337	3	0	1	337	1	337	2.43e-236	643
NC_000913.3_1220	STM_v1_0.STM1743	92.3	337	24	1	1	337	1	335	2.52e-217	595
NC_000913.3_1220	iYL1228.KPN_02194	90.5	337	32	0	1	337	1	337	2.23e-216	593
NC_000913.3_1221	iML1515.b1247	100	334	0	0	1	334	1	334	1.18e-246	669
NC_000913.3_1221	iSF_1195.SF1248	99.7	334	1	0	1	334	1	334	3.38e-246	668
NC_000913.3_1221	iSbBS512_1146.SbBS512_E1416	99.4	334	2	0	1	334	1	334	1.37e-245	666
NC_000913.3_1221	iSDY_1059.SDY_1305	99.4	334	2	0	1	334	1	334	1.95e-245	666
NC_000913.3_1221	iSSON_1240.SSON_1933	98.8	334	4	0	1	334	1	334	9.28e-244	662
NC_000913.3_1221	iYL1228.KPN_02193	95.5	334	15	0	1	334	1	334	1.58e-235	641
NC_000913.3_1221	STM_v1_0.STM1742	95.2	334	16	0	1	334	1	334	2.25e-235	640
NC_000913.3_1223	iML1515.b1249	100	486	0	0	1	486	1	486	0.0	967
NC_000913.3_1223	iSSON_1240.SSON_1931	100	486	0	0	1	486	1	486	0.0	967
NC_000913.3_1223	iSF_1195.SF1250	99.8	486	1	0	1	486	1	486	0.0	965
NC_000913.3_1223	iSDY_1059.SDY_1307	99.6	486	2	0	1	486	1	486	0.0	964
NC_000913.3_1223	iSbBS512_1146.SbBS512_E1418	99.6	486	2	0	1	486	1	486	0.0	964
NC_000913.3_1223	STM_v1_0.STM1739	94.4	486	27	0	1	486	1	486	0.0	931
NC_000913.3_1223	iYL1228.KPN_02190	93.6	486	31	0	1	486	1	486	0.0	924
NC_000913.3_1224	iML1515.b1250	100	417	0	0	1	417	1	417	3.52e-290	786
NC_000913.3_1224	iSF_1195.SF1251	99.5	417	2	0	1	417	1	417	8.29e-289	783
NC_000913.3_1224	iSbBS512_1146.SbBS512_E1419	99.5	417	2	0	1	417	1	417	1.18e-288	782
NC_000913.3_1224	iSSON_1240.SSON_1930	99.5	417	2	0	1	417	1	417	1.18e-288	782
NC_000913.3_1224	iSDY_1059.SDY_1308	99.3	417	3	0	1	417	1	417	4.79e-288	781
NC_000913.3_1226	iML1515.b1252	100	239	0	0	6	244	1	239	1.75e-131	370
NC_000913.3_1226	iSF_1195.SF1255	91.7	242	20	0	3	244	1	242	1.02e-126	358
NC_000913.3_1226	iSbBS512_1146.SbBS512_E1421	92.1	239	19	0	6	244	1	239	7.51e-126	356
NC_000913.3_1226	iSSON_1240.SSON_1914	92.1	239	19	0	6	244	1	239	2.15e-125	355
NC_000913.3_1226	iSDY_1059.SDY_1316	89.1	239	26	0	6	244	1	239	4.34e-118	336
NC_000913.3_1227	iAF987.Gmet_0769	42.5	120	66	1	11	130	4	120	1.42e-19	78.6
NC_000913.3_1234	iML1515.b1260	100	268	0	0	1	268	1	268	5.95e-191	523
NC_000913.3_1234	iSF_1195.SF1263	100	268	0	0	1	268	1	268	5.95e-191	523
NC_000913.3_1234	iSbBS512_1146.SbBS512_E1485	99.6	268	1	0	1	268	1	268	4.89e-190	520
NC_000913.3_1234	iSSON_1240.SSON_1883	98.9	268	3	0	1	268	1	268	1.40e-189	519
NC_000913.3_1234	iSDY_1059.SDY_1328	99.3	268	2	0	1	268	1	268	1.99e-189	519
NC_000913.3_1235	iML1515.b1261	100	397	0	0	1	397	1	397	1.14e-294	796
NC_000913.3_1235	iSF_1195.SF1264	100	397	0	0	1	397	1	397	1.14e-294	796
NC_000913.3_1235	iSSON_1240.SSON_1882	99.7	397	1	0	1	397	1	397	4.65e-294	794
NC_000913.3_1235	iSDY_1059.SDY_1329	99.5	397	2	0	1	397	1	397	2.69e-293	792
NC_000913.3_1235	iSbBS512_1146.SbBS512_E1486	99.2	397	3	0	1	397	1	397	6.33e-292	789
NC_000913.3_1235	STM_v1_0.STM1726	96.7	397	13	0	1	397	1	397	9.23e-285	771
NC_000913.3_1235	iYL1228.KPN_01254	94.5	397	22	0	1	397	1	397	1.64e-278	755
NC_000913.3_1235	iPC815.YPO2204	90.6	395	37	0	3	397	2	396	3.48e-266	724
NC_000913.3_1236	iML1515.b1262	100	452	0	0	1	452	2	453	0.0	884
NC_000913.3_1236	iSbBS512_1146.SbBS512_E1487	98.9	452	5	0	1	452	2	453	0.0	874
NC_000913.3_1236	iSF_1195.SF1265	98.9	452	5	0	1	452	2	453	0.0	873
NC_000913.3_1236	iSSON_1240.SSON_1881	98.5	452	7	0	1	452	2	453	0.0	871
NC_000913.3_1236	iSDY_1059.SDY_1330	97.6	452	11	0	1	452	2	453	0.0	865
NC_000913.3_1237	iML1515.b1263	100	531	0	0	1	531	1	531	0.0	1031
NC_000913.3_1237	iSSON_1240.SSON_1880	99.8	531	1	0	1	531	1	531	0.0	1030
NC_000913.3_1237	iSbBS512_1146.SbBS512_E1488	99.6	531	2	0	1	531	1	531	0.0	1028
NC_000913.3_1237	iSF_1195.SF1266	99.6	531	2	0	1	531	1	531	0.0	1027
NC_000913.3_1237	iSDY_1059.SDY_1331	99.2	531	4	0	1	531	1	531	0.0	1023
NC_000913.3_1237	STM_v1_0.STM1724	97.0	531	16	0	1	531	1	531	0.0	1007
NC_000913.3_1237	iYL1228.KPN_01256	94.5	531	29	0	1	531	1	531	0.0	980
NC_000913.3_1238	iML1515.b1264	100	520	0	0	1	520	1	520	0.0	1018
NC_000913.3_1238	iSF_1195.SF1267	99.4	520	3	0	1	520	1	520	0.0	1015
NC_000913.3_1238	iSbBS512_1146.SbBS512_E1489	98.8	520	6	0	1	520	1	520	0.0	1011
NC_000913.3_1238	iSSON_1240.SSON_1879	98.8	520	6	0	1	520	1	520	0.0	1009
NC_000913.3_1238	iSDY_1059.SDY_1332	98.1	520	10	0	1	520	1	520	0.0	1002
NC_000913.3_1238	STM_v1_0.STM1723	90.0	520	52	0	1	520	1	520	0.0	919
NC_000913.3_1242	iYS854.USA300HOU_RS07985	34.4	247	148	7	3	245	6	242	9.42e-38	133
NC_000913.3_1242	iNF517.LLMG_RS06045	34.0	241	145	7	4	240	2	232	2.60e-35	127
NC_000913.3_1243	iML1515.b1270	100	196	0	0	1	196	1	196	3.25e-141	391
NC_000913.3_1243	iSSON_1240.SSON_1873	99.5	196	1	0	1	196	1	196	4.62e-141	390
NC_000913.3_1243	iSF_1195.SF1272	99.0	196	2	0	1	196	1	196	1.33e-140	389
NC_000913.3_1243	iSDY_1059.SDY_1340	98.5	196	3	0	1	196	1	196	2.68e-140	389
NC_000913.3_1243	STM_v1_0.STM1718	89.3	196	21	0	1	196	1	196	4.92e-127	355
NC_000913.3_1244	iLJ478.TM1724	28.2	245	163	4	10	245	3	243	2.11e-24	97.4
NC_000913.3_1244	iYO844.BSU15910	28.7	247	162	6	9	245	1	243	8.28e-22	90.5
NC_000913.3_1244	iYL1228.KPN_02546	32.5	194	121	4	10	201	5	190	7.68e-22	90.5
NC_000913.3_1245	iAF987.Gmet_1750	28.3	212	141	4	122	323	56	266	1.55e-12	67.0
NC_000913.3_1252	iML1515.b1276	100	891	0	0	1	891	1	891	0.0	1787
NC_000913.3_1252	iSF_1195.SF1280	99.3	891	6	0	1	891	1	891	0.0	1774
NC_000913.3_1252	iSSON_1240.SSON_1864	99.3	891	6	0	1	891	1	891	0.0	1774
NC_000913.3_1252	STM_v1_0.STM1712	92.9	890	63	0	1	890	1	890	0.0	1672
NC_000913.3_1253	iML1515.b1277	100	196	0	0	1	196	1	196	2.48e-145	401
NC_000913.3_1253	iSF_1195.SF1281	100	196	0	0	1	196	1	196	2.48e-145	401
NC_000913.3_1253	iSSON_1240.SSON_1863	100	196	0	0	1	196	1	196	2.48e-145	401
NC_000913.3_1253	iSDY_1059.SDY_1353	99.5	196	1	0	1	196	1	196	1.01e-144	400
NC_000913.3_1253	iSbBS512_1146.SbBS512_E1505	99.5	196	1	0	1	196	1	196	4.12e-144	398
NC_000913.3_1253	STM_v1_0.STM1711	95.4	196	9	0	1	196	1	196	3.00e-137	381
NC_000913.3_1253	iYL1228.KPN_01273	94.4	195	11	0	1	195	1	195	4.72e-135	375
NC_000913.3_1254	iML1515.b1278	100	254	0	0	1	254	1	254	4.55e-188	514
NC_000913.3_1254	iSbBS512_1146.SbBS512_E1506	100	254	0	0	1	254	1	254	4.55e-188	514
NC_000913.3_1254	iSDY_1059.SDY_1354	100	254	0	0	1	254	1	254	4.55e-188	514
NC_000913.3_1254	iSF_1195.SF1282	100	254	0	0	1	254	1	254	4.55e-188	514
NC_000913.3_1254	iSSON_1240.SSON_1862	98.8	254	3	0	1	254	1	254	6.21e-186	509
NC_000913.3_1257	iML1515.b1281	100	245	0	0	21	265	1	245	7.70e-174	478
NC_000913.3_1257	iSSON_1240.SSON_1859	99.6	245	1	0	21	265	1	245	2.21e-173	477
NC_000913.3_1257	iSbBS512_1146.SbBS512_E1510	97.6	245	6	0	21	265	1	245	1.22e-170	470
NC_000913.3_1257	iSDY_1059.SDY_1357	97.1	245	7	0	21	265	1	245	3.50e-170	469
NC_000913.3_1257	iSF_1195.SF1285	97.6	245	6	0	21	265	1	245	2.03e-169	467
NC_000913.3_1262	iML1515.b1285	100	661	0	0	1	661	1	661	0.0	1300
NC_000913.3_1265	iML1515.b1288	100	262	0	0	1	262	1	262	3.44e-187	513
NC_000913.3_1265	iSF_1195.SF1293	100	262	0	0	1	262	1	262	3.44e-187	513
NC_000913.3_1265	iSSON_1240.SSON_1852	100	262	0	0	1	262	1	262	3.44e-187	513
NC_000913.3_1265	iSDY_1059.SDY_1368	99.6	262	1	0	1	262	1	262	1.99e-186	511
NC_000913.3_1265	iSbBS512_1146.SbBS512_E1522	99.6	262	1	0	1	262	1	262	5.71e-186	509
NC_000913.3_1265	STM_v1_0.STM1700	97.7	262	6	0	1	262	1	262	3.17e-183	503
NC_000913.3_1265	iYL1228.KPN_01284	93.1	262	18	0	1	262	1	262	1.09e-174	481
NC_000913.3_1266	iPC815.YPO3999	41.7	252	143	2	5	252	33	284	8.24e-66	208
NC_000913.3_1266	iSDY_1059.SDY_4563	40.9	254	146	2	3	252	10	263	1.19e-65	207
NC_000913.3_1266	iSSON_1240.SSON_3850	40.9	254	146	2	3	252	10	263	1.19e-65	207
NC_000913.3_1266	iML1515.b3540	40.9	254	146	2	3	252	10	263	1.68e-65	207
NC_000913.3_1266	iSF_1195.SF3575	40.9	254	146	2	3	252	10	263	1.68e-65	207
NC_000913.3_1266	iYL1228.KPN_03895	40.9	254	146	2	3	252	10	263	7.29e-65	205
NC_000913.3_1266	STM_v1_0.STM3626	40.6	254	147	2	3	252	10	263	4.10e-64	203
NC_000913.3_1266	iJN1463.PP_0878	40.5	252	146	2	5	252	4	255	1.70e-62	199
NC_000913.3_1266	iLJ478.TM0057	37.5	256	151	3	5	251	3	258	9.28e-60	192
NC_000913.3_1266	iSF_1195.SF0779	42.0	255	143	2	3	252	300	554	4.64e-56	189
NC_000913.3_1266	iYL1228.KPN_02193	41.1	258	144	4	3	252	9	266	3.68e-58	188
NC_000913.3_1266	STM_v1_0.STM0848	40.8	255	146	2	3	252	311	565	2.06e-55	187
NC_000913.3_1267	iML1515.b1291	100	330	0	0	1	330	1	330	1.49e-247	671
NC_000913.3_1267	iSbBS512_1146.SbBS512_E1527	100	330	0	0	1	330	1	330	1.49e-247	671
NC_000913.3_1267	iSF_1195.SF1296	100	330	0	0	1	330	1	330	1.49e-247	671
NC_000913.3_1267	iSSON_1240.SSON_1849	100	330	0	0	1	330	1	330	1.49e-247	671
NC_000913.3_1267	iSDY_1059.SDY_1378	99.7	330	1	0	1	330	1	330	3.51e-246	667
NC_000913.3_1267	STM_v1_0.STM1695	96.7	330	11	0	1	330	1	330	3.10e-240	652
NC_000913.3_1267	iYL1228.KPN_01288	91.8	330	27	0	1	330	1	330	4.33e-231	629
NC_000913.3_1268	iJN1463.PP_0880	42.0	281	159	3	13	291	22	300	1.29e-63	202
NC_000913.3_1268	iSF_1195.SF3577	38.5	288	177	0	4	291	7	294	1.44e-60	194
NC_000913.3_1268	iML1515.b3542	38.2	288	178	0	4	291	7	294	2.87e-60	193
NC_000913.3_1268	iSDY_1059.SDY_4565	38.2	288	178	0	4	291	7	294	8.06e-60	192
NC_000913.3_1268	iSSON_1240.SSON_3848	38.2	288	178	0	4	291	7	294	8.06e-60	192
NC_000913.3_1268	iPC815.YPO4001	38.0	287	178	0	5	291	8	294	9.00e-59	189
NC_000913.3_1268	iYL1228.KPN_03897	37.2	288	181	0	4	291	7	294	1.79e-58	189
NC_000913.3_1268	STM_v1_0.STM3628	37.5	288	180	0	4	291	7	294	1.00e-57	187
NC_000913.3_1269	iJN1463.PP_0881	42.2	263	148	2	55	316	77	336	8.19e-67	212
NC_000913.3_1269	iYL1228.KPN_03898	37.9	282	166	4	40	316	62	339	2.79e-65	208
NC_000913.3_1269	iML1515.b3543	38.2	283	164	5	40	316	62	339	1.11e-64	207
NC_000913.3_1269	iSDY_1059.SDY_4566	38.2	283	164	5	40	316	62	339	1.11e-64	207
NC_000913.3_1269	iSF_1195.SF3578	38.2	283	164	5	40	316	62	339	1.11e-64	207
NC_000913.3_1269	iSSON_1240.SSON_3847	38.2	283	164	5	40	316	62	339	1.11e-64	207
NC_000913.3_1269	STM_v1_0.STM3629	37.2	282	168	5	40	316	62	339	3.11e-64	206
NC_000913.3_1270	iYL1228.KPN_03899	36.3	509	323	1	29	536	15	523	8.39e-123	370
NC_000913.3_1270	STM_v1_0.STM3630	35.8	509	326	1	29	536	24	532	6.19e-122	369
NC_000913.3_1270	iSDY_1059.SDY_4567	36.0	509	325	1	29	536	24	532	1.23e-121	368
NC_000913.3_1270	iSF_1195.SF3579	36.0	509	325	1	29	536	24	532	1.23e-121	368
NC_000913.3_1270	iML1515.b3544	35.8	509	326	1	29	536	24	532	3.47e-121	367
NC_000913.3_1270	iSSON_1240.SSON_3846	35.8	509	326	1	29	536	24	532	3.47e-121	367
NC_000913.3_1270	iPC815.YPO4003	35.4	509	328	1	29	536	24	532	1.38e-120	365
NC_000913.3_1272	iML1515.b1296	100	461	0	0	1	461	1	461	0.0	902
NC_000913.3_1272	iSF_1195.SF1301	99.8	461	1	0	1	461	1	461	0.0	901
NC_000913.3_1272	iSSON_1240.SSON_1844	99.8	461	1	0	1	461	19	479	0.0	901
NC_000913.3_1272	iSbBS512_1146.SbBS512_E1532	99.3	461	3	0	1	461	1	461	0.0	894
NC_000913.3_1272	iYL1228.KPN_01022	92.9	449	32	0	1	449	1	449	2.62e-301	818
NC_000913.3_1273	iML1515.b1297	100	472	0	0	1	472	1	472	0.0	954
NC_000913.3_1273	iSbBS512_1146.SbBS512_E1533	99.2	472	4	0	1	472	1	472	0.0	946
NC_000913.3_1273	iSF_1195.SF1302	96.8	472	15	0	1	472	1	472	0.0	918
NC_000913.3_1273	iSSON_1240.SSON_1843	95.1	472	4	1	1	472	27	479	0.0	896
NC_000913.3_1273	iYL1228.KPN_01021	91.1	473	41	1	1	472	1	473	0.0	874
NC_000913.3_1274	iML1515.b1298	100	250	0	0	1	250	5	254	1.77e-184	505
NC_000913.3_1274	iSSON_1240.SSON_1842	100	250	0	0	1	250	9	258	2.04e-184	505
NC_000913.3_1274	iSF_1195.SF1303	99.2	250	2	0	1	250	9	258	7.99e-182	498
NC_000913.3_1276	iML1515.b1300	100	495	0	0	1	495	1	495	0.0	976
NC_000913.3_1276	iSbBS512_1146.SbBS512_E1536	98.8	495	6	0	1	495	1	495	0.0	965
NC_000913.3_1276	iSF_1195.SF1305	98.6	495	7	0	1	495	1	495	0.0	961
NC_000913.3_1277	iML1515.b1301	100	426	0	0	1	426	1	426	2.59e-319	860
NC_000913.3_1277	iSSON_1240.SSON_1839	99.5	426	2	0	1	426	1	426	1.30e-317	856
NC_000913.3_1277	iSbBS512_1146.SbBS512_E1537	99.1	426	4	0	1	426	1	426	8.75e-316	852
NC_000913.3_1277	iSDY_1059.SDY_1943	98.8	426	5	0	1	426	1	426	2.51e-315	850
NC_000913.3_1277	iSF_1195.SF1306	98.8	426	5	0	1	426	1	426	2.51e-315	850
NC_000913.3_1277	iYL1228.KPN_01017	89.0	426	47	0	1	426	1	426	3.93e-287	779
NC_000913.3_1278	iML1515.b1302	100	421	0	0	1	421	1	421	6.51e-304	821
NC_000913.3_1278	iSbBS512_1146.SbBS512_E1538	99.5	421	2	0	1	421	1	421	4.39e-302	816
NC_000913.3_1278	iSF_1195.SF1307	99.0	421	4	0	1	421	1	421	2.08e-300	812
NC_000913.3_1284	iML1515.b1308	100	104	0	0	1	104	1	104	5.42e-73	211
NC_000913.3_1284	iSbBS512_1146.SbBS512_E1544	100	104	0	0	1	104	1	104	5.42e-73	211
NC_000913.3_1284	iSSON_1240.SSON_1832	100	104	0	0	1	104	1	104	5.42e-73	211
NC_000913.3_1284	iSDY_1059.SDY_1936	98.1	104	2	0	1	104	1	104	9.02e-72	208
NC_000913.3_1284	iSF_1195.SF1313	99.0	102	1	0	3	104	14	115	3.68e-71	207
NC_000913.3_1285	iEK1008.Rv0126	28.1	370	225	12	73	428	77	419	7.40e-31	126
NC_000913.3_1285	iAF987.Gmet_3469	28.2	369	230	11	76	433	48	392	4.40e-30	125
NC_000913.3_1286	iYO844.BSU06970	20.5	366	263	11	7	356	7	360	4.96e-05	45.1
NC_000913.3_1287	iYO844.BSU28740	32.8	290	178	8	4	285	24	304	4.67e-30	115
NC_000913.3_1287	iEK1008.Rv1236	30.8	279	175	4	2	273	14	281	8.09e-30	114
NC_000913.3_1287	iEK1008.Rv2040c	30.0	277	171	6	19	282	17	283	1.94e-28	110
NC_000913.3_1287	iCN900.CD630_34160	27.1	255	173	5	29	276	23	271	8.24e-28	108
NC_000913.3_1287	iLJ478.TM1121	30.1	272	176	7	16	279	22	287	3.93e-27	107
NC_000913.3_1287	iEK1008.Rv2316	30.6	265	170	4	17	276	15	270	6.10e-27	106
NC_000913.3_1287	iPC815.YPO3795	30.5	272	174	6	16	279	16	280	1.29e-26	105
NC_000913.3_1287	iYL1228.KPN_03812	31.3	275	171	7	17	283	17	281	1.80e-26	105
NC_000913.3_1287	iYS854.USA300HOU_RS01100	27.7	300	192	8	10	288	119	414	1.03e-25	105
NC_000913.3_1288	iEK1008.Rv1237	34.3	251	148	4	42	280	29	274	2.64e-38	135
NC_000913.3_1288	iYS854.USA300HOU_RS01105	29.4	282	194	3	1	280	1	279	1.41e-34	125
NC_000913.3_1288	iCN900.CD630_34150	30.6	258	174	3	23	279	33	286	3.25e-34	125
NC_000913.3_1288	iSSON_1240.SSON_4210	30.7	280	175	3	17	280	20	296	2.17e-33	123
NC_000913.3_1288	iYO844.BSU34590	29.5	281	191	4	2	280	3	278	4.02e-33	122
NC_000913.3_1289	iCN900.CD630_04900	30.0	203	114	2	81	255	57	259	9.97e-20	88.6
NC_000913.3_1289	iYS854.USA300HOU_RS01290	28.1	281	161	6	81	332	58	326	1.18e-18	85.5
NC_000913.3_1290	iJN1463.PP_4298	30.1	143	92	3	122	261	119	256	8.17e-11	60.5
NC_000913.3_1290	STM_v1_0.STM0518	27.0	137	90	4	127	259	124	254	5.70e-09	55.1
NC_000913.3_1291	iAF692.Mbar_A1138	31.7	208	125	5	10	212	2	197	6.23e-23	97.1
NC_000913.3_1292	iNF517.LLMG_RS03850	26.7	745	487	21	22	734	30	747	5.51e-73	252
NC_000913.3_1292	iYO844.BSU34570	26.3	760	497	20	12	738	19	748	5.85e-72	249
NC_000913.3_1292	iCN900.CD630_21880	26.3	749	480	23	22	725	28	749	8.22e-71	246
NC_000913.3_1293	iML1515.b1317	100	219	0	0	1	219	1	219	3.44e-152	421
NC_000913.3_1294	iYS854.USA300HOU_RS01090	62.8	325	116	1	1	320	1	325	2.29e-139	398
NC_000913.3_1295	iML1515.b1319	100	301	0	0	1	301	1	301	1.12e-241	654
NC_000913.3_1295	iSbBS512_1146.SbBS512_E1552	98.3	301	5	0	1	301	1	301	4.20e-237	642
NC_000913.3_1300	iIS312.TCDM_10705	26.2	164	104	6	13	168	140	294	7.75e-07	47.4
NC_000913.3_1300	iAT_PLT_636.10935	27.4	175	114	5	2	168	49	218	4.13e-06	45.1
NC_000913.3_1301	iML1515.b1325	100	321	0	0	1	321	1	321	1.77e-230	627
NC_000913.3_1301	iSF_1195.SF1331	99.4	321	2	0	1	321	1	321	4.16e-229	624
NC_000913.3_1301	iSbBS512_1146.SbBS512_E1559	99.4	321	2	0	1	321	1	321	8.40e-229	623
NC_000913.3_1301	iSDY_1059.SDY_1403	99.1	321	3	0	1	321	15	335	2.01e-228	622
NC_000913.3_1301	iSSON_1240.SSON_1813	99.0	302	3	0	1	302	1	302	1.20e-212	581
NC_000913.3_1302	iML1515.b1326	100	242	0	0	1	242	1	242	2.98e-187	511
NC_000913.3_1302	iSSON_1240.SSON_1812	100	242	0	0	1	242	1	242	2.98e-187	511
NC_000913.3_1302	iSbBS512_1146.SbBS512_E1558	99.6	242	1	0	1	242	21	262	1.03e-185	508
NC_000913.3_1302	iSDY_1059.SDY_1404	98.8	242	3	0	1	242	21	262	2.08e-185	507
NC_000913.3_1302	iSF_1195.SF1332	98.8	242	3	0	1	242	1	242	4.06e-185	506
NC_000913.3_1302	STM_v1_0.STM1680	90.9	242	22	0	1	242	1	242	1.84e-172	474
NC_000913.3_1306	iML1515.b1329	100	537	0	0	1	537	1	537	0.0	1085
NC_000913.3_1306	iSSON_1240.SSON_1804	99.8	537	1	0	1	537	8	544	0.0	1084
NC_000913.3_1306	iSbBS512_1146.SbBS512_E1569	99.8	537	1	0	1	537	1	537	0.0	1083
NC_000913.3_1306	iSDY_1059.SDY_1409	99.6	537	2	0	1	537	8	544	0.0	1082
NC_000913.3_1306	iSF_1195.SF1841	99.6	537	2	0	1	537	8	544	0.0	1081
NC_000913.3_1306	STM_v1_0.STM1679	92.7	537	39	0	1	537	1	537	0.0	1023
NC_000913.3_1307	iML1515.b1330	100	343	0	0	1	343	1	343	5.59e-245	665
NC_000913.3_1313	iML1515.b1336	100	508	0	0	1	508	1	508	0.0	961
NC_000913.3_1314	iML1515.b1337	100	481	0	0	1	481	1	481	0.0	971
NC_000913.3_1315	iML1515.b1338	100	436	0	0	1	436	1	436	4.71e-316	853
NC_000913.3_1318	iML1515.b1341	100	410	0	0	1	410	1	410	3.21e-303	818
NC_000913.3_1319	iAF987.Gmet_1189	21.5	321	237	7	15	327	43	356	1.55e-14	73.2
NC_000913.3_1341	iML1515.b1363	100	474	0	0	1	474	12	485	0.0	936
NC_000913.3_1352	iML1515.b1377	100	377	0	0	1	377	1	377	5.09e-281	759
NC_000913.3_1352	iSbBS512_1146.SbBS512_E1614	99.5	377	2	0	1	377	1	377	2.94e-280	758
NC_000913.3_1352	iSSON_1240.SSON_1748	99.5	377	2	0	1	377	1	377	8.43e-280	756
NC_000913.3_1353	iML1515.b1378	100	1174	0	0	1	1174	1	1174	0.0	2337
NC_000913.3_1353	iSDY_1059.SDY_1461	99.2	1174	9	0	1	1174	1	1174	0.0	2320
NC_000913.3_1353	iSSON_1240.SSON_1747	99.3	1174	8	0	1	1174	1	1174	0.0	2320
NC_000913.3_1353	iSbBS512_1146.SbBS512_E1615	99.2	1174	9	0	1	1174	1	1174	0.0	2319
NC_000913.3_1353	iSF_1195.SF1822	99.1	1174	10	0	1	1174	1	1174	0.0	2316
NC_000913.3_1353	STM_v1_0.STM1651	92.8	1174	85	0	1	1174	1	1174	0.0	2184
NC_000913.3_1356	iML1515.b1380	100	329	0	0	1	329	1	329	2.75e-238	647
NC_000913.3_1356	iSbBS512_1146.SbBS512_E1618	99.7	329	1	0	1	329	1	329	7.87e-238	646
NC_000913.3_1356	iSSON_1240.SSON_1744	99.7	329	1	0	1	329	1	329	7.87e-238	646
NC_000913.3_1356	iSF_1195.SF1814	99.4	329	2	0	1	329	1	329	4.55e-237	644
NC_000913.3_1356	iSDY_1059.SDY_1464	99.1	329	3	0	1	329	1	329	3.74e-236	642
NC_000913.3_1356	STM_v1_0.STM1647	94.5	328	18	0	1	328	1	328	1.23e-225	615
NC_000913.3_1356	iYL1228.KPN_01449	89.4	329	35	0	1	329	1	329	1.99e-215	590
NC_000913.3_1361	iML1515.b1385	100	499	0	0	1	499	1	499	0.0	998
NC_000913.3_1362	iML1515.b1386	100	757	0	0	1	757	1	757	0.0	1551
NC_000913.3_1363	iML1515.b1387	100	681	0	0	1	681	1	681	0.0	1338
NC_000913.3_1364	iML1515.b1388	100	309	0	0	1	309	1	309	1.85e-235	639
NC_000913.3_1364	iYL1228.KPN_01469	92.6	309	23	0	1	309	1	309	1.55e-218	596
NC_000913.3_1365	iML1515.b1389	100	95	0	0	1	95	1	95	1.29e-69	202
NC_000913.3_1365	iYL1228.KPN_01470	91.6	95	8	0	1	95	1	95	9.85e-65	189
NC_000913.3_1366	iML1515.b1390	100	248	0	0	1	248	1	248	7.56e-184	503
NC_000913.3_1367	iML1515.b1391	100	165	0	0	1	165	1	165	1.56e-126	351
NC_000913.3_1368	iML1515.b1392	100	356	0	0	1	356	1	356	1.25e-259	704
NC_000913.3_1369	iML1515.b1393	100	255	0	0	1	255	1	255	1.18e-170	470
NC_000913.3_1370	iML1515.b1394	100	262	0	0	1	262	1	262	5.31e-191	522
NC_000913.3_1371	iML1515.b1395	100	460	0	0	1	460	16	475	0.0	887
NC_000913.3_1372	iML1515.b1396	100	140	0	0	1	140	1	140	1.36e-99	281
NC_000913.3_1373	iML1515.b1397	100	401	0	0	1	401	1	401	1.72e-282	765
NC_000913.3_1374	iML1515.b1398	100	437	0	0	1	437	1	437	0.0	886
NC_000913.3_1374	iYL1228.KPN_01479	94.3	435	25	0	1	435	1	435	4.65e-310	838
NC_000913.3_1376	iML1515.b1400	100	196	0	0	1	196	1	196	2.50e-120	338
NC_000913.3_1382	iML1515.b1771	25.9	309	184	9	8	274	6	311	1.54e-17	80.9
NC_000913.3_1382	iJN1463.PP_2368	27.1	280	169	9	12	285	2	252	1.34e-16	77.4
NC_000913.3_1382	STM_v1_0.STM0255	26.8	257	161	9	25	275	7	242	3.45e-16	76.3
NC_000913.3_1382	iSSON_1240.SSON_0221	27.5	262	163	9	20	275	2	242	8.90e-16	75.1
NC_000913.3_1382	iSDY_1059.SDY_0226	27.1	262	164	9	20	275	2	242	2.69e-15	73.6
NC_000913.3_1382	iML1515.b0207	27.5	262	163	9	20	275	2	242	4.29e-15	73.2
NC_000913.3_1384	iEK1008.Rv2612c	32.0	103	64	3	69	166	68	169	2.95e-04	40.0
NC_000913.3_1384	iYL1228.KPN_02410	27.7	141	84	7	60	189	37	170	3.22e-04	39.7
NC_000913.3_1385	iPC815.YPO2816	57.2	292	120	2	9	295	15	306	1.18e-107	315
NC_000913.3_1386	iEK1008.Rv0183	25.3	277	195	7	9	280	7	276	1.80e-12	67.8
NC_000913.3_1388	iNF517.LLMG_RS02035	40.8	184	104	4	1	182	1	181	4.83e-31	112
NC_000913.3_1388	iYO844.BSU19230	32.6	190	122	4	1	184	1	190	7.60e-28	103
NC_000913.3_1391	iML1515.b1415	100	479	0	0	1	479	1	479	0.0	935
NC_000913.3_1391	iSbBS512_1146.SbBS512_E1635	99.4	479	3	0	1	479	1	479	0.0	927
NC_000913.3_1391	iSF_1195.SF1797	99.2	479	4	0	1	479	1	479	0.0	926
NC_000913.3_1392	iYS854.USA300HOU_RS04185	59.0	83	32	1	1	83	254	334	1.59e-27	101
NC_000913.3_1392	iCN900.CD630_31740	60.2	83	31	1	1	83	253	333	3.18e-26	97.8
NC_000913.3_1392	iNF517.LLMG_RS02785	61.9	84	29	2	1	83	254	335	4.70e-25	94.7
NC_000913.3_1392	iNF517.LLMG_RS12755	55.4	83	35	1	1	83	254	334	6.47e-25	94.4
NC_000913.3_1393	iNF517.LLMG_RS12755	68.3	126	39	1	1	125	128	253	9.56e-56	176
NC_000913.3_1393	iCN900.CD630_31740	70.4	125	36	1	1	124	127	251	2.96e-54	172
NC_000913.3_1393	iNF517.LLMG_RS02785	63.2	125	45	1	1	124	128	252	3.46e-50	162
NC_000913.3_1394	iCN900.CD630_31740	63.9	36	13	0	1	36	1	36	1.35e-09	50.1
NC_000913.3_1394	iNF517.LLMG_RS12755	66.7	36	11	1	3	38	4	38	4.74e-09	48.5
NC_000913.3_1394	iNF517.LLMG_RS02785	66.7	36	11	1	3	38	4	38	6.49e-09	48.1
NC_000913.3_1394	iAM_Pb448.PBANKA_132640	67.6	34	10	1	1	34	3	35	4.27e-08	45.8
NC_000913.3_1394	iML1515.b1779	66.7	33	10	1	3	35	4	35	5.84e-08	45.4
NC_000913.3_1394	iYL1228.KPN_01197	66.7	33	10	1	3	35	4	35	5.84e-08	45.4
NC_000913.3_1394	STM_v1_0.STM1290	66.7	33	10	1	3	35	4	35	5.84e-08	45.4
NC_000913.3_1394	iSbBS512_1146.SbBS512_E2026	66.7	33	10	1	3	35	4	35	5.84e-08	45.4
NC_000913.3_1394	iSDY_1059.SDY_1488	66.7	33	10	1	3	35	4	35	5.84e-08	45.4
NC_000913.3_1394	iSF_1195.SF1444	66.7	33	10	1	3	35	4	35	5.84e-08	45.4
NC_000913.3_1394	iSSON_1240.SSON_1384	66.7	33	10	1	3	35	4	35	5.84e-08	45.4
NC_000913.3_1394	iLJ478.TM0688	64.9	37	12	1	1	36	1	37	5.85e-08	45.4
NC_000913.3_1394	iPC815.YPO2157	66.7	33	10	1	3	35	7	38	5.85e-08	45.4
NC_000913.3_1403	iPC815.YPO2830	25.5	102	76	0	68	169	58	159	1.11e-05	43.5
NC_000913.3_1406	iML1515.b1430	100	197	0	0	1	197	1	197	5.41e-145	400
NC_000913.3_1416	iCN900.CD630_36640	24.5	379	282	4	93	468	17	394	1.71e-39	146
NC_000913.3_1417	iML1515.b1440	100	381	0	0	1	381	1	381	1.38e-296	799
NC_000913.3_1417	iSSON_1240.SSON_1697	99.7	381	1	0	1	381	1	381	3.95e-296	798
NC_000913.3_1417	iSDY_1059.SDY_1734	99.7	381	1	0	1	381	1	381	5.62e-296	798
NC_000913.3_1418	iML1515.b1441	100	337	0	0	1	337	1	337	8.26e-244	662
NC_000913.3_1418	iSSON_1240.SSON_1696	99.7	337	1	0	1	337	1	337	1.37e-242	659
NC_000913.3_1418	iSDY_1059.SDY_1733	98.8	337	4	0	1	337	1	337	2.65e-240	653
NC_000913.3_1419	iML1515.b1442	100	313	0	0	1	313	1	313	1.19e-224	612
NC_000913.3_1420	iML1515.b1443	100	264	0	0	1	264	1	264	1.34e-185	509
NC_000913.3_1420	iSSON_1240.SSON_1694	99.2	264	2	0	1	264	1	264	3.69e-183	503
NC_000913.3_1421	iML1515.b1444	100	474	0	0	1	474	1	474	0.0	946
NC_000913.3_1421	iSSON_1240.SSON_1693	99.6	474	2	0	1	474	1	474	0.0	941
NC_000913.3_1421	iSF_1195.SF1774	99.2	474	4	0	1	474	1	474	0.0	938
NC_000913.3_1421	iSDY_1059.SDY_1730	98.5	474	7	0	1	474	1	474	0.0	932
NC_000913.3_1425	iML1515.b1448	100	172	0	0	1	172	1	172	1.13e-127	355
NC_000913.3_1426	iML1515.b1449	100	345	0	0	1	345	1	345	4.53e-261	706
NC_000913.3_1428	iJN1463.PP_4613	26.5	678	403	33	44	680	136	759	8.20e-28	119
NC_000913.3_1428	iJN1463.PP_0867	25.6	668	426	27	44	667	142	782	2.04e-27	118
NC_000913.3_1430	iML1515.b1453	100	499	0	0	1	499	1	499	0.0	965
NC_000913.3_1430	iSbBS512_1146.SbBS512_E1725	100	499	0	0	1	499	1	499	0.0	965
NC_000913.3_1430	iSSON_1240.SSON_1680	100	499	0	0	1	499	18	516	0.0	965
NC_000913.3_1430	iSDY_1059.SDY_1952	99.6	499	2	0	1	499	18	516	0.0	962
NC_000913.3_1430	STM_v1_0.STM1584	91.4	499	41	1	1	499	1	497	0.0	887
NC_000913.3_1439	iML1515.b1463	100	281	0	0	1	281	1	281	6.85e-217	589
NC_000913.3_1439	iSSON_1240.SSON_1662	98.6	281	4	0	1	281	1	281	8.97e-213	579
NC_000913.3_1441	iML1515.b1465	100	226	0	0	1	226	1	226	4.55e-165	454
NC_000913.3_1441	iSSON_1240.SSON_1660	99.6	226	1	0	1	226	1	226	3.74e-164	451
NC_000913.3_1441	STM_v1_0.STM1580	96.5	226	8	0	1	226	1	226	2.08e-161	444
NC_000913.3_1442	iML1515.b1466	100	231	0	0	1	231	1	231	1.20e-167	461
NC_000913.3_1442	iSSON_1240.SSON_1659	99.6	231	1	0	1	231	1	231	9.89e-167	458
NC_000913.3_1443	iML1515.b1467	100	514	0	0	1	514	1	514	0.0	1082
NC_000913.3_1443	iSSON_1240.SSON_1658	99.4	514	3	0	1	514	1	514	0.0	1077
NC_000913.3_1443	STM_v1_0.STM1578	94.2	514	30	0	1	514	1	514	0.0	1035
NC_000913.3_1443	iYL1228.KPN_01881	88.3	514	60	0	1	514	1	514	0.0	984
NC_000913.3_1444	iML1515.b1468	100	1246	0	0	1	1246	1	1246	0.0	2615
NC_000913.3_1444	iSSON_1240.SSON_1657	99.7	1246	4	0	1	1246	1	1246	0.0	2606
NC_000913.3_1444	STM_v1_0.STM1577	90.7	1246	116	0	1	1246	1	1246	0.0	2415
NC_000913.3_1445	iML1515.b1469	100	462	0	0	1	462	1	462	0.0	896
NC_000913.3_1448	iML1515.b1377	64.8	88	31	0	1	88	1	88	2.38e-35	123
NC_000913.3_1448	STM_v1_0.STM1473	62.6	91	34	0	1	91	1	91	2.38e-35	123
NC_000913.3_1448	iSbBS512_1146.SbBS512_E1614	64.8	88	31	0	1	88	1	88	2.38e-35	123
NC_000913.3_1448	iSF_1195.SF1823	64.8	88	31	0	1	88	1	88	5.42e-36	123
NC_000913.3_1448	iSSON_1240.SSON_1748	64.8	88	31	0	1	88	1	88	2.38e-35	123
NC_000913.3_1448	iSbBS512_1146.SbBS512_E0724	61.8	89	34	0	1	89	1	89	2.47e-34	120
NC_000913.3_1448	iYL1228.KPN_01445	62.5	88	33	0	1	88	1	88	3.92e-34	120
NC_000913.3_1448	STM_v1_0.STM2267	60.2	88	35	0	1	88	1	88	9.79e-34	119
NC_000913.3_1448	iSDY_1059.SDY_0861	62.5	88	33	0	1	88	1	88	1.83e-33	118
NC_000913.3_1448	iSF_1195.SF2299	63.2	87	32	0	1	87	1	87	1.78e-33	118
NC_000913.3_1448	iSSON_1240.SSON_2273	60.7	89	35	0	1	89	1	89	2.30e-33	117
NC_000913.3_1448	iYL1228.KPN_02636	60.2	88	35	0	1	88	1	88	4.44e-33	117
NC_000913.3_1448	iML1515.b2215	62.1	87	33	0	1	87	1	87	1.22e-32	115
NC_000913.3_1449	iML1515.b1473	100	274	0	0	1	274	20	293	2.02e-201	550
NC_000913.3_1449	iSSON_1240.SSON_1651	98.2	274	5	0	1	274	20	293	1.59e-198	543
NC_000913.3_1449	iSDY_1059.SDY_1603	98.5	274	4	0	1	274	20	293	3.20e-198	542
NC_000913.3_1449	iSF_1195.SF1752	97.4	274	7	0	1	274	20	293	3.07e-196	537
NC_000913.3_1450	iML1515.b1474	100	195	0	0	1	195	1	195	1.57e-134	400
NC_000913.3_1450	iSSON_1240.SSON_1650	100	195	0	0	1	195	1	195	1.57e-134	400
NC_000913.3_1450	iSF_1195.SF1751	99.5	195	1	0	1	195	1	195	6.15e-134	399
NC_000913.3_1450	STM_v1_0.STM1570	94.9	195	10	0	1	195	1	195	1.81e-128	385
NC_000913.3_1451	iML1515.b1474	100	803	0	0	1	803	213	1015	0.0	1667
NC_000913.3_1451	iSSON_1240.SSON_1650	99.6	803	3	0	1	803	213	1015	0.0	1662
NC_000913.3_1451	iSF_1195.SF1751	99.4	803	5	0	1	803	213	1015	0.0	1659
NC_000913.3_1451	STM_v1_0.STM1570	92.9	803	57	0	1	803	213	1015	0.0	1562
NC_000913.3_1451	iYL1228.KPN_01867	90.7	803	75	0	1	803	1	803	0.0	1529
NC_000913.3_1452	iML1515.b1475	100	294	0	0	1	294	1	294	1.77e-230	625
NC_000913.3_1452	iSF_1195.SF1750	100	294	0	0	1	294	1	294	1.77e-230	625
NC_000913.3_1452	iSSON_1240.SSON_1649	99.0	294	3	0	1	294	1	294	1.70e-228	620
NC_000913.3_1452	STM_v1_0.STM1569	93.2	294	20	0	1	294	1	294	8.35e-220	598
NC_000913.3_1452	iYL1228.KPN_01866	91.2	294	26	0	1	294	1	294	8.60e-213	580
NC_000913.3_1453	iML1515.b1476	100	217	0	0	1	217	1	217	9.57e-158	434
NC_000913.3_1453	iSF_1195.SF1749	100	217	0	0	1	217	1	217	9.57e-158	434
NC_000913.3_1453	iSSON_1240.SSON_1648	100	217	0	0	1	217	1	217	9.57e-158	434
NC_000913.3_1453	STM_v1_0.STM1568	98.2	217	4	0	1	217	1	217	4.72e-156	430
NC_000913.3_1453	iYL1228.KPN_01865	90.3	217	21	0	1	217	1	217	9.03e-145	402
NC_000913.3_1455	iML1515.b1478	100	336	0	0	1	336	1	336	5.38e-244	662
NC_000913.3_1455	iSF_1195.SF1747	98.2	336	6	0	1	336	1	336	4.73e-238	647
NC_000913.3_1455	iSDY_1059.SDY_1608	98.2	335	6	0	1	335	11	345	3.35e-236	644
NC_000913.3_1455	STM_v1_0.STM1567	92.8	335	24	0	1	335	1	335	5.19e-226	617
NC_000913.3_1455	iYL1228.KPN_01853	89.6	335	35	0	1	335	1	335	8.79e-218	596
NC_000913.3_1456	iML1515.b1479	100	565	0	0	1	565	1	565	0.0	1122
NC_000913.3_1456	iSF_1195.SF1746	99.6	565	2	0	1	565	1	565	0.0	1120
NC_000913.3_1456	iSbBS512_1146.SbBS512_E1742	99.5	565	3	0	1	565	1	565	0.0	1117
NC_000913.3_1456	iSSON_1240.SSON_1645	99.5	565	3	0	1	565	10	574	0.0	1117
NC_000913.3_1456	STM_v1_0.STM1566	92.6	565	42	0	1	565	1	565	0.0	1048
NC_000913.3_1460	iML1515.b1483	100	308	0	0	1	308	1	308	1.14e-224	611
NC_000913.3_1460	iSbBS512_1146.SbBS512_E1746	99.0	308	3	0	1	308	1	308	1.82e-221	603
NC_000913.3_1461	iML1515.b1484	100	328	0	0	1	328	1	328	1.94e-242	658
NC_000913.3_1461	iSbBS512_1146.SbBS512_E1747	99.1	328	3	0	1	328	1	328	1.08e-239	651
NC_000913.3_1461	iSSON_1240.SSON_1640	98.2	328	6	0	1	328	1	328	1.03e-237	646
NC_000913.3_1462	iML1515.b1485	100	298	0	0	1	298	1	298	1.26e-207	567
NC_000913.3_1462	iSSON_1240.SSON_1639	99.3	298	2	0	1	298	1	298	2.96e-206	564
NC_000913.3_1462	iSbBS512_1146.SbBS512_E1748	97.7	298	3	1	1	298	1	294	4.53e-200	548
NC_000913.3_1463	iML1515.b1486	100	340	0	0	1	340	1	340	1.96e-248	674
NC_000913.3_1463	iSSON_1240.SSON_1638	99.4	340	2	0	1	340	1	340	2.67e-246	669
NC_000913.3_1464	iML1515.b1487	100	516	0	0	1	516	1	516	0.0	1040
NC_000913.3_1464	iSSON_1240.SSON_1637	99.2	516	4	0	1	516	1	516	0.0	1028
NC_000913.3_1464	iSbBS512_1146.SbBS512_E1750	98.8	516	6	0	1	516	1	516	0.0	1025
NC_000913.3_1465	iML1515.b1488	100	193	0	0	1	193	1	193	6.61e-144	397
NC_000913.3_1465	iSSON_1240.SSON_1636	100	193	0	0	1	193	1	193	6.61e-144	397
NC_000913.3_1465	iSbBS512_1146.SbBS512_E1751	98.4	193	3	0	1	193	1	193	9.02e-142	392
NC_000913.3_1466	iML1515.b1489	100	799	0	0	1	799	1	799	0.0	1589
NC_000913.3_1466	iSSON_1240.SSON_1635	99.4	799	5	0	1	799	9	807	0.0	1580
NC_000913.3_1466	iSbBS512_1146.SbBS512_E1752	99.1	799	7	0	1	799	9	807	0.0	1577
NC_000913.3_1467	iML1515.b1490	100	460	0	0	1	460	1	460	0.0	885
NC_000913.3_1469	iML1515.b1492	100	511	0	0	1	511	1	511	0.0	972
NC_000913.3_1469	iSbBS512_1146.SbBS512_E1755	100	511	0	0	1	511	1	511	0.0	972
NC_000913.3_1469	iSF_1195.SF1735	100	511	0	0	1	511	1	511	0.0	972
NC_000913.3_1469	iSSON_1240.SSON_1632	100	511	0	0	1	511	1	511	0.0	972
NC_000913.3_1469	iSDY_1059.SDY_1614	98.8	511	6	0	1	511	1	511	0.0	962
NC_000913.3_1470	iML1515.b1493	100	466	0	0	1	466	1	466	0.0	973
NC_000913.3_1470	iSF_1195.SF1734	100	466	0	0	1	466	1	466	0.0	973
NC_000913.3_1470	iSbBS512_1146.SbBS512_E1756	99.8	466	1	0	1	466	1	466	0.0	972
NC_000913.3_1470	iSDY_1059.SDY_1615	99.4	466	3	0	1	466	1	466	0.0	970
NC_000913.3_1470	iSSON_1240.SSON_1631	99.6	466	2	0	1	466	1	466	0.0	970
NC_000913.3_1470	iML1515.b3517	98.9	466	5	0	1	466	1	466	0.0	965
NC_000913.3_1471	iAF987.Gmet_2530	25.2	301	163	9	28	273	27	320	1.65e-15	80.1
NC_000913.3_1473	iEK1008.Rv1819c	27.1	576	364	11	20	553	56	617	3.79e-60	210
NC_000913.3_1474	iJN1463.PP_3461	23.2	328	224	12	12	328	112	422	3.17e-13	70.5
NC_000913.3_1475	iCHOv1.100753973	30.1	389	209	11	54	423	27	371	3.35e-35	138
NC_000913.3_1478	iCN718.ABAYE_RS04780	49.3	764	377	4	4	759	18	779	3.63e-263	747
NC_000913.3_1487	iML1515.b1511	100	530	0	0	1	530	1	530	0.0	1066
NC_000913.3_1488	iHN637.CLJU_RS11915	25.2	321	199	6	19	315	16	319	4.10e-22	94.4
NC_000913.3_1489	iML1515.b1513	100	511	0	0	1	511	1	511	0.0	981
NC_000913.3_1490	iML1515.b1514	100	342	0	0	1	342	1	342	2.42e-234	639
NC_000913.3_1490	iSF_1195.SF1584	99.1	342	3	0	1	342	1	342	4.67e-232	633
NC_000913.3_1491	iML1515.b1515	100	330	0	0	1	330	1	330	6.31e-224	611
NC_000913.3_1491	iSF_1195.SF1585	100	330	0	0	1	330	1	330	6.31e-224	611
NC_000913.3_1492	iML1515.b1516	100	340	0	0	1	340	1	340	2.67e-246	669
NC_000913.3_1493	iML1515.b1517	100	291	0	0	1	291	1	291	4.80e-213	580
NC_000913.3_1494	iML1515.b1518	100	96	0	0	1	96	1	96	1.14e-68	199
NC_000913.3_1495	iML1515.b1519	100	252	0	0	1	252	1	252	1.04e-192	526
NC_000913.3_1495	iSF_1195.SF1576	98.4	252	4	0	1	252	1	252	3.34e-189	517
NC_000913.3_1495	iSDY_1059.SDY_1625	97.2	252	7	0	1	252	1	252	2.63e-186	509
NC_000913.3_1495	iSbBS512_1146.SbBS512_E1690	99.6	243	1	0	10	252	1	243	2.58e-184	504
NC_000913.3_1497	iML1515.b1521	100	483	0	0	1	483	1	483	0.0	973
NC_000913.3_1497	iSF_1195.SF1572	99.8	483	1	0	1	483	1	483	0.0	971
NC_000913.3_1497	iSSON_1240.SSON_1607	99.4	483	2	1	1	483	1	482	0.0	965
NC_000913.3_1498	iSDY_1059.SDY_1629	98.7	306	4	0	1	306	158	463	1.47e-210	583
NC_000913.3_1500	iML1515.b1524	100	308	0	0	1	308	1	308	2.21e-222	605
NC_000913.3_1500	iSbBS512_1146.SbBS512_E1682	100	308	0	0	1	308	1	308	2.21e-222	605
NC_000913.3_1500	iSSON_1240.SSON_1604	100	308	0	0	1	308	1	308	2.21e-222	605
NC_000913.3_1500	iSDY_1059.SDY_1631	99.7	308	1	0	1	308	1	308	9.02e-222	604
NC_000913.3_1500	iSF_1195.SF1569	99.7	308	1	0	1	308	1	308	9.02e-222	604
NC_000913.3_1500	STM_v1_0.STM1525	91.9	308	25	0	1	308	1	308	7.47e-205	561
NC_000913.3_1501	iML1515.b1525	100	462	0	0	1	462	1	462	0.0	913
NC_000913.3_1501	iSbBS512_1146.SbBS512_E1681	99.4	462	3	0	1	462	1	462	0.0	908
NC_000913.3_1501	iSSON_1240.SSON_1603	98.9	462	5	0	1	462	9	470	0.0	907
NC_000913.3_1501	iSDY_1059.SDY_1632	98.3	462	8	0	1	462	9	470	0.0	901
NC_000913.3_1504	iML1515.b1528	100	396	0	0	1	396	1	396	1.36e-265	722
NC_000913.3_1504	iSSON_1240.SSON_1600	100	396	0	0	1	396	1	396	1.36e-265	722
NC_000913.3_1504	iSbBS512_1146.SbBS512_E1677	99.7	396	1	0	1	396	1	396	2.74e-265	721
NC_000913.3_1504	STM_v1_0.STM1522	88.1	394	47	0	1	394	1	394	4.36e-239	655
NC_000913.3_1509	iML1515.b1533	100	299	0	0	1	299	1	299	3.89e-207	566
NC_000913.3_1512	iML1515.b1535	100	296	0	0	1	296	1	296	3.16e-225	612
NC_000913.3_1514	iML1515.b2700	37.5	160	98	2	11	169	1	159	2.11e-28	103
NC_000913.3_1515	iCHOv1.100774083	25.8	605	419	11	87	680	117	702	9.59e-52	190
NC_000913.3_1516	iML1515.b1539	100	248	0	0	1	248	1	248	1.78e-182	499
NC_000913.3_1516	iSSON_1240.SSON_1589	100	248	0	0	1	248	1	248	1.78e-182	499
NC_000913.3_1516	iSbBS512_1146.SbBS512_E1701	99.6	248	1	0	1	248	1	248	2.08e-181	497
NC_000913.3_1516	iSDY_1059.SDY_1586	99.2	248	2	0	1	248	1	248	8.47e-181	495
NC_000913.3_1516	iSF_1195.SF1556	98.8	248	3	0	1	248	1	248	2.00e-179	492
NC_000913.3_1519	iYL1228.KPN_01587	78.9	484	102	0	1	484	1	484	3.98e-283	774
NC_000913.3_1520	iSSON_1240.SSON_4052	32.5	394	258	5	2	391	34	423	3.44e-70	228
NC_000913.3_1520	iSDY_1059.SDY_2254	34.7	401	255	4	2	398	37	434	6.00e-68	222
NC_000913.3_1520	iML1515.b1981	34.0	400	259	3	2	398	37	434	8.43e-68	221
NC_000913.3_1520	iYL1228.KPN_02458	33.0	400	261	4	2	396	36	433	3.63e-66	217
NC_000913.3_1556	iYO844.BSU12330	39.7	340	200	3	1	337	1	338	1.26e-80	248
NC_000913.3_1557	iML1515.b4478	30.4	414	246	9	1	404	1	382	1.99e-55	187
NC_000913.3_1557	iYL1228.KPN_04095	30.7	394	235	7	20	404	18	382	7.70e-55	185
NC_000913.3_1557	STM_v1_0.STM3828	29.2	394	241	7	20	404	18	382	4.43e-53	181
NC_000913.3_1560	iML1515.b1584	100	186	0	0	1	186	1	186	1.63e-136	378
NC_000913.3_1560	iYL1228.KPN_01583	90.3	186	18	0	1	186	1	186	1.82e-124	348
NC_000913.3_1560	STM_v1_0.STM1502	91.4	186	16	0	1	186	1	186	7.39e-124	346
NC_000913.3_1563	iML1515.b1587	100	808	0	0	1	808	1	808	0.0	1646
NC_000913.3_1563	iSbBS512_1146.SbBS512_E1773	98.8	808	10	0	1	808	1	808	0.0	1627
NC_000913.3_1564	iML1515.b1588	100	798	0	0	1	798	10	807	0.0	1635
NC_000913.3_1564	STM_v1_0.STM1498	91.8	802	62	1	1	798	10	811	0.0	1524
NC_000913.3_1564	iSbBS512_1146.SbBS512_E1774	99.1	745	3	1	1	745	10	750	0.0	1503
NC_000913.3_1565	iML1515.b1589	100	205	0	0	1	205	1	205	4.45e-166	454
NC_000913.3_1565	iSDY_1059.SDY_1567	100	205	0	0	1	205	1	205	4.45e-166	454
NC_000913.3_1565	iSF_1195.SF1610	99.0	205	2	0	1	205	1	205	1.49e-164	451
NC_000913.3_1565	iML1515.b0895	94.1	205	12	0	1	205	1	205	7.67e-158	434
NC_000913.3_1565	iSSON_1240.SSON_0896	94.1	205	12	0	1	205	1	205	7.67e-158	434
NC_000913.3_1565	STM_v1_0.STM0965	92.7	205	15	0	1	205	1	205	2.57e-156	430
NC_000913.3_1565	STM_v1_0.STM1497	92.2	205	16	0	1	205	1	205	7.37e-156	429
NC_000913.3_1565	iYL1228.KPN_01579	87.8	205	25	0	1	205	1	205	2.19e-148	410
NC_000913.3_1566	iML1515.b1590	100	284	0	0	1	284	1	284	1.17e-205	561
NC_000913.3_1566	iSbBS512_1146.SbBS512_E1776	98.6	284	4	0	1	284	1	284	1.86e-202	553
NC_000913.3_1566	iSF_1195.SF1611	97.9	284	6	0	1	284	1	284	6.21e-201	549
NC_000913.3_1566	iSDY_1059.SDY_1566	97.5	284	7	0	1	284	1	284	1.46e-199	546
NC_000913.3_1568	iML1515.b1592	100	418	0	0	1	418	1	418	1.19e-293	795
NC_000913.3_1568	iSbBS512_1146.SbBS512_E1779	99.3	418	3	0	1	418	1	418	9.36e-291	788
NC_000913.3_1568	iSSON_1240.SSON_1572	99.3	418	3	0	1	418	21	438	1.99e-290	788
NC_000913.3_1568	iSF_1195.SF1613	98.8	418	5	0	1	418	21	438	3.29e-289	785
NC_000913.3_1568	iSDY_1059.SDY_1564	99.2	383	3	0	36	418	63	445	3.53e-265	724
NC_000913.3_1569	STM_v1_0.STM1489	93.4	229	15	0	1	229	1	229	2.30e-156	432
NC_000913.3_1570	iLJ478.TM1469	32.2	255	167	3	144	392	59	313	3.60e-38	139
NC_000913.3_1572	iJN1463.PP_1376	31.8	179	118	1	39	217	36	210	2.06e-12	68.2
NC_000913.3_1575	iML1515.b1599	100	109	0	0	1	109	1	109	1.85e-71	207
NC_000913.3_1575	iSbBS512_1146.SbBS512_E1785	100	109	0	0	1	109	1	109	1.85e-71	207
NC_000913.3_1575	iSSON_1240.SSON_1561	100	109	0	0	1	109	1	109	1.85e-71	207
NC_000913.3_1575	iSF_1195.SF1620	99.1	109	1	0	1	109	1	109	7.54e-71	206
NC_000913.3_1575	iSDY_1059.SDY_1554	99.1	108	1	0	1	108	1	108	6.20e-70	204
NC_000913.3_1576	iML1515.b1600	100	121	0	0	1	121	1	121	7.15e-77	222
NC_000913.3_1576	iSbBS512_1146.SbBS512_E1786	100	121	0	0	1	121	1	121	7.15e-77	222
NC_000913.3_1576	iSDY_1059.SDY_1553	100	121	0	0	1	121	1	121	7.15e-77	222
NC_000913.3_1576	iSF_1195.SF1621	100	121	0	0	1	121	1	121	7.15e-77	222
NC_000913.3_1576	iSSON_1240.SSON_1560	100	121	0	0	1	121	1	121	7.15e-77	222
NC_000913.3_1577	iML1515.b1601	100	344	0	0	1	344	1	344	7.91e-225	615
NC_000913.3_1578	iML1515.b1602	100	462	0	0	1	462	1	462	0.0	875
NC_000913.3_1578	iSbBS512_1146.SbBS512_E1788	100	462	0	0	1	462	1	462	0.0	875
NC_000913.3_1578	iSDY_1059.SDY_1551	100	462	0	0	1	462	1	462	0.0	875
NC_000913.3_1578	iSF_1195.SF1623	100	462	0	0	1	462	1	462	0.0	875
NC_000913.3_1578	iSSON_1240.SSON_1558	100	462	0	0	1	462	1	462	0.0	875
NC_000913.3_1578	STM_v1_0.STM1480	95.5	462	21	0	1	462	1	462	8.08e-312	845
NC_000913.3_1578	iYL1228.KPN_01527	93.3	462	31	0	1	462	1	462	6.76e-304	825
NC_000913.3_1579	iML1515.b1603	100	510	0	0	1	510	1	510	0.0	974
NC_000913.3_1579	iSSON_1240.SSON_1557	99.6	510	2	0	1	510	1	510	0.0	971
NC_000913.3_1579	iSDY_1059.SDY_1550	99.4	510	3	0	1	510	1	510	0.0	969
NC_000913.3_1579	iSbBS512_1146.SbBS512_E1789	99.2	510	4	0	1	510	1	510	0.0	966
NC_000913.3_1579	iSF_1195.SF1624	99.0	510	5	0	1	510	6	515	0.0	966
NC_000913.3_1579	STM_v1_0.STM1479	92.9	510	35	1	1	510	1	509	0.0	903
NC_000913.3_1579	iYL1228.KPN_01526	90.0	509	50	1	1	509	6	513	0.0	884
NC_000913.3_1581	iML1515.b1605	100	460	0	0	1	460	1	460	0.0	870
NC_000913.3_1581	iSF_1195.SF1626	100	460	0	0	1	460	1	460	0.0	870
NC_000913.3_1581	iSDY_1059.SDY_1548	99.8	460	1	0	1	460	1	460	0.0	869
NC_000913.3_1581	iSSON_1240.SSON_1555	99.8	460	1	0	1	460	1	460	0.0	869
NC_000913.3_1581	iSbBS512_1146.SbBS512_E1791	99.6	460	2	0	1	460	1	460	0.0	867
NC_000913.3_1581	STM_v1_0.STM1477	92.8	460	33	0	1	460	1	460	4.75e-303	822
NC_000913.3_1581	iYL1228.KPN_01524	88.7	460	52	0	1	460	1	460	2.83e-288	785
NC_000913.3_1582	iML1515.b1606	100	240	0	0	1	240	1	240	2.96e-177	486
NC_000913.3_1582	iSDY_1059.SDY_1547	100	240	0	0	1	240	1	240	2.96e-177	486
NC_000913.3_1582	iSF_1195.SF1627	98.8	240	3	0	1	240	1	240	4.91e-176	483
NC_000913.3_1582	iSbBS512_1146.SbBS512_E1793	99.2	240	2	0	1	240	1	240	1.41e-175	481
NC_000913.3_1582	iSSON_1240.SSON_1554	98.8	240	3	0	1	240	1	240	1.16e-174	479
NC_000913.3_1584	iAF987.Gmet_2999	33.6	116	74	1	4	116	10	125	1.07e-12	66.2
NC_000913.3_1587	iML1515.b1611	100	467	0	0	1	467	1	467	0.0	915
NC_000913.3_1587	iSbBS512_1146.SbBS512_E1796	99.8	467	1	0	1	467	1	467	0.0	913
NC_000913.3_1587	iSSON_1240.SSON_1549	99.6	467	2	0	1	467	1	467	0.0	912
NC_000913.3_1587	iSF_1195.SF1634	99.6	467	2	0	1	467	1	467	0.0	910
NC_000913.3_1587	iSDY_1059.SDY_1827	98.9	467	5	0	1	467	1	467	0.0	904
NC_000913.3_1587	STM_v1_0.STM1469	91.9	467	38	0	1	467	1	467	4.16e-312	846
NC_000913.3_1588	iML1515.b1612	100	548	0	0	1	548	1	548	0.0	1107
NC_000913.3_1588	iSDY_1059.SDY_1828	99.8	548	1	0	1	548	1	548	0.0	1105
NC_000913.3_1588	iSF_1195.SF1635	99.6	548	2	0	1	548	1	548	0.0	1103
NC_000913.3_1588	iSbBS512_1146.SbBS512_E1798	99.8	548	1	0	1	548	1	548	0.0	1103
NC_000913.3_1588	iSSON_1240.SSON_1548	99.8	548	1	0	1	548	1	548	0.0	1103
NC_000913.3_1588	STM_v1_0.STM1468	95.9	543	22	0	1	543	1	543	0.0	1055
NC_000913.3_1588	iYL1228.KPN_01516	90.1	548	54	0	1	548	1	548	0.0	1009
NC_000913.3_1588	iML1515.b4122	90.0	548	55	0	1	548	1	548	0.0	1001
NC_000913.3_1589	iML1515.b1613	100	391	0	0	1	391	1	391	6.74e-284	768
NC_000913.3_1589	iSF_1195.SF1636	99.5	391	2	0	1	391	1	391	2.25e-282	764
NC_000913.3_1589	iSbBS512_1146.SbBS512_E1799	99.5	391	2	0	1	391	1	391	6.46e-282	763
NC_000913.3_1589	iSSON_1240.SSON_1547	99.5	391	2	0	1	391	1	391	6.46e-282	763
NC_000913.3_1589	iSDY_1059.SDY_1829	99.0	391	4	0	1	391	1	391	2.16e-280	759
NC_000913.3_1593	iML1515.b1616	100	457	0	0	1	457	1	457	0.0	879
NC_000913.3_1594	iML1515.b1617	100	603	0	0	1	603	1	603	0.0	1262
NC_000913.3_1596	iML1515.b1619	100	255	0	0	1	255	1	255	1.19e-179	493
NC_000913.3_1597	iYO844.BSU35960	25.1	219	145	6	67	275	40	249	5.90e-09	56.2
NC_000913.3_1598	iML1515.b1621	100	530	0	0	1	530	1	530	0.0	1031
NC_000913.3_1598	iSSON_1240.SSON_1537	99.8	530	1	0	1	530	1	530	0.0	1031
NC_000913.3_1598	iSbBS512_1146.SbBS512_E1809	99.2	530	4	0	1	530	1	530	0.0	1025
NC_000913.3_1598	iSF_1195.SF1645	99.2	530	4	0	1	530	1	530	0.0	1024
NC_000913.3_1598	iYL1228.KPN_01512	89.1	530	58	0	1	530	1	530	0.0	938
NC_000913.3_1599	iML1515.b1622	100	390	0	0	1	390	1	390	3.55e-299	806
NC_000913.3_1599	iSbBS512_1146.SbBS512_E1810	100	390	0	0	1	390	1	390	3.55e-299	806
NC_000913.3_1599	iSSON_1240.SSON_1536	99.0	390	4	0	1	390	1	390	4.84e-297	801
NC_000913.3_1599	iSF_1195.SF1647	98.7	390	5	0	1	390	1	390	1.39e-296	800
NC_000913.3_1599	iSDY_1059.SDY_1845	98.7	390	5	0	1	390	1	390	5.65e-296	798
NC_000913.3_1600	iML1515.b1623	100	333	0	0	1	333	1	333	1.00e-242	659
NC_000913.3_1600	iSDY_1059.SDY_1846	99.7	333	1	0	1	333	1	333	5.80e-242	657
NC_000913.3_1600	iSSON_1240.SSON_1535	99.7	333	1	0	1	333	1	333	1.17e-241	656
NC_000913.3_1600	iSF_1195.SF1648	99.1	333	3	0	1	333	1	333	7.89e-240	652
NC_000913.3_1600	iSbBS512_1146.SbBS512_E1811	98.8	333	4	0	1	333	1	333	2.26e-239	650
NC_000913.3_1600	STM_v1_0.STM1463	90.0	331	33	0	1	331	1	331	2.09e-219	600
NC_000913.3_1601	iAF987.Gmet_2352	31.3	195	116	4	1	193	1	179	8.67e-16	76.6
NC_000913.3_1601	iSynCJ816.SGL_RS02995	29.5	268	165	11	1	251	1	261	1.88e-15	75.9
NC_000913.3_1601	iAF692.Mbar_A1138	28.0	200	128	5	5	200	2	189	1.00e-14	73.6
NC_000913.3_1604	iHN637.CLJU_RS05590	48.2	193	100	0	1	193	1	193	1.99e-59	184
NC_000913.3_1605	iHN637.CLJU_RS05595	26.2	172	100	3	1	146	1	171	9.70e-20	84.0
NC_000913.3_1606	iHN637.CLJU_RS05570	37.7	440	266	7	16	451	5	440	3.65e-81	266
NC_000913.3_1607	iHN637.CLJU_RS05575	34.5	357	192	6	2	351	10	331	4.57e-57	188
NC_000913.3_1608	iHN637.CLJU_RS05580	29.8	181	101	7	10	187	17	174	1.94e-10	57.4
NC_000913.3_1609	iHN637.CLJU_RS05585	33.8	213	126	2	1	212	1	199	7.01e-36	125
NC_000913.3_1609	iYL1228.KPN_00242	39.7	204	107	4	1	200	7	198	5.35e-35	123
NC_000913.3_1612	iML1515.b1634	100	500	0	0	1	500	1	500	0.0	956
NC_000913.3_1612	iSbBS512_1146.SbBS512_E1824	99.8	500	1	0	1	500	1	500	0.0	956
NC_000913.3_1612	iSSON_1240.SSON_1524	99.8	500	1	0	1	500	1	500	0.0	956
NC_000913.3_1612	iSF_1195.SF1659	99.4	500	3	0	1	500	1	500	0.0	954
NC_000913.3_1612	iSDY_1059.SDY_1857	99.2	500	4	0	1	500	1	500	0.0	950
NC_000913.3_1613	iJN1463.PP_4619	24.9	209	140	5	1	198	1	203	5.89e-09	53.5
NC_000913.3_1614	iML1515.b1636	100	286	0	0	1	286	2	287	6.53e-211	575
NC_000913.3_1614	iSSON_1240.SSON_1520	99.7	286	1	0	1	286	2	287	2.66e-210	573
NC_000913.3_1614	iSF_1195.SF1661	99.3	286	2	0	1	286	2	287	1.54e-209	571
NC_000913.3_1614	iSDY_1059.SDY_1859	99.0	286	3	0	1	286	2	287	6.27e-209	570
NC_000913.3_1614	STM_v1_0.STM1450	90.9	286	26	0	1	286	1	286	1.01e-191	526
NC_000913.3_1614	iYL1228.KPN_01974	90.6	286	27	0	1	286	1	286	1.38e-189	521
NC_000913.3_1615	iSbBS512_1146.SbBS512_E1829	100	424	0	0	1	424	1	424	7.48e-316	852
NC_000913.3_1615	iSSON_1240.SSON_1519	100	424	0	0	1	424	1	424	7.48e-316	852
NC_000913.3_1615	iSDY_1059.SDY_1860	99.8	424	1	0	1	424	1	424	6.14e-315	849
NC_000913.3_1615	STM_v1_0.STM1449	96.5	424	15	0	1	424	1	424	1.22e-305	826
NC_000913.3_1615	iYL1228.KPN_01975	94.1	424	25	0	1	424	5	428	7.53e-301	814
NC_000913.3_1615	iSF_1195.SF1662	95.5	424	19	0	1	424	1	424	3.58e-298	807
NC_000913.3_1616	iML1515.b1638	100	218	0	0	1	218	1	218	5.79e-164	450
NC_000913.3_1616	iSDY_1059.SDY_1861	100	218	0	0	1	218	1	218	5.79e-164	450
NC_000913.3_1616	iSF_1195.SF1663	100	218	0	0	1	218	1	218	5.79e-164	450
NC_000913.3_1616	iSbBS512_1146.SbBS512_E1830	99.5	218	1	0	1	218	1	218	4.76e-163	448
NC_000913.3_1616	iSSON_1240.SSON_1518	99.5	218	1	0	1	218	1	218	4.76e-163	448
NC_000913.3_1616	iYL1228.KPN_01976	92.7	218	16	0	1	218	3	220	4.17e-153	423
NC_000913.3_1616	STM_v1_0.STM1448	91.3	218	19	0	1	218	1	218	2.24e-152	421
NC_000913.3_1618	iML1515.b1640	100	369	0	0	1	369	1	369	1.76e-277	750
NC_000913.3_1618	iSbBS512_1146.SbBS512_E1832	99.7	369	1	0	1	369	1	369	7.16e-277	748
NC_000913.3_1618	iSDY_1059.SDY_1863	99.7	369	1	0	1	369	1	369	7.16e-277	748
NC_000913.3_1618	iSSON_1240.SSON_1516	99.7	369	1	0	1	369	1	369	7.16e-277	748
NC_000913.3_1618	iSF_1195.SF1667	98.9	368	4	0	1	368	1	368	2.68e-272	737
NC_000913.3_1622	iML1515.b3241	41.0	273	160	1	11	283	14	285	1.50e-59	191
NC_000913.3_1623	iML1515.b3240	24.2	525	349	14	22	520	12	513	2.35e-18	89.0
NC_000913.3_1624	iML1515.b1646	100	173	0	0	1	173	1	173	7.59e-122	340
NC_000913.3_1624	iSbBS512_1146.SbBS512_E1838	99.4	173	1	0	1	173	1	173	3.09e-121	338
NC_000913.3_1624	iSF_1195.SF1673	99.4	173	1	0	1	173	6	178	3.68e-121	338
NC_000913.3_1624	iSSON_1240.SSON_1510	99.4	173	1	0	1	173	1	173	3.09e-121	338
NC_000913.3_1624	iSDY_1059.SDY_1870	98.8	173	2	0	1	173	1	173	2.54e-120	336
NC_000913.3_1625	iYO844.BSU09530	26.3	293	187	6	6	274	5	292	9.50e-20	87.4
NC_000913.3_1628	iJN1463.PP_3173	69.5	361	110	0	5	365	2	362	8.67e-184	513
NC_000913.3_1629	iML1515.b1651	100	135	0	0	1	135	1	135	4.43e-98	277
NC_000913.3_1629	iSDY_1059.SDY_1877	100	135	0	0	1	135	1	135	4.43e-98	277
NC_000913.3_1629	iSF_1195.SF1678	100	135	0	0	1	135	1	135	4.43e-98	277
NC_000913.3_1629	iSSON_1240.SSON_1505	100	135	0	0	1	135	1	135	4.43e-98	277
NC_000913.3_1629	iSbBS512_1146.SbBS512_E1843	99.3	135	1	0	1	135	1	135	1.27e-97	276
NC_000913.3_1629	iYL1228.KPN_01990	94.8	135	7	0	1	135	1	135	6.81e-93	264
NC_000913.3_1629	STM_v1_0.STM1435	91.9	135	11	0	1	135	1	135	4.61e-91	259
NC_000913.3_1632	iML1515.b1654	100	115	0	0	1	115	1	115	6.02e-82	234
NC_000913.3_1632	iSbBS512_1146.SbBS512_E1850	100	115	0	0	1	115	1	115	6.02e-82	234
NC_000913.3_1632	iSDY_1059.SDY_1880	100	115	0	0	1	115	1	115	6.02e-82	234
NC_000913.3_1632	iSF_1195.SF1682	100	115	0	0	1	115	1	115	6.02e-82	234
NC_000913.3_1632	iSSON_1240.SSON_1502	99.1	115	1	0	1	115	1	115	2.46e-81	233
NC_000913.3_1632	STM_v1_0.STM1433	97.4	115	3	0	1	115	1	115	1.42e-80	231
NC_000913.3_1632	iYL1228.KPN_01992	93.9	115	7	0	1	115	1	115	1.13e-77	224
NC_000913.3_1633	iML1515.b1655	100	271	0	0	1	271	1	271	2.07e-172	476
NC_000913.3_1634	iML1515.b1656	100	193	0	0	1	193	1	193	3.98e-145	400
NC_000913.3_1634	iSbBS512_1146.SbBS512_E1853	100	193	0	0	1	193	1	193	3.98e-145	400
NC_000913.3_1634	iSDY_1059.SDY_1882	100	193	0	0	1	193	1	193	3.98e-145	400
NC_000913.3_1634	iSF_1195.SF1684	100	193	0	0	1	193	1	193	3.98e-145	400
NC_000913.3_1634	iSSON_1240.SSON_1500	100	193	0	0	1	193	1	193	3.98e-145	400
NC_000913.3_1634	STM_v1_0.STM1431	94.8	193	10	0	1	193	1	193	2.13e-140	389
NC_000913.3_1634	iYL1228.KPN_01994	89.6	193	20	0	1	193	1	193	2.57e-132	368
NC_000913.3_1635	STM_v1_0.STM1522	31.2	378	259	1	7	384	15	391	6.35e-43	154
NC_000913.3_1635	iYL1228.KPN_01628	33.1	384	244	7	7	384	15	391	1.31e-42	153
NC_000913.3_1635	iJN1463.PP_2428	29.6	378	265	1	7	384	30	406	4.23e-42	152
NC_000913.3_1635	iML1515.b1528	30.1	379	262	3	7	384	15	391	2.46e-40	147
NC_000913.3_1635	iSbBS512_1146.SbBS512_E1677	30.1	379	262	3	7	384	15	391	2.46e-40	147
NC_000913.3_1635	iSSON_1240.SSON_1600	30.1	379	262	3	7	384	15	391	2.46e-40	147
NC_000913.3_1635	iSF_1195.SF1566	30.0	343	238	2	7	348	15	356	1.28e-38	141
NC_000913.3_1637	iYL1228.KPN_04156	26.3	243	167	5	40	275	3	240	1.89e-12	66.6
NC_000913.3_1637	STM_v1_0.STM3884	25.9	243	168	5	40	275	3	240	2.05e-11	63.5
NC_000913.3_1637	iYO844.BSU35960	24.8	226	154	6	61	280	39	254	2.94e-11	63.2
NC_000913.3_1637	iML1515.b3751	25.4	280	190	7	40	305	3	277	2.76e-11	63.2
NC_000913.3_1639	iJN1463.PP_3588	28.2	344	242	4	14	354	20	361	3.78e-32	125
NC_000913.3_1640	iML1515.b1661	100	382	0	0	1	382	1	382	2.12e-296	799
NC_000913.3_1640	iSSON_1240.SSON_1495	100	382	0	0	1	382	1	382	2.12e-296	799
NC_000913.3_1640	iSbBS512_1146.SbBS512_E1859	99.7	382	1	0	1	382	1	382	6.08e-296	798
NC_000913.3_1640	iSF_1195.SF1689	99.7	382	1	0	1	382	1	382	8.63e-296	797
NC_000913.3_1640	iSDY_1059.SDY_1887	99.0	382	4	0	1	382	1	382	2.37e-293	791
NC_000913.3_1640	STM_v1_0.STM1427	90.3	382	37	0	1	382	1	382	1.23e-270	734
NC_000913.3_1641	iML1515.b1662	100	213	0	0	1	213	1	213	1.36e-155	429
NC_000913.3_1641	iSbBS512_1146.SbBS512_E1860	100	213	0	0	1	213	1	213	1.36e-155	429
NC_000913.3_1641	iSDY_1059.SDY_1888	100	213	0	0	1	213	1	213	1.36e-155	429
NC_000913.3_1641	iSF_1195.SF1690	100	213	0	0	1	213	1	213	1.36e-155	429
NC_000913.3_1641	iSSON_1240.SSON_1494	100	213	0	0	1	213	1	213	1.36e-155	429
NC_000913.3_1642	iML1515.b1985	23.2	440	311	9	14	440	45	470	5.21e-21	95.1
NC_000913.3_1647	STM_v1_0.STM2063	56.4	241	97	2	21	261	11	243	3.55e-89	264
NC_000913.3_1648	iSbBS512_1146.SbBS512_E4593	50.2	213	103	2	1	210	1	213	4.19e-73	221
NC_000913.3_1648	iML1515.b4072	50.2	213	103	2	1	210	1	213	8.42e-73	220
NC_000913.3_1648	iSF_1195.SF4132	50.2	213	103	2	1	210	1	213	8.42e-73	220
NC_000913.3_1648	iSSON_1240.SSON_4253	50.2	213	103	2	1	210	1	213	8.42e-73	220
NC_000913.3_1648	STM_v1_0.STM4279	49.3	213	105	2	1	210	1	213	3.91e-71	216
NC_000913.3_1648	STM_v1_0.STM2064	55.4	177	78	1	36	211	7	183	6.70e-70	211
NC_000913.3_1650	iHN637.CLJU_RS09915	26.0	719	388	23	4	692	3	607	6.81e-50	184
NC_000913.3_1650	iHN637.CLJU_RS09865	25.4	713	390	22	4	687	3	602	7.30e-48	178
NC_000913.3_1650	iAF987.Gmet_2087	26.6	721	429	24	6	700	6	652	2.07e-44	169
NC_000913.3_1651	STM_v1_0.STM1385	32.8	116	69	2	67	182	58	164	1.69e-16	75.1
NC_000913.3_1651	iML1515.b1589	34.7	118	72	3	66	182	12	125	1.60e-15	71.6
NC_000913.3_1651	STM_v1_0.STM4306	31.7	120	74	3	66	182	11	125	1.69e-15	71.6
NC_000913.3_1651	iSDY_1059.SDY_1567	34.7	118	72	3	66	182	12	125	1.60e-15	71.6
NC_000913.3_1651	iSF_1195.SF1610	33.9	118	73	3	66	182	12	125	1.60e-15	71.6
NC_000913.3_1651	STM_v1_0.STM2529	30.5	118	79	2	66	182	22	137	8.87e-15	69.7
NC_000913.3_1651	iML1515.b0895	35.6	104	62	3	66	168	12	111	1.15e-14	69.3
NC_000913.3_1651	iSSON_1240.SSON_0896	35.6	104	62	3	66	168	12	111	1.15e-14	69.3
NC_000913.3_1651	iYL1228.KPN_01579	32.2	118	75	3	66	182	12	125	1.60e-14	68.9
NC_000913.3_1651	STM_v1_0.STM0965	34.6	104	63	3	66	168	12	111	4.27e-14	67.8
NC_000913.3_1651	STM_v1_0.STM1497	34.6	104	63	3	66	168	12	111	4.27e-14	67.8
NC_000913.3_1653	iML1515.b1676	100	470	0	0	1	470	1	470	0.0	899
NC_000913.3_1653	iSbBS512_1146.SbBS512_E1877	100	470	0	0	1	470	1	470	0.0	899
NC_000913.3_1653	iSSON_1240.SSON_1480	100	470	0	0	1	470	1	470	0.0	899
NC_000913.3_1653	iSF_1195.SF1705	99.8	470	1	0	1	470	1	470	0.0	897
NC_000913.3_1653	iSDY_1059.SDY_1905	99.8	470	1	0	1	470	1	470	0.0	897
NC_000913.3_1653	STM_v1_0.STM1378	95.7	470	20	0	1	470	1	470	3.52e-319	864
NC_000913.3_1653	iYL1228.KPN_02133	94.9	470	24	0	1	470	1	470	7.00e-317	858
NC_000913.3_1654	iML1515.b1677	100	78	0	0	1	78	1	78	9.18e-33	107
NC_000913.3_1654	iSbBS512_1146.SbBS512_E1878	100	78	0	0	1	78	1	78	9.18e-33	107
NC_000913.3_1654	iSDY_1059.SDY_1908	100	78	0	0	1	78	1	78	9.18e-33	107
NC_000913.3_1654	iSF_1195.SF1706	100	78	0	0	1	78	1	78	9.18e-33	107
NC_000913.3_1654	iSSON_1240.SSON_1479	100	78	0	0	1	78	1	78	9.18e-33	107
NC_000913.3_1654	STM_v1_0.STM1377	96.2	78	3	0	1	78	1	78	1.78e-30	102
NC_000913.3_1654	iYL1228.KPN_02134	93.6	78	5	0	1	78	1	78	1.20e-28	97.4
NC_000913.3_1655	iML1515.b1678	100	334	0	0	1	334	1	334	1.80e-241	656
NC_000913.3_1656	iML1515.b1679	100	138	0	0	1	138	1	138	2.65e-96	273
NC_000913.3_1656	iSbBS512_1146.SbBS512_E1880	99.3	138	1	0	1	138	1	138	7.59e-96	271
NC_000913.3_1656	iSF_1195.SF1708	98.6	138	2	0	1	138	1	138	5.13e-94	267
NC_000913.3_1656	iSDY_1059.SDY_1910	97.8	138	3	0	1	138	1	138	7.29e-94	266
NC_000913.3_1656	iSSON_1240.SSON_1477	97.8	138	3	0	1	138	1	138	1.47e-93	266
NC_000913.3_1657	iML1515.b1680	100	406	0	0	1	406	1	406	1.93e-302	816
NC_000913.3_1657	iSSON_1240.SSON_1476	99.5	406	2	0	1	406	1	406	4.53e-301	813
NC_000913.3_1657	iSbBS512_1146.SbBS512_E1881	98.5	406	6	0	1	406	1	406	8.41e-297	802
NC_000913.3_1658	iML1515.b1681	100	423	0	0	1	423	1	423	1.23e-309	836
NC_000913.3_1658	iSSON_1240.SSON_1475	98.6	423	6	0	1	423	1	423	2.77e-306	827
NC_000913.3_1658	iSF_1195.SF1711	98.3	423	7	0	1	423	1	423	1.13e-305	826
NC_000913.3_1658	iSDY_1059.SDY_1912	96.7	423	14	0	1	423	1	423	8.15e-299	808
NC_000913.3_1659	iML1515.b1682	100	248	0	0	1	248	1	248	9.49e-178	488
NC_000913.3_1659	iSSON_1240.SSON_1474	99.6	248	1	0	1	248	1	248	1.57e-176	484
NC_000913.3_1659	iSF_1195.SF1712	99.2	248	2	0	1	248	1	248	4.51e-176	483
NC_000913.3_1659	iSDY_1059.SDY_1913	98.8	248	3	0	1	248	1	248	5.26e-175	481
NC_000913.3_1660	iML1515.b1683	100	495	0	0	1	495	1	495	0.0	1005
NC_000913.3_1660	iSSON_1240.SSON_1473	100	495	0	0	1	495	14	508	0.0	1005
NC_000913.3_1660	iSF_1195.SF1713	99.8	495	1	0	1	495	1	495	0.0	1002
NC_000913.3_1661	iML1515.b1684	100	122	0	0	1	122	1	122	5.00e-91	258
NC_000913.3_1661	iSSON_1240.SSON_1472	100	122	0	0	1	122	1	122	5.00e-91	258
NC_000913.3_1661	iSF_1195.SF1714	98.4	122	2	0	1	122	1	122	2.39e-89	254
NC_000913.3_1663	iML1515.b1686	100	136	0	0	1	136	1	136	2.37e-98	278
NC_000913.3_1664	iYO844.BSU28680	26.3	513	294	12	34	539	22	457	3.77e-42	160
NC_000913.3_1664	iAF987.Gmet_3245	26.7	528	306	14	19	541	7	458	5.04e-40	154
NC_000913.3_1667	iSF_1195.SF4112	36.7	90	50	4	43	126	297	385	6.02e-04	41.6
NC_000913.3_1669	iML1515.b1692	100	288	0	0	1	288	1	288	2.20e-212	578
NC_000913.3_1669	iSbBS512_1146.SbBS512_E1895	100	288	0	0	1	288	1	288	2.20e-212	578
NC_000913.3_1669	iSSON_1240.SSON_1462	99.3	288	2	0	1	288	1	288	5.18e-211	575
NC_000913.3_1669	iSF_1195.SF1722	99.3	288	2	0	1	288	1	288	1.04e-210	574
NC_000913.3_1669	iSDY_1059.SDY_1475	99.3	284	2	0	5	288	14	297	1.63e-207	566
NC_000913.3_1669	STM_v1_0.STM1359	91.0	288	26	0	1	288	1	288	3.03e-194	533
NC_000913.3_1670	iML1515.b1693	100	252	0	0	1	252	1	252	2.80e-172	474
NC_000913.3_1670	iSDY_1059.SDY_1474	98.4	252	4	0	1	252	1	252	1.55e-169	467
NC_000913.3_1670	iSF_1195.SF1723	98.4	252	4	0	1	252	1	252	1.55e-169	467
NC_000913.3_1670	iSSON_1240.SSON_1461	98.4	252	4	0	1	252	1	252	1.55e-169	467
NC_000913.3_1670	iSbBS512_1146.SbBS512_E1896	98.0	252	5	0	1	252	1	252	5.18e-168	463
NC_000913.3_1671	iML1515.b1694	100	531	0	0	1	531	1	531	0.0	1049
NC_000913.3_1672	iML1515.b1695	100	383	0	0	1	383	1	383	1.53e-285	771
NC_000913.3_1675	iHN637.CLJU_RS19405	29.5	210	143	4	1	207	1	208	2.10e-18	81.6
NC_000913.3_1675	iCN900.CD630_10550	28.0	211	147	4	1	208	1	209	9.23e-16	74.3
NC_000913.3_1676	iAF987.Gmet_2257	32.5	332	198	13	1	310	105	432	8.71e-37	136
NC_000913.3_1676	iCN900.CD630_10560	33.6	265	154	6	60	311	70	325	3.78e-35	129
NC_000913.3_1676	iAF987.Gmet_0684	31.2	333	199	11	1	310	108	433	2.29e-34	129
NC_000913.3_1676	iHN637.CLJU_RS19400	29.4	330	209	12	3	311	5	331	2.00e-34	127
NC_000913.3_1676	iAF987.Gmet_1526	34.0	247	155	5	66	312	55	293	4.52e-34	125
NC_000913.3_1677	iJN1463.PP_4203	27.5	389	222	15	5	349	13	385	2.21e-25	108
NC_000913.3_1677	iMM1415.66841	26.1	403	244	16	4	367	66	453	1.55e-24	105
NC_000913.3_1677	iCHOv1.100763190	25.8	403	245	16	4	367	67	454	2.09e-24	105
NC_000913.3_1677	iAT_PLT_636.2110	26.3	403	243	16	4	367	67	454	2.20e-23	102
NC_000913.3_1679	iML1515.b1701	100	548	0	0	1	548	1	548	0.0	1113
NC_000913.3_1679	iSbBS512_1146.SbBS512_E1904	98.7	548	7	0	1	548	1	548	0.0	1095
NC_000913.3_1679	iSF_1195.SF1529	97.6	548	13	0	1	548	19	566	0.0	1087
NC_000913.3_1680	iML1515.b1702	100	792	0	0	1	792	1	792	0.0	1558
NC_000913.3_1680	iSF_1195.SF1528	99.9	792	1	0	1	792	1	792	0.0	1556
NC_000913.3_1680	iSSON_1240.SSON_1457	99.7	792	2	0	1	792	1	792	0.0	1555
NC_000913.3_1680	iSbBS512_1146.SbBS512_E1905	99.7	792	2	0	1	792	1	792	0.0	1554
NC_000913.3_1680	iSDY_1059.SDY_1794	99.6	792	3	0	1	792	1	792	0.0	1552
NC_000913.3_1680	STM_v1_0.STM1349	97.0	792	24	0	1	792	1	792	0.0	1519
NC_000913.3_1680	iYL1228.KPN_02160	95.3	792	37	0	1	792	1	792	0.0	1493
NC_000913.3_1682	iML1515.b1704	100	348	0	0	1	348	1	348	6.69e-260	704
NC_000913.3_1682	iSDY_1059.SDY_1798	99.7	348	1	0	1	348	1	348	2.73e-259	702
NC_000913.3_1682	iSF_1195.SF1526	99.1	348	3	0	1	348	1	348	1.30e-257	698
NC_000913.3_1682	iSbBS512_1146.SbBS512_E1908	99.1	348	3	0	1	348	1	348	1.84e-257	697
NC_000913.3_1682	iSSON_1240.SSON_1455	99.1	348	3	0	1	348	1	348	2.61e-257	697
NC_000913.3_1682	STM_v1_0.STM1347	90.8	348	32	0	1	348	1	348	4.19e-238	649
NC_000913.3_1685	iML1515.b3525	21.7	221	167	4	17	235	36	252	1.92e-08	53.1
NC_000913.3_1686	iML1515.b2175	48.4	124	62	1	31	154	63	184	5.53e-40	132
NC_000913.3_1687	iML1515.b1709	100	249	0	0	1	249	1	249	3.06e-179	491
NC_000913.3_1687	iSDY_1059.SDY_1804	99.6	249	1	0	1	249	1	249	2.52e-178	489
NC_000913.3_1687	iSF_1195.SF1522	99.6	249	1	0	1	249	1	249	2.52e-178	489
NC_000913.3_1687	iSSON_1240.SSON_1449	99.6	249	1	0	1	249	1	249	2.52e-178	489
NC_000913.3_1688	iML1515.b1710	100	183	0	0	1	183	1	183	4.35e-135	374
NC_000913.3_1688	iSF_1195.SF1521	97.8	183	4	0	1	183	1	183	8.43e-133	369
NC_000913.3_1688	iSDY_1059.SDY_1805	97.8	183	4	0	1	183	1	183	2.42e-132	367
NC_000913.3_1688	iSSON_1240.SSON_1448	97.3	183	5	0	1	183	1	183	1.40e-131	365
NC_000913.3_1688	iSbBS512_1146.SbBS512_E1914	97.3	183	5	0	1	183	1	183	2.82e-131	365
NC_000913.3_1689	iML1515.b1711	100	326	0	0	1	326	1	326	7.16e-228	621
NC_000913.3_1689	iSF_1195.SF1520	99.7	326	1	0	1	326	1	326	1.45e-227	620
NC_000913.3_1689	iSSON_1240.SSON_1447	99.7	326	1	0	1	326	1	326	2.05e-227	620
NC_000913.3_1689	iSDY_1059.SDY_1806	99.1	326	3	0	1	326	1	326	3.97e-225	614
NC_000913.3_1689	STM_v1_0.STM1340	91.4	326	28	0	1	326	1	326	1.19e-210	577
NC_000913.3_1691	iSSON_1240.SSON_1445	99.9	795	1	0	1	795	1	795	0.0	1567
NC_000913.3_1691	iSbBS512_1146.SbBS512_E1955	99.7	795	2	0	1	795	1	795	0.0	1564
NC_000913.3_1691	iSF_1195.SF1518	99.5	795	4	0	1	795	1	795	0.0	1561
NC_000913.3_1691	iSDY_1059.SDY_1808	99.4	795	5	0	1	795	1	795	0.0	1558
NC_000913.3_1691	STM_v1_0.STM1338	92.6	795	59	0	1	795	1	795	0.0	1480
NC_000913.3_1691	iYL1228.KPN_02175	92.3	795	61	0	1	795	1	795	0.0	1463
NC_000913.3_1692	iSbBS512_1146.SbBS512_E1956	99.7	327	1	0	1	327	1	327	4.74e-238	647
NC_000913.3_1692	iSDY_1059.SDY_1809	99.4	327	2	0	1	327	1	327	9.57e-238	646
NC_000913.3_1692	iSSON_1240.SSON_1444	99.7	327	1	0	1	327	1	327	1.93e-237	645
NC_000913.3_1692	iSF_1195.SF1517	99.4	327	2	0	1	327	1	327	2.74e-237	645
NC_000913.3_1692	STM_v1_0.STM1337	97.6	327	8	0	1	327	1	327	1.07e-234	638
NC_000913.3_1692	iYL1228.KPN_02176	96.9	327	10	0	1	327	1	327	7.22e-233	634
NC_000913.3_1692	iPC815.YPO2429	90.2	327	32	0	1	327	1	327	1.53e-218	597
NC_000913.3_1696	iSF_1195.SF1512	100	642	0	0	1	642	1	642	0.0	1322
NC_000913.3_1696	iSSON_1240.SSON_1439	100	642	0	0	1	642	1	642	0.0	1322
NC_000913.3_1696	iSbBS512_1146.SbBS512_E1961	99.8	642	1	0	1	642	1	642	0.0	1320
NC_000913.3_1696	iSDY_1059.SDY_1814	99.5	642	3	0	1	642	1	642	0.0	1318
NC_000913.3_1696	STM_v1_0.STM1333	96.7	642	21	0	1	642	1	642	0.0	1287
NC_000913.3_1696	iYL1228.KPN_02180	94.9	622	32	0	21	642	1	622	0.0	1230
NC_000913.3_1696	iPC815.YPO2433	88.3	642	75	0	1	642	1	642	0.0	1194
NC_000913.3_1701	iML1515.b1723	100	309	0	0	1	309	1	309	4.96e-215	587
NC_000913.3_1701	iSbBS512_1146.SbBS512_E1968	99.7	309	1	0	1	309	1	309	1.42e-214	586
NC_000913.3_1701	iSSON_1240.SSON_1434	99.7	309	1	0	1	309	1	309	1.42e-214	586
NC_000913.3_1701	iSF_1195.SF1507	99.4	309	2	0	1	309	1	309	4.08e-214	585
NC_000913.3_1701	iSDY_1059.SDY_1816	99.0	309	3	0	1	309	1	309	1.17e-213	583
NC_000913.3_1701	STM_v1_0.STM1326	92.2	308	24	0	1	308	1	308	3.80e-201	552
NC_000913.3_1705	iML1515.b1727	100	222	0	0	1	222	1	222	2.84e-157	434
NC_000913.3_1707	iYS854.USA300HOU_RS02030	50.3	461	227	2	3	463	4	462	2.16e-137	402
NC_000913.3_1707	iYO844.BSU09130	50.4	450	221	2	6	455	7	454	6.34e-137	401
NC_000913.3_1710	iML1515.b1732	100	753	0	0	1	753	1	753	0.0	1508
NC_000913.3_1710	iSSON_1240.SSON_1426	99.6	753	3	0	1	753	1	753	0.0	1503
NC_000913.3_1710	iSF_1195.SF1496	99.3	753	5	0	1	753	1	753	0.0	1502
NC_000913.3_1711	iML1515.b1733	100	249	0	0	1	249	1	249	1.35e-182	500
NC_000913.3_1712	iML1515.b1734	100	450	0	0	1	450	1	450	0.0	904
NC_000913.3_1712	iSSON_1240.SSON_1424	98.4	450	7	0	1	450	1	450	0.0	891
NC_000913.3_1712	iSF_1195.SF1494	98.4	450	7	0	1	450	1	450	0.0	891
NC_000913.3_1712	STM_v1_0.STM1316	90.4	450	43	0	1	450	1	450	5.82e-306	829
NC_000913.3_1714	iML1515.b1736	100	116	0	0	1	116	1	116	7.89e-74	214
NC_000913.3_1714	iSF_1195.SF1490	100	116	0	0	1	116	1	116	7.89e-74	214
NC_000913.3_1714	iSSON_1240.SSON_1422	100	116	0	0	1	116	1	116	7.89e-74	214
NC_000913.3_1715	iML1515.b1737	100	452	0	0	1	452	1	452	1.68e-308	835
NC_000913.3_1715	iSSON_1240.SSON_1421	99.3	452	3	0	1	452	1	452	7.98e-307	831
NC_000913.3_1715	iSF_1195.SF1489	99.8	448	1	0	1	448	1	448	1.95e-304	825
NC_000913.3_1715	STM_v1_0.STM1313	94.7	452	24	0	1	452	1	452	1.50e-295	803
NC_000913.3_1716	iML1515.b1738	100	106	0	0	1	106	1	106	6.05e-71	206
NC_000913.3_1716	iSSON_1240.SSON_1420	100	106	0	0	1	106	1	106	6.05e-71	206
NC_000913.3_1716	iSF_1195.SF1488	99.1	106	1	0	1	106	1	106	4.98e-70	204
NC_000913.3_1716	iSbBS512_1146.SbBS512_E1982	99.1	106	1	0	1	106	1	106	7.07e-70	203
NC_000913.3_1716	STM_v1_0.STM1312	96.2	106	4	0	1	106	1	106	1.37e-67	197
NC_000913.3_1718	iML1515.b1740	100	275	0	0	1	275	1	275	7.29e-200	546
NC_000913.3_1718	iSSON_1240.SSON_1418	98.9	275	3	0	1	275	1	275	1.21e-198	543
NC_000913.3_1718	iSbBS512_1146.SbBS512_E1984	98.9	275	3	0	1	275	1	275	2.00e-197	540
NC_000913.3_1718	iSDY_1059.SDY_1540	98.2	275	5	0	1	275	1	275	4.04e-197	539
NC_000913.3_1718	iSF_1195.SF1486	97.5	275	7	0	1	275	1	275	7.83e-195	533
NC_000913.3_1718	iYL1228.KPN_01228	90.2	275	27	0	1	275	1	275	8.25e-181	498
NC_000913.3_1718	STM_v1_0.STM1310	89.5	275	29	0	1	275	1	275	2.26e-178	491
NC_000913.3_1722	iML1515.b1744	100	322	0	0	1	322	1	322	2.19e-245	665
NC_000913.3_1722	iSbBS512_1146.SbBS512_E1990	100	322	0	0	1	322	1	322	2.19e-245	665
NC_000913.3_1722	iSSON_1240.SSON_1413	99.7	322	1	0	1	322	1	322	1.27e-244	663
NC_000913.3_1723	iML1515.b1745	100	447	0	0	1	447	1	447	0.0	884
NC_000913.3_1723	iSSON_1240.SSON_1412	99.6	447	2	0	1	447	1	447	0.0	881
NC_000913.3_1723	iSbBS512_1146.SbBS512_E1991	99.5	444	2	0	1	444	1	444	0.0	875
NC_000913.3_1724	iML1515.b1746	100	492	0	0	1	492	1	492	0.0	981
NC_000913.3_1724	iSbBS512_1146.SbBS512_E1993	97.8	492	11	0	1	492	1	492	0.0	957
NC_000913.3_1724	iSF_1195.SF1480	98.0	455	9	0	1	455	20	474	0.0	883
NC_000913.3_1725	iML1515.b1747	100	344	0	0	1	344	1	344	1.91e-257	697
NC_000913.3_1725	iSDY_1059.SDY_1530	99.7	344	1	0	1	344	1	344	3.17e-256	694
NC_000913.3_1725	iSF_1195.SF1479	99.7	343	1	0	2	344	1	343	3.05e-256	694
NC_000913.3_1725	iSSON_1240.SSON_1410	99.4	344	2	0	1	344	1	344	3.17e-256	694
NC_000913.3_1725	iSbBS512_1146.SbBS512_E1994	98.8	344	4	0	1	344	1	344	2.14e-254	689
NC_000913.3_1725	STM_v1_0.STM1304	91.8	343	28	0	1	343	1	343	1.07e-238	650
NC_000913.3_1726	iML1515.b1748	100	406	0	0	1	406	1	406	9.95e-305	822
NC_000913.3_1726	iSSON_1240.SSON_1409	98.8	406	5	0	1	406	1	406	3.19e-301	813
NC_000913.3_1726	iSbBS512_1146.SbBS512_E1995	98.3	406	7	0	1	406	1	406	1.07e-299	809
NC_000913.3_1733	iHN637.CLJU_RS10875	27.3	176	110	4	350	510	50	222	2.85e-07	51.2
NC_000913.3_1734	iAF692.Mbar_A1305	37.4	182	110	2	17	197	18	196	8.69e-32	118
NC_000913.3_1734	iCN900.CD630_35270	36.6	194	119	3	4	196	6	196	3.16e-31	116
NC_000913.3_1734	STM_v1_0.STM4230	35.6	191	119	2	4	193	6	193	1.15e-30	115
NC_000913.3_1734	iCN900.CD630_35300	36.9	195	117	4	4	196	6	196	8.63e-31	115
NC_000913.3_1734	iML1515.b4035	36.1	191	118	2	4	193	6	193	2.31e-30	114
NC_000913.3_1734	iSF_1195.SF4170	36.1	191	118	2	4	193	6	193	2.31e-30	114
NC_000913.3_1734	iSSON_1240.SSON_4213	36.1	191	118	2	4	193	6	193	2.31e-30	114
NC_000913.3_1734	iJN1463.PP_5137	37.9	190	114	2	4	193	12	197	4.66e-30	113
NC_000913.3_1734	iSynCJ816.SGL_RS17160	37.6	194	117	3	4	196	5	195	1.32e-29	112
NC_000913.3_1734	iYL1228.KPN_04424	34.6	191	121	2	4	193	6	193	4.40e-29	111
NC_000913.3_1734	iJN1463.PP_5168	34.3	198	122	2	4	196	5	199	8.94e-29	109
NC_000913.3_1734	iPC815.YPO3712	38.5	182	108	3	13	193	15	193	1.65e-28	109
NC_000913.3_1734	iPC815.YPO1332	36.0	197	122	3	1	196	19	212	1.84e-28	109
NC_000913.3_1734	iLJ478.TM1376	36.3	193	115	3	4	193	8	195	2.26e-28	109
NC_000913.3_1734	iYL1228.KPN_00065	36.7	180	108	3	20	196	16	192	3.65e-29	108
NC_000913.3_1734	iML1515.b0066	37.3	177	107	2	21	196	19	192	5.01e-29	108
NC_000913.3_1734	iYL1228.KPN_01927	35.6	216	125	5	5	217	8	212	3.85e-28	108
NC_000913.3_1734	iJN1463.PP_1078	33.9	224	132	4	1	214	6	223	6.16e-28	108
NC_000913.3_1734	iSSON_1240.SSON_0072	37.3	177	107	2	21	196	19	192	5.01e-29	108
NC_000913.3_1734	STM_v1_0.STM0106	38.1	176	105	2	22	196	20	192	7.53e-29	107
NC_000913.3_1734	STM_v1_0.STM0878	34.5	197	125	2	1	196	19	212	1.32e-27	107
NC_000913.3_1734	iSbBS512_1146.SbBS512_E0058	37.3	177	107	2	21	196	19	192	9.88e-29	107
NC_000913.3_1734	iSF_1195.SF0061	37.3	177	107	2	21	196	19	192	9.88e-29	107
NC_000913.3_1734	iPC815.YPO2846	34.7	193	117	4	5	193	8	195	1.07e-27	107
NC_000913.3_1734	iEK1008.Rv2397c	36.1	191	118	2	4	193	7	194	1.29e-27	107
NC_000913.3_1734	iJN1463.PP_0411	35.3	184	111	3	13	193	27	205	2.45e-27	106
NC_000913.3_1734	iSDY_1059.SDY_0093	37.3	177	107	2	21	196	19	192	1.95e-28	106
NC_000913.3_1735	iYL1228.KPN_01213	79.5	435	89	0	1	435	1	435	3.21e-263	719
NC_000913.3_1736	iAF692.Mbar_A1498	28.9	142	86	4	33	167	1	134	1.77e-04	40.4
NC_000913.3_1737	iML1515.b1759	100	135	0	0	1	135	1	135	5.83e-94	266
NC_000913.3_1737	iSDY_1059.SDY_1516	97.0	135	4	0	1	135	1	135	3.79e-90	257
NC_000913.3_1737	iSF_1195.SF1466	96.3	135	5	0	1	135	1	135	8.94e-89	253
NC_000913.3_1737	iSSON_1240.SSON_1397	96.3	135	5	0	1	135	1	135	8.94e-89	253
NC_000913.3_1739	iML1515.b1761	100	447	0	0	1	447	1	447	0.0	877
NC_000913.3_1739	iSSON_1240.SSON_1395	99.8	447	1	0	1	447	1	447	0.0	876
NC_000913.3_1739	iSDY_1059.SDY_1514	99.3	447	3	0	1	447	1	447	0.0	875
NC_000913.3_1739	iSbBS512_1146.SbBS512_E2014	99.3	447	3	0	1	447	1	447	0.0	874
NC_000913.3_1739	STM_v1_0.STM1299	92.8	447	32	0	1	447	1	447	4.25e-304	824
NC_000913.3_1739	iYL1228.KPN_01210	90.2	447	44	0	1	447	1	447	3.05e-297	806
NC_000913.3_1742	iML1515.b1764	100	347	0	0	1	347	1	347	1.10e-253	688
NC_000913.3_1742	iSDY_1059.SDY_1509	99.7	347	1	0	1	347	1	347	3.16e-253	687
NC_000913.3_1742	iSF_1195.SF1459	99.7	347	1	0	1	347	1	347	4.48e-253	686
NC_000913.3_1742	iSbBS512_1146.SbBS512_E2019	99.4	347	2	0	1	347	1	347	1.29e-252	685
NC_000913.3_1742	iSSON_1240.SSON_1391	99.4	347	2	0	1	347	1	347	5.23e-252	684
NC_000913.3_1742	STM_v1_0.STM1297	92.8	347	25	0	1	347	1	347	6.43e-237	645
NC_000913.3_1744	iAF987.Gmet_1750	38.9	221	124	3	324	543	39	249	5.44e-35	134
NC_000913.3_1745	iML1515.b1767	100	338	0	0	1	338	1	338	1.18e-248	674
NC_000913.3_1745	iSSON_1240.SSON_1388	100	338	0	0	1	338	1	338	1.18e-248	674
NC_000913.3_1745	iSbBS512_1146.SbBS512_E2022	99.7	338	1	0	1	338	1	338	3.39e-248	673
NC_000913.3_1745	iSDY_1059.SDY_1506	99.7	338	1	0	1	338	1	338	1.96e-247	671
NC_000913.3_1745	iSF_1195.SF1456	99.1	338	3	0	1	338	1	338	6.55e-246	667
NC_000913.3_1745	STM_v1_0.STM1294	94.7	338	18	0	1	338	1	338	2.63e-236	643
NC_000913.3_1745	iYL1228.KPN_01203	90.5	338	32	0	1	338	1	338	2.98e-224	613
NC_000913.3_1746	iML1515.b1768	100	213	0	0	1	213	1	213	3.93e-164	450
NC_000913.3_1746	iSSON_1240.SSON_1387	99.5	213	1	0	1	213	7	219	5.71e-163	447
NC_000913.3_1746	iSDY_1059.SDY_1505	99.1	213	2	0	1	213	7	219	9.48e-162	444
NC_000913.3_1746	iSbBS512_1146.SbBS512_E2023	98.6	213	3	0	1	213	1	213	4.41e-161	442
NC_000913.3_1746	iSF_1195.SF1455	96.2	213	8	0	1	213	7	219	1.02e-156	432
NC_000913.3_1747	iYO844.BSU33960	26.6	421	264	14	57	451	60	461	2.05e-15	77.8
NC_000913.3_1749	iML1515.b1771	100	326	0	0	1	326	1	326	1.60e-240	653
NC_000913.3_1750	iYO844.BSU22110	28.2	280	187	5	42	310	35	311	7.79e-23	96.3
NC_000913.3_1750	iJN1463.PP_3378	28.7	321	202	9	1	307	1	308	8.99e-22	93.2
NC_000913.3_1751	iSF_1195.SF1450	98.2	278	5	0	1	278	1	278	4.56e-200	546
NC_000913.3_1752	iYO844.BSU06150	41.6	351	179	6	6	343	12	349	3.10e-84	258
NC_000913.3_1753	iYO844.BSU33960	26.0	477	282	20	16	451	12	458	2.15e-16	80.9
NC_000913.3_1754	iPC815.YPO0060	31.3	368	213	13	1	355	1	341	3.65e-48	165
NC_000913.3_1754	iYL1228.KPN_03961	30.4	368	216	13	1	355	1	341	2.78e-47	163
NC_000913.3_1754	iML1515.b3616	31.0	368	214	13	1	355	1	341	1.50e-46	161
NC_000913.3_1754	iSSON_1240.SSON_3788	30.7	368	215	13	1	355	1	341	2.95e-46	160
NC_000913.3_1754	iSbBS512_1146.SbBS512_E4044	30.7	368	215	13	1	355	1	341	4.14e-46	160
NC_000913.3_1754	iSF_1195.SF3656	30.7	368	215	13	1	355	1	341	4.14e-46	160
NC_000913.3_1754	iYS854.USA300HOU_RS01290	30.4	365	228	10	1	358	1	346	5.24e-46	160
NC_000913.3_1754	iCN900.CD630_23230	27.4	351	242	5	1	350	1	339	2.34e-45	158
NC_000913.3_1754	STM_v1_0.STM3708	30.4	368	216	13	1	355	1	341	2.24e-45	158
NC_000913.3_1754	iCN900.CD630_04900	29.5	342	217	8	1	334	1	326	3.87e-45	157
NC_000913.3_1754	iSDY_1059.SDY_4049	30.2	368	217	13	1	355	1	341	1.69e-44	155
NC_000913.3_1754	iHN637.CLJU_RS11425	30.5	370	225	13	1	355	1	353	3.57e-43	152
NC_000913.3_1754	iYO844.BSU16990	30.1	359	225	9	1	352	6	345	5.58e-43	152
NC_000913.3_1756	iML1515.b1778	100	137	0	0	1	137	1	137	4.40e-108	302
NC_000913.3_1756	iSSON_1240.SSON_1385	100	137	0	0	1	137	1	137	4.40e-108	302
NC_000913.3_1756	iSF_1195.SF1445	99.3	137	1	0	1	137	1	137	1.26e-107	301
NC_000913.3_1756	iSDY_1059.SDY_1489	98.5	137	2	0	1	137	1	137	5.14e-107	300
NC_000913.3_1757	iML1515.b1779	100	331	0	0	1	331	1	331	1.22e-242	659
NC_000913.3_1757	iSbBS512_1146.SbBS512_E2026	100	331	0	0	1	331	1	331	1.22e-242	659
NC_000913.3_1757	iSDY_1059.SDY_1488	100	331	0	0	1	331	1	331	1.22e-242	659
NC_000913.3_1757	iSF_1195.SF1444	100	331	0	0	1	331	1	331	1.22e-242	659
NC_000913.3_1757	iSSON_1240.SSON_1384	100	331	0	0	1	331	1	331	1.22e-242	659
NC_000913.3_1757	STM_v1_0.STM1290	98.8	331	4	0	1	331	1	331	1.66e-240	653
NC_000913.3_1757	iYL1228.KPN_01197	95.8	331	14	0	1	331	1	331	8.82e-236	641
NC_000913.3_1757	iPC815.YPO2157	90.9	331	30	0	1	331	4	334	1.47e-221	605
NC_000913.3_1759	iML1515.b1781	100	284	0	0	1	284	1	284	8.23e-206	561
NC_000913.3_1759	iSSON_1240.SSON_1381	97.9	284	6	0	1	284	1	284	3.08e-201	550
NC_000913.3_1759	iSbBS512_1146.SbBS512_E2029	96.5	284	10	0	1	284	1	284	1.99e-197	540
NC_000913.3_1759	iSDY_1059.SDY_1486	96.8	284	8	1	1	284	1	283	3.18e-196	537
NC_000913.3_1763	iSbBS512_1146.SbBS512_E2033	99.4	491	3	0	1	491	1	491	0.0	928
NC_000913.3_1764	iSDY_1059.SDY_1684	100	120	0	0	377	496	1	120	1.02e-76	236
NC_000913.3_1768	iJN1463.PP_0970	38.6	381	229	4	15	393	51	428	2.82e-72	232
NC_000913.3_1771	iML1515.b1794	100	341	0	0	1	341	1	341	2.48e-247	671
NC_000913.3_1775	iML1515.b1798	100	212	0	0	1	212	1	212	4.37e-147	407
NC_000913.3_1777	iML1515.b1800	100	361	0	0	1	361	1	361	1.56e-276	747
NC_000913.3_1777	iSSON_1240.SSON_1361	99.4	361	2	0	1	361	1	361	7.41e-275	743
NC_000913.3_1777	iSbBS512_1146.SbBS512_E2058	99.4	361	2	0	1	361	1	361	1.49e-274	742
NC_000913.3_1777	iSDY_1059.SDY_1701	99.2	361	3	0	1	361	1	361	3.02e-274	741
NC_000913.3_1777	iYL1228.KPN_01015	90.3	360	35	0	1	360	1	360	7.39e-250	679
NC_000913.3_1778	iML1515.b1801	100	476	0	0	1	476	6	481	0.0	952
NC_000913.3_1778	iSSON_1240.SSON_1360	99.6	476	2	0	1	476	6	481	0.0	948
NC_000913.3_1779	iJN1463.PP_0315	34.0	203	123	5	19	217	28	223	3.19e-37	139
NC_000913.3_1780	iJN1463.PP_3737	38.7	302	177	4	24	321	19	316	1.46e-68	216
NC_000913.3_1782	iSF_1195.SF1423	99.8	583	1	0	1	583	1	583	0.0	1160
NC_000913.3_1782	iML1515.b1805	99.8	561	1	0	23	583	1	561	0.0	1117
NC_000913.3_1782	iSDY_1059.SDY_1709	99.8	561	1	0	23	583	1	561	0.0	1117
NC_000913.3_1782	iSbBS512_1146.SbBS512_E2065	99.6	561	2	0	23	583	1	561	0.0	1115
NC_000913.3_1782	iSSON_1240.SSON_1356	99.3	561	4	0	23	583	1	561	0.0	1112
NC_000913.3_1782	iYL1228.KPN_02322	92.3	571	44	0	12	582	1	571	0.0	1063
NC_000913.3_1782	STM_v1_0.STM1818	93.6	561	36	0	23	583	1	561	0.0	1059
NC_000913.3_1789	iML1515.b1812	100	453	0	0	1	453	1	453	0.0	904
NC_000913.3_1789	iSSON_1240.SSON_1348	98.5	453	7	0	1	453	1	453	0.0	892
NC_000913.3_1789	iSbBS512_1146.SbBS512_E2073	98.5	453	7	0	1	453	1	453	0.0	892
NC_000913.3_1789	iSDY_1059.SDY_1718	98.7	453	6	0	1	453	1	453	0.0	889
NC_000913.3_1789	iSF_1195.SF1416	97.8	453	10	0	1	453	1	453	0.0	887
NC_000913.3_1790	iML1515.b1813	100	192	0	0	1	192	1	192	1.49e-135	376
NC_000913.3_1791	iML1515.b1814	100	454	0	0	1	454	1	454	0.0	909
NC_000913.3_1791	iSSON_1240.SSON_1346	100	454	0	0	1	454	1	454	0.0	909
NC_000913.3_1791	iSF_1195.SF1414	99.8	454	1	0	1	454	1	454	0.0	907
NC_000913.3_1791	iSbBS512_1146.SbBS512_E2075	99.8	454	1	0	1	454	1	454	0.0	907
NC_000913.3_1791	iSDY_1059.SDY_1720	99.3	454	3	0	1	454	1	454	0.0	904
NC_000913.3_1791	STM_v1_0.STM1826	94.5	454	25	0	1	454	1	454	0.0	867
NC_000913.3_1792	iJN1463.PP_3435	32.8	497	289	14	40	512	34	509	4.60e-62	212
NC_000913.3_1794	iML1515.b1817	100	323	0	0	1	323	1	323	1.90e-226	617
NC_000913.3_1794	iSbBS512_1146.SbBS512_E2083	100	323	0	0	1	323	1	323	1.90e-226	617
NC_000913.3_1794	iSF_1195.SF1411	100	323	0	0	1	323	1	323	1.90e-226	617
NC_000913.3_1794	iSSON_1240.SSON_1343	100	323	0	0	1	323	1	323	1.90e-226	617
NC_000913.3_1794	STM_v1_0.STM1830	95.7	323	13	1	1	323	1	322	2.09e-216	592
NC_000913.3_1794	iYL1228.KPN_02333	93.2	323	22	0	1	323	1	323	5.70e-212	580
NC_000913.3_1795	iML1515.b1818	100	266	0	0	1	266	1	266	5.16e-175	482
NC_000913.3_1795	iSbBS512_1146.SbBS512_E2084	100	266	0	0	1	266	1	266	5.16e-175	482
NC_000913.3_1795	iSF_1195.SF1410	100	266	0	0	1	266	1	266	5.16e-175	482
NC_000913.3_1795	iSSON_1240.SSON_1342	100	266	0	0	1	266	1	266	5.16e-175	482
NC_000913.3_1795	STM_v1_0.STM1831	94.4	266	15	0	1	266	1	266	3.05e-167	462
NC_000913.3_1795	iYL1228.KPN_02334	94.0	266	16	0	1	266	1	266	6.15e-167	462
NC_000913.3_1796	iML1515.b1819	100	283	0	0	1	283	1	283	1.04e-203	556
NC_000913.3_1796	iSbBS512_1146.SbBS512_E2085	100	283	0	0	1	283	1	283	1.04e-203	556
NC_000913.3_1796	iSSON_1240.SSON_1341	100	283	0	0	1	283	4	286	1.16e-203	556
NC_000913.3_1796	iSF_1195.SF1409	97.9	283	6	0	1	283	4	286	5.06e-198	542
NC_000913.3_1796	iYL1228.KPN_02335	92.2	283	22	0	1	283	4	286	2.47e-189	520
NC_000913.3_1796	STM_v1_0.STM1832	92.9	282	20	0	1	282	4	285	7.06e-189	519
NC_000913.3_1798	iML1515.b1821	100	188	0	0	1	188	1	188	2.05e-131	365
NC_000913.3_1799	iSynCJ816.SGL_RS11800	37.6	101	52	5	87	177	95	194	9.72e-05	42.7
NC_000913.3_1804	iYO844.BSU03070	24.9	361	265	4	18	376	15	371	2.21e-26	111
NC_000913.3_1808	iML1515.b1832	100	165	0	0	19	183	1	165	3.23e-117	328
NC_000913.3_1811	iAM_Pv461.PVX_001880	29.2	113	74	3	202	312	431	539	3.16e-06	49.3
NC_000913.3_1811	iAM_Pc455.PCYB_061470	27.5	91	65	1	223	312	405	495	1.59e-05	47.0
NC_000913.3_1811	iAM_Pf480.PF3D7_1020400	27.8	90	62	3	223	310	497	585	3.98e-05	45.8
NC_000913.3_1814	iPC815.YPO0490	43.8	64	34	1	20	81	4	67	3.23e-08	52.4
NC_000913.3_1814	iYL1228.KPN_00046	42.2	64	35	1	20	81	4	67	4.25e-08	52.0
NC_000913.3_1814	iJN1463.PP_0399	42.6	61	33	1	23	81	7	67	7.96e-08	51.2
NC_000913.3_1814	iCN718.ABAYE_RS03000	34.8	69	41	1	17	81	4	72	4.68e-07	48.9
NC_000913.3_1814	iML1515.b0049	39.1	64	37	1	20	81	4	67	1.15e-06	47.8
NC_000913.3_1814	iSbBS512_1146.SbBS512_E0043	39.1	64	37	1	20	81	4	67	1.15e-06	47.8
NC_000913.3_1814	iSDY_1059.SDY_0074	39.1	64	37	1	20	81	4	67	1.16e-06	47.8
NC_000913.3_1814	iSF_1195.SF0046	39.1	64	37	1	20	81	4	67	1.15e-06	47.8
NC_000913.3_1814	iSSON_1240.SSON_0057	39.1	64	37	1	20	81	4	67	1.15e-06	47.8
NC_000913.3_1826	iML1515.b1849	100	392	0	0	1	392	1	392	1.21e-282	765
NC_000913.3_1826	iSSON_1240.SSON_1299	100	392	0	0	1	392	1	392	1.21e-282	765
NC_000913.3_1826	iSbBS512_1146.SbBS512_E2124	99.7	392	1	0	1	392	1	392	9.92e-282	763
NC_000913.3_1826	iSDY_1059.SDY_1135	99.2	392	3	0	1	392	1	392	2.33e-280	759
NC_000913.3_1826	iSF_1195.SF1859	98.7	392	5	0	1	392	1	392	3.87e-279	756
NC_000913.3_1827	iML1515.b1850	100	213	0	0	1	213	1	213	1.71e-149	413
NC_000913.3_1827	iSbBS512_1146.SbBS512_E2125	100	213	0	0	1	213	1	213	1.71e-149	413
NC_000913.3_1827	iSF_1195.SF1860	100	213	0	0	1	213	1	213	1.71e-149	413
NC_000913.3_1827	iSSON_1240.SSON_1298	100	213	0	0	1	213	1	213	1.71e-149	413
NC_000913.3_1827	iSDY_1059.SDY_1136	99.5	213	1	0	1	213	1	213	1.41e-148	411
NC_000913.3_1827	STM_v1_0.STM1884	97.2	212	6	0	1	212	1	212	1.30e-144	401
NC_000913.3_1827	iYL1228.KPN_02365	91.1	213	18	1	1	212	1	213	3.00e-134	375
NC_000913.3_1828	iML1515.b1851	100	603	0	0	1	603	1	603	0.0	1199
NC_000913.3_1828	iSF_1195.SF1861	99.8	603	1	0	1	603	1	603	0.0	1197
NC_000913.3_1828	iSbBS512_1146.SbBS512_E2126	99.8	603	1	0	1	603	1	603	0.0	1196
NC_000913.3_1828	iSDY_1059.SDY_1137	99.5	603	3	0	1	603	1	603	0.0	1193
NC_000913.3_1828	iSSON_1240.SSON_1297	99.5	603	3	0	1	603	1	603	0.0	1191
NC_000913.3_1828	STM_v1_0.STM1885	94.0	603	36	0	1	603	1	603	0.0	1142
NC_000913.3_1828	iYL1228.KPN_02366	94.0	599	36	0	5	603	1	599	0.0	1133
NC_000913.3_1829	iML1515.b1852	100	491	0	0	1	491	1	491	0.0	995
NC_000913.3_1829	iSDY_1059.SDY_1138	100	491	0	0	1	491	1	491	0.0	995
NC_000913.3_1829	iSbBS512_1146.SbBS512_E2127	99.8	491	1	0	1	491	1	491	0.0	994
NC_000913.3_1829	iSSON_1240.SSON_1296	99.8	491	1	0	1	491	1	491	0.0	994
NC_000913.3_1829	iSF_1195.SF1862	99.6	491	2	0	1	491	1	491	0.0	992
NC_000913.3_1829	STM_v1_0.STM1886	97.4	491	13	0	1	491	1	491	0.0	972
NC_000913.3_1829	iYL1228.KPN_02367	95.7	491	21	0	1	491	1	491	0.0	959
NC_000913.3_1831	iYS854.USA300HOU_RS01685	24.3	247	165	6	12	251	11	242	1.13e-14	72.0
NC_000913.3_1832	iML1515.b1854	100	480	0	0	1	480	1	480	0.0	911
NC_000913.3_1832	iSbBS512_1146.SbBS512_E2130	100	480	0	0	1	480	1	480	0.0	911
NC_000913.3_1832	iSSON_1240.SSON_1294	100	480	0	0	1	480	1	480	0.0	911
NC_000913.3_1832	iSDY_1059.SDY_1141	99.8	480	1	0	1	480	1	480	0.0	909
NC_000913.3_1832	iSF_1195.SF1864	99.4	480	3	0	1	480	1	480	0.0	904
NC_000913.3_1832	STM_v1_0.STM1888	98.5	480	7	0	1	480	1	480	0.0	898
NC_000913.3_1832	iYL1228.KPN_02369	95.6	480	21	0	1	480	1	480	0.0	884
NC_000913.3_1833	iML1515.b1855	100	323	0	0	1	323	1	323	1.74e-247	670
NC_000913.3_1833	iSSON_1240.SSON_1286	100	323	0	0	1	323	1	323	1.74e-247	670
NC_000913.3_1833	iSDY_1059.SDY_1142	99.4	323	2	0	1	323	1	323	5.82e-246	666
NC_000913.3_1833	iSF_1195.SF1865	99.4	323	2	0	1	323	1	323	1.18e-245	665
NC_000913.3_1833	iSbBS512_1146.SbBS512_E0951	98.8	323	4	0	1	323	1	323	1.95e-244	662
NC_000913.3_1833	STM_v1_0.STM1889	93.2	323	22	0	1	323	1	323	6.44e-234	636
NC_000913.3_1834	iML1515.b1856	100	440	0	0	1	440	1	440	1.13e-318	860
NC_000913.3_1835	iSSON_1240.SSON_1284	99.7	328	1	0	1	328	1	328	1.16e-234	638
NC_000913.3_1835	iSDY_1059.SDY_1144	99.1	328	3	0	1	328	1	328	7.81e-233	634
NC_000913.3_1835	iSF_1195.SF1868	99.1	328	3	0	1	328	25	352	1.91e-232	634
NC_000913.3_1835	iML1515.b1857	100	310	0	0	19	328	1	310	1.31e-222	607
NC_000913.3_1835	iSbBS512_1146.SbBS512_E0953	99.0	310	3	0	19	328	1	310	1.47e-219	599
NC_000913.3_1836	iML1515.b1858	100	251	0	0	1	251	1	251	5.51e-183	501
NC_000913.3_1836	iSSON_1240.SSON_1283	100	251	0	0	1	251	1	251	5.51e-183	501
NC_000913.3_1836	iSbBS512_1146.SbBS512_E0954	99.6	251	1	0	1	251	1	251	3.19e-182	499
NC_000913.3_1836	iSDY_1059.SDY_1145	99.6	251	1	0	1	251	1	251	4.53e-182	499
NC_000913.3_1836	iSF_1195.SF1867	99.6	251	1	0	1	251	1	251	9.15e-182	498
NC_000913.3_1836	iYL1228.KPN_02373	90.4	250	24	0	1	250	1	250	1.04e-164	455
NC_000913.3_1837	iML1515.b1859	100	261	0	0	1	261	1	261	1.67e-173	478
NC_000913.3_1837	iSSON_1240.SSON_1282	99.2	261	2	0	1	261	1	261	1.95e-172	475
NC_000913.3_1837	iSDY_1059.SDY_1146	98.9	261	3	0	1	261	1	261	7.92e-172	474
NC_000913.3_1837	STM_v1_0.STM1893	96.2	261	10	0	1	261	1	261	4.20e-167	462
NC_000913.3_1837	iSF_1195.SF1869	98.8	250	3	0	12	261	4	253	5.81e-163	451
NC_000913.3_1837	iSbBS512_1146.SbBS512_E0955	94.3	261	15	0	1	261	1	261	3.68e-161	447
NC_000913.3_1843	iSF_1195.SF1875	100	160	0	0	10	169	1	160	4.95e-114	320
NC_000913.3_1843	iML1515.b1865	99.3	150	1	0	20	169	1	150	2.98e-106	300
NC_000913.3_1843	iSbBS512_1146.SbBS512_E1107	99.3	150	1	0	20	169	1	150	2.98e-106	300
NC_000913.3_1843	iSDY_1059.SDY_1152	99.3	150	1	0	20	169	1	150	2.98e-106	300
NC_000913.3_1843	iSSON_1240.SSON_1276	98.7	150	2	0	20	169	1	150	4.23e-106	299
NC_000913.3_1844	iSbBS512_1146.SbBS512_E1106	99.8	590	1	0	1	590	1	590	0.0	1162
NC_000913.3_1844	iSSON_1240.SSON_1275	99.7	590	2	0	1	590	1	590	0.0	1161
NC_000913.3_1844	iSDY_1059.SDY_1153	99.7	590	2	0	1	590	1	590	0.0	1159
NC_000913.3_1844	iSF_1195.SF1876	99.5	590	3	0	1	590	1	590	0.0	1158
NC_000913.3_1844	STM_v1_0.STM1901	94.4	590	33	0	1	590	1	590	0.0	1112
NC_000913.3_1844	iYL1228.KPN_02380	93.9	586	36	0	1	586	1	586	0.0	1097
NC_000913.3_1845	iSSON_1240.SSON_1030	29.8	181	104	5	5	162	28	208	1.21e-12	63.9
NC_000913.3_1845	iML1515.b1011	29.8	178	102	5	5	159	14	191	3.74e-12	62.4
NC_000913.3_1845	iSF_1195.SF1014	29.3	181	105	5	5	162	28	208	2.95e-11	60.1
NC_000913.3_1845	iYS854.USA300HOU_RS14375	27.6	196	118	4	6	188	2	186	1.46e-11	60.1
NC_000913.3_1845	iYL1228.KPN_00613	27.5	178	125	3	10	185	32	207	5.41e-11	59.7
NC_000913.3_1848	iML1515.b1870	100	247	0	0	1	247	1	247	4.73e-182	498
NC_000913.3_1850	iML1515.b1872	100	809	0	0	1	809	1	809	0.0	1647
NC_000913.3_1850	iSF_1195.SF1913	98.6	809	11	0	1	809	1	809	0.0	1625
NC_000913.3_1850	iSbBS512_1146.SbBS512_E2165	98.3	809	14	0	1	809	7	815	0.0	1621
NC_000913.3_1850	iSDY_1059.SDY_1171	95.1	809	11	1	1	809	7	786	0.0	1551
NC_000913.3_1850	iSSON_1240.SSON_1248	98.4	763	12	0	47	809	1	763	0.0	1536
NC_000913.3_1851	iML1515.b1873	100	366	0	0	1	366	1	366	6.80e-269	728
NC_000913.3_1851	iSSON_1240.SSON_1245	98.1	366	7	0	1	366	1	366	5.99e-263	713
NC_000913.3_1851	iSF_1195.SF1914	98.1	366	7	0	1	366	1	366	1.72e-262	712
NC_000913.3_1851	iSbBS512_1146.SbBS512_E2166	97.5	366	9	0	1	366	1	366	2.85e-261	709
NC_000913.3_1854	iSbBS512_1146.SbBS512_E2169	99.7	577	2	0	1	577	1	577	0.0	1134
NC_000913.3_1854	iSDY_1059.SDY_1180	99.7	577	2	0	1	577	1	577	0.0	1132
NC_000913.3_1854	iSF_1195.SF1917	99.3	577	4	0	1	577	1	577	0.0	1130
NC_000913.3_1854	iSSON_1240.SSON_1242	99.1	578	4	1	1	577	1	578	0.0	1125
NC_000913.3_1854	STM_v1_0.STM1909	95.8	577	24	0	1	577	1	577	0.0	1093
NC_000913.3_1854	iYL1228.KPN_02388	92.2	577	45	0	1	577	1	577	0.0	1056
NC_000913.3_1860	iAF987.Gmet_1914	34.2	120	76	2	7	126	3	119	1.63e-13	65.5
NC_000913.3_1860	iAF987.Gmet_1706	28.7	115	79	2	6	120	1	112	2.00e-11	59.3
NC_000913.3_1861	iAF987.Gmet_0069	38.0	108	58	4	6	108	5	108	6.57e-08	53.1
NC_000913.3_1861	iAF987.Gmet_2999	30.2	106	67	3	6	108	10	111	1.36e-06	49.3
NC_000913.3_1872	STM_v1_0.STM0861	40.3	67	40	0	1	67	1	67	6.08e-14	63.9
NC_000913.3_1874	iML1515.b1896	100	474	0	0	1	474	1	474	0.0	965
NC_000913.3_1874	iSDY_1059.SDY_1193	100	474	0	0	1	474	1	474	0.0	965
NC_000913.3_1874	iSSON_1240.SSON_1221	100	474	0	0	1	474	1	474	0.0	965
NC_000913.3_1875	iML1515.b1897	100	266	0	0	1	266	1	266	6.47e-194	530
NC_000913.3_1875	iSSON_1240.SSON_1220	100	266	0	0	1	266	1	266	6.47e-194	530
NC_000913.3_1875	iSF_1195.SF1944	99.6	266	1	0	1	266	1	266	3.74e-193	528
NC_000913.3_1875	iSbBS512_1146.SbBS512_E1022	99.2	266	1	1	1	266	1	265	2.34e-189	518
NC_000913.3_1876	iML1515.b4460	100	328	0	0	1	328	1	328	6.74e-218	596
NC_000913.3_1876	iSbBS512_1146.SbBS512_E1023	99.7	328	1	0	1	328	1	328	3.89e-217	594
NC_000913.3_1876	iSSON_1240.SSON_1219	99.4	328	2	0	1	328	2	329	3.32e-216	592
NC_000913.3_1876	iSDY_1059.SDY_1122	99.4	328	2	0	1	328	2	329	9.50e-216	590
NC_000913.3_1876	iPC815.YPO2257	88.3	316	37	0	13	328	34	349	1.03e-194	538
NC_000913.3_1877	iML1515.b1900	100	504	0	0	1	504	1	504	0.0	986
NC_000913.3_1877	iSDY_1059.SDY_1121	99.8	504	1	0	1	504	1	504	0.0	985
NC_000913.3_1877	iSSON_1240.SSON_1218	99.4	504	3	0	1	504	1	504	0.0	979
NC_000913.3_1877	iSbBS512_1146.SbBS512_E1024	99.4	504	3	0	1	504	1	504	0.0	978
NC_000913.3_1878	iML1515.b1901	100	329	0	0	1	329	1	329	3.34e-239	650
NC_000913.3_1878	iSSON_1240.SSON_1217	99.7	329	1	0	1	329	1	329	9.58e-239	649
NC_000913.3_1878	iSbBS512_1146.SbBS512_E1025	99.4	329	2	0	1	329	1	329	5.54e-238	647
NC_000913.3_1878	iSDY_1059.SDY_1120	99.1	329	3	0	1	329	1	329	1.85e-236	643
NC_000913.3_1879	iYS854.USA300HOU_RS10275	25.0	136	102	0	1	136	1	136	1.30e-11	59.3
NC_000913.3_1882	iYS854.USA300HOU_RS10275	35.4	158	102	0	1	158	1	158	3.03e-32	112
NC_000913.3_1884	iML1515.b1907	100	403	0	0	1	403	1	403	4.05e-282	764
NC_000913.3_1884	iSF_1195.SF1953	100	403	0	0	1	403	1	403	4.05e-282	764
NC_000913.3_1884	iSSON_1240.SSON_1211	99.3	403	3	0	1	403	1	403	1.35e-280	761
NC_000913.3_1884	iSDY_1059.SDY_1111	99.3	403	3	0	1	403	1	403	1.11e-279	758
NC_000913.3_1884	iSbBS512_1146.SbBS512_E1034	99.3	403	3	0	1	403	1	403	4.52e-279	757
NC_000913.3_1884	STM_v1_0.STM1937	88.8	403	45	0	1	403	1	403	5.95e-252	688
NC_000913.3_1886	iML1515.b1912	100	182	0	0	1	182	1	182	7.21e-129	358
NC_000913.3_1886	iSbBS512_1146.SbBS512_E1039	100	182	0	0	1	182	1	182	7.21e-129	358
NC_000913.3_1886	iSDY_1059.SDY_1106	100	182	0	0	1	182	1	182	7.21e-129	358
NC_000913.3_1886	iSSON_1240.SSON_1206	100	182	0	0	1	182	1	182	7.21e-129	358
NC_000913.3_1886	iSF_1195.SF1955	99.5	182	1	0	1	182	1	182	2.94e-128	357
NC_000913.3_1886	STM_v1_0.STM1945	94.5	182	10	0	1	182	1	182	1.57e-123	345
NC_000913.3_1886	iYL1228.KPN_02410	90.1	182	18	0	1	182	1	182	4.62e-116	326
NC_000913.3_1888	iAF987.Gmet_1919	24.3	140	104	2	4	143	5	142	2.46e-06	47.0
NC_000913.3_1888	iJN1463.PP_1494	30.6	124	81	3	4	125	20	140	2.56e-05	43.9
NC_000913.3_1891	iML1515.b1917	100	250	0	0	1	250	1	250	3.04e-175	481
NC_000913.3_1892	iML1515.b1918	100	222	0	0	1	222	1	222	6.15e-152	420
NC_000913.3_1893	iML1515.b1919	100	328	0	0	1	328	1	328	9.92e-236	641
NC_000913.3_1893	iSF_1195.SF1962	99.7	328	1	0	1	328	33	360	1.33e-234	639
NC_000913.3_1893	iSbBS512_1146.SbBS512_E1047	99.7	328	1	0	1	328	1	328	5.74e-235	639
NC_000913.3_1893	iSDY_1059.SDY_1098	99.7	328	1	0	1	328	33	360	2.69e-234	639
NC_000913.3_1893	iSSON_1240.SSON_1199	98.5	328	5	0	1	328	1	328	9.11e-232	631
NC_000913.3_1893	iYL1228.KPN_02417	89.3	328	35	0	1	328	1	328	8.38e-212	580
NC_000913.3_1894	iML1515.b1920	100	266	0	0	20	285	1	266	9.02e-190	520
NC_000913.3_1894	STM_v1_0.STM1954	92.1	266	21	0	20	285	1	266	7.77e-175	483
NC_000913.3_1901	iML1515.b1927	100	495	0	0	1	495	1	495	0.0	1046
NC_000913.3_1901	iSSON_1240.SSON_1983	99.6	495	2	0	1	495	1	495	0.0	1043
NC_000913.3_1901	iSDY_1059.SDY_1088	99.4	495	3	0	1	495	1	495	0.0	1041
NC_000913.3_1901	iSbBS512_1146.SbBS512_E1057	99.0	495	5	0	1	495	1	495	0.0	1039
NC_000913.3_1901	iSF_1195.SF1970	99.0	495	5	0	1	495	1	495	0.0	1035
NC_000913.3_1903	iYS854.USA300HOU_RS11010	35.9	92	57	1	235	324	1	92	5.18e-12	66.2
NC_000913.3_1913	iCN900.CD630_02510	46.0	441	225	4	13	453	11	438	9.29e-121	359
NC_000913.3_1927	iSDY_1059.SDY_1050	99.3	557	4	0	7	563	1	557	0.0	1099
NC_000913.3_1927	iSbBS512_1146.SbBS512_E1077	98.6	558	8	0	7	564	1	558	0.0	1088
NC_000913.3_1930	iYL1228.KPN_01622	27.7	271	164	8	18	269	14	271	3.65e-14	71.2
NC_000913.3_1932	iYL1228.KPN_02428	76.9	471	109	0	2	472	7	477	7.56e-268	734
NC_000913.3_1935	iSF_1195.SF1823	78.3	161	35	0	1	161	1	161	2.11e-88	259
NC_000913.3_1935	iML1515.b1377	77.6	161	36	0	1	161	1	161	1.95e-86	257
NC_000913.3_1935	iSbBS512_1146.SbBS512_E1614	77.6	161	36	0	1	161	1	161	1.95e-86	257
NC_000913.3_1935	iSSON_1240.SSON_1748	77.6	161	36	0	1	161	1	161	1.95e-86	257
NC_000913.3_1935	STM_v1_0.STM1473	76.4	161	38	0	1	161	1	161	3.92e-86	256
NC_000913.3_1935	iYL1228.KPN_02636	74.5	161	40	1	1	161	1	160	9.97e-82	245
NC_000913.3_1935	iYL1228.KPN_01445	73.3	161	43	0	1	161	1	161	2.31e-81	244
NC_000913.3_1935	iSbBS512_1146.SbBS512_E0724	73.3	161	42	1	1	161	1	160	4.78e-79	238
NC_000913.3_1935	iSDY_1059.SDY_0861	73.9	161	40	2	1	161	1	159	1.32e-78	237
NC_000913.3_1935	iYL1228.KPN_02430	70.2	161	48	0	1	161	1	161	6.27e-78	236
NC_000913.3_1935	iSSON_1240.SSON_2273	72.7	161	43	1	1	161	1	160	4.32e-78	236
NC_000913.3_1935	STM_v1_0.STM2267	73.3	161	41	2	1	161	1	159	1.15e-77	235
NC_000913.3_1937	iYL1228.KPN_01445	72.9	129	25	3	1	129	266	384	2.95e-57	181
NC_000913.3_1937	iSSON_1240.SSON_1748	70.0	130	29	3	1	129	257	377	5.54e-56	178
NC_000913.3_1937	iML1515.b1377	70.0	130	29	3	1	129	257	377	4.37e-55	176
NC_000913.3_1937	STM_v1_0.STM1473	69.0	129	29	3	1	129	260	377	4.37e-55	176
NC_000913.3_1937	iSbBS512_1146.SbBS512_E1614	69.2	130	30	3	1	129	257	377	6.17e-55	175
NC_000913.3_1937	iYL1228.KPN_02430	70.5	132	23	3	1	129	263	381	2.98e-53	171
NC_000913.3_1938	iML1515.b1967	100	283	0	0	1	283	1	283	3.81e-215	585
NC_000913.3_1939	iAF987.Gmet_0043	20.5	258	189	7	207	450	12	267	6.29e-09	57.8
NC_000913.3_1940	iAF987.Gmet_0069	32.3	167	92	6	40	191	5	165	1.77e-18	82.8
NC_000913.3_1940	iAF987.Gmet_1914	34.6	130	84	1	39	167	3	132	4.43e-18	82.8
NC_000913.3_1941	iCHOv1.100771073	37.6	117	71	1	23	137	25	141	4.59e-21	82.4
NC_000913.3_1941	iJN1463.PP_4285	37.7	114	66	2	29	137	4	117	2.23e-19	77.4
NC_000913.3_1944	iYS854.USA300HOU_RS13005	47.1	187	97	2	31	216	331	516	4.63e-55	182
NC_000913.3_1950	iML1515.b1981	100	438	0	0	1	438	1	438	3.33e-317	856
NC_000913.3_1950	iSDY_1059.SDY_2254	98.6	438	6	0	1	438	1	438	5.05e-312	843
NC_000913.3_1951	iML1515.b1982	100	484	0	0	1	484	1	484	0.0	988
NC_000913.3_1951	iSSON_1240.SSON_2047	99.6	484	2	0	1	484	1	484	0.0	983
NC_000913.3_1951	iSF_1195.SF2053	99.2	484	4	0	1	484	1	484	0.0	980
NC_000913.3_1951	iSDY_1059.SDY_2253	98.8	484	6	0	1	484	1	484	0.0	975
NC_000913.3_1951	STM_v1_0.STM2009	90.5	484	46	0	1	484	1	484	0.0	902
NC_000913.3_1953	iML1515.b1985	99.8	484	1	0	1	484	12	495	0.0	947
NC_000913.3_1956	iML1515.b1990	100	310	0	0	2	311	1	310	3.19e-230	625
NC_000913.3_1957	iML1515.b1991	100	359	0	0	1	359	1	359	2.93e-255	693
NC_000913.3_1957	iSF_1195.SF2059	96.9	359	11	0	1	359	1	359	2.11e-248	676
NC_000913.3_1957	iSbBS512_1146.SbBS512_E0967	96.7	361	10	1	1	359	1	361	3.77e-247	672
NC_000913.3_1957	iSDY_1059.SDY_2242	96.7	359	12	0	1	359	1	359	1.00e-246	671
NC_000913.3_1957	iSSON_1240.SSON_2052	96.1	359	14	0	1	359	1	359	2.36e-245	668
NC_000913.3_1958	iML1515.b1992	100	247	0	0	1	247	1	247	7.12e-168	462
NC_000913.3_1958	iSbBS512_1146.SbBS512_E0966	98.8	247	3	0	1	247	1	247	6.83e-166	457
NC_000913.3_1958	iSSON_1240.SSON_2053	98.8	247	3	0	1	247	1	247	6.83e-166	457
NC_000913.3_1958	iSDY_1059.SDY_2241	98.4	247	4	0	1	247	1	247	5.61e-165	455
NC_000913.3_1958	iSF_1195.SF2060	98.4	247	4	0	1	247	1	247	9.29e-164	452
NC_000913.3_1959	iML1515.b1993	100	180	0	0	1	180	2	181	3.18e-129	359
NC_000913.3_1959	iSDY_1059.SDY_2240	98.3	180	3	0	1	180	2	181	6.16e-127	353
NC_000913.3_1959	iSSON_1240.SSON_2054	97.8	180	4	0	1	180	2	181	3.56e-126	352
NC_000913.3_1961	iYL1228.KPN_02593	45.1	71	38	1	37	107	10	79	1.41e-09	54.3
NC_000913.3_1975	iML1515.b2010	100	388	0	0	1	388	1	388	3.13e-292	789
NC_000913.3_1975	iSSON_1240.SSON_2080	99.2	388	3	0	1	388	3	390	1.60e-290	785
NC_000913.3_1975	iSDY_1059.SDY_2233	98.4	378	6	0	11	388	1	378	1.73e-282	764
NC_000913.3_1978	iYS854.USA300HOU_RS11010	57.1	333	141	1	1	331	1	333	1.68e-134	385
NC_000913.3_1979	iML1515.b2014	100	452	0	0	1	452	1	452	0.0	871
NC_000913.3_1981	iYO844.BSU30870	27.7	166	97	5	62	204	67	232	3.81e-08	53.1
NC_000913.3_1981	iAF692.Mbar_A0231	24.6	236	149	9	57	265	60	293	5.38e-07	49.7
NC_000913.3_1984	iML1515.b2019	100	299	0	0	1	299	1	299	1.27e-212	580
NC_000913.3_1984	iSbBS512_1146.SbBS512_E1213	100	299	0	0	1	299	1	299	1.27e-212	580
NC_000913.3_1984	iSSON_1240.SSON_2090	100	299	0	0	1	299	1	299	1.27e-212	580
NC_000913.3_1984	iSDY_1059.SDY_2222	99.7	299	1	0	1	299	1	299	1.80e-212	580
NC_000913.3_1984	iSF_1195.SF2081	99.7	299	1	0	1	299	1	299	2.98e-211	577
NC_000913.3_1984	STM_v1_0.STM2071	95.7	299	13	0	1	299	1	299	2.16e-204	559
NC_000913.3_1984	iYL1228.KPN_02475	94.0	299	18	0	1	299	1	299	2.94e-202	554
NC_000913.3_1985	iML1515.b2020	100	434	0	0	1	434	1	434	4.93e-301	815
NC_000913.3_1985	iSbBS512_1146.SbBS512_E1212	99.5	434	2	0	1	434	1	434	1.65e-299	811
NC_000913.3_1985	iSDY_1059.SDY_2221	98.6	434	6	0	1	434	1	434	2.61e-296	803
NC_000913.3_1985	iSSON_1240.SSON_2091	97.9	434	9	0	1	434	1	434	4.32e-295	800
NC_000913.3_1985	iSF_1195.SF2082	97.7	434	10	0	1	434	1	434	4.14e-293	795
NC_000913.3_1985	STM_v1_0.STM2072	92.2	434	34	0	1	434	1	434	3.03e-279	760
NC_000913.3_1986	iML1515.b2021	100	356	0	0	1	356	1	356	1.78e-259	703
NC_000913.3_1986	iSbBS512_1146.SbBS512_E1211	99.4	356	2	0	1	356	1	356	2.07e-258	701
NC_000913.3_1986	iSDY_1059.SDY_2220	99.2	356	3	0	1	356	1	356	1.99e-256	696
NC_000913.3_1986	iSSON_1240.SSON_2092	98.9	356	4	0	1	356	1	356	1.99e-256	696
NC_000913.3_1986	iSF_1195.SF2083	98.6	356	5	0	1	356	1	356	5.69e-256	694
NC_000913.3_1986	STM_v1_0.STM2073	89.0	355	39	0	2	356	5	359	4.61e-233	637
NC_000913.3_1987	iML1515.b2022	100	355	0	0	1	355	1	355	1.66e-268	726
NC_000913.3_1987	iSbBS512_1146.SbBS512_E1210	99.7	355	1	0	1	355	1	355	9.63e-268	724
NC_000913.3_1987	iSF_1195.SF2084	99.2	355	3	0	1	355	1	355	3.22e-266	720
NC_000913.3_1987	iSSON_1240.SSON_2093	98.9	355	4	0	1	355	2	356	6.75e-266	719
NC_000913.3_1987	iSDY_1059.SDY_2219	98.0	355	7	0	1	355	2	356	2.64e-263	713
NC_000913.3_1987	STM_v1_0.STM2074	96.1	355	14	0	1	355	1	355	6.41e-257	697
NC_000913.3_1988	iML1515.b2023	100	196	0	0	1	196	1	196	1.82e-147	407
NC_000913.3_1988	iSbBS512_1146.SbBS512_E1209	100	196	0	0	1	196	1	196	1.82e-147	407
NC_000913.3_1988	iSDY_1059.SDY_2218	100	196	0	0	1	196	1	196	1.82e-147	407
NC_000913.3_1988	iSSON_1240.SSON_2094	100	196	0	0	1	196	1	196	1.82e-147	407
NC_000913.3_1988	iSF_1195.SF2085	99.5	196	1	0	1	196	1	196	2.58e-147	406
NC_000913.3_1988	STM_v1_0.STM2075	90.8	196	18	0	1	196	2	197	4.24e-135	375
NC_000913.3_1989	iML1515.b2024	100	245	0	0	1	245	1	245	1.70e-174	479
NC_000913.3_1989	iSDY_1059.SDY_2217	98.8	245	3	0	1	245	2	246	3.42e-172	473
NC_000913.3_1989	iSF_1195.SF2086	98.8	245	3	0	1	245	1	245	3.29e-172	473
NC_000913.3_1989	iSbBS512_1146.SbBS512_E1208	98.8	245	3	0	1	245	1	245	9.44e-172	472
NC_000913.3_1989	iSSON_1240.SSON_2095	98.4	245	4	0	1	245	2	246	2.81e-171	471
NC_000913.3_1989	STM_v1_0.STM2076	94.3	244	14	0	1	244	1	244	4.81e-165	455
NC_000913.3_1990	iML1515.b2025	100	258	0	0	1	258	1	258	1.85e-189	518
NC_000913.3_1990	iSDY_1059.SDY_2216	99.6	258	1	0	1	258	1	258	2.63e-189	518
NC_000913.3_1990	iSSON_1240.SSON_2096	99.6	258	1	0	1	258	1	258	7.55e-189	516
NC_000913.3_1990	iSbBS512_1146.SbBS512_E1207	99.2	258	2	0	1	258	1	258	2.16e-188	515
NC_000913.3_1990	iSF_1195.SF2087	98.8	258	3	0	1	258	1	258	3.59e-187	512
NC_000913.3_1990	iYL1228.KPN_02481	96.5	258	9	0	1	258	1	258	4.02e-184	504
NC_000913.3_1990	STM_v1_0.STM2077	94.6	258	14	0	1	258	1	258	3.70e-180	494
NC_000913.3_1991	iML1515.b2026	100	203	0	0	1	203	1	203	7.64e-148	408
NC_000913.3_1991	iSSON_1240.SSON_2097	98.5	203	3	0	1	203	1	203	5.17e-146	404
NC_000913.3_1991	iSDY_1059.SDY_2215	97.5	203	5	0	1	203	1	203	6.03e-145	401
NC_000913.3_1991	iSbBS512_1146.SbBS512_E1206	97.0	203	6	0	1	203	1	203	1.73e-144	400
NC_000913.3_1991	iSF_1195.SF2088	97.0	203	6	0	1	203	1	203	4.08e-143	396
NC_000913.3_1991	STM_v1_0.STM2078	92.1	203	16	0	1	203	1	203	5.12e-137	381
NC_000913.3_1992	iML1515.b2027	100	326	0	0	1	326	1	326	9.34e-224	610
NC_000913.3_1993	iML1515.b2028	100	388	0	0	1	388	1	388	1.99e-279	756
NC_000913.3_1993	iSSON_1240.SSON_2099	99.0	388	4	0	1	388	1	388	2.23e-276	749
NC_000913.3_1993	iSDY_1059.SDY_2213	98.7	388	5	0	1	388	1	388	6.38e-276	748
NC_000913.3_1994	iML1515.b2029	100	468	0	0	1	468	1	468	0.0	921
NC_000913.3_1994	iSbBS512_1146.SbBS512_E1202	99.4	468	3	0	1	468	1	468	0.0	916
NC_000913.3_1994	iSDY_1059.SDY_2212	99.4	468	3	0	1	468	1	468	0.0	916
NC_000913.3_1994	iSSON_1240.SSON_2100	99.4	468	3	0	1	468	1	468	0.0	915
NC_000913.3_1994	iSF_1195.SF2091	98.9	468	5	0	1	468	1	468	0.0	911
NC_000913.3_1994	STM_v1_0.STM2081	96.6	468	16	0	1	468	1	468	0.0	895
NC_000913.3_1994	iYL1228.KPN_02499	93.8	468	29	0	1	468	1	468	0.0	872
NC_000913.3_1995	iEK1008.Rv3265c	43.2	74	42	0	1	74	182	255	9.25e-10	53.1
NC_000913.3_1998	iML1515.b2032	100	372	0	0	1	372	1	372	3.16e-277	749
NC_000913.3_1999	iML1515.b2033	100	196	0	0	1	196	1	196	2.29e-141	391
NC_000913.3_2000	iML1515.b2034	100	330	0	0	1	330	1	330	4.45e-249	675
NC_000913.3_2001	iML1515.b2035	100	388	0	0	1	388	1	388	1.26e-266	724
NC_000913.3_2002	iML1515.b2036	100	367	0	0	1	367	1	367	2.32e-281	759
NC_000913.3_2003	iML1515.b2037	100	415	0	0	1	415	1	415	5.11e-282	765
NC_000913.3_2004	iML1515.b2038	100	185	0	0	1	185	1	185	7.79e-139	384
NC_000913.3_2005	iML1515.b2039	100	293	0	0	1	293	1	293	7.11e-216	588
NC_000913.3_2005	iSDY_1059.SDY_2206	94.5	290	16	0	1	290	1	290	1.71e-200	549
NC_000913.3_2005	iSbBS512_1146.SbBS512_E1194	94.8	288	15	0	1	288	1	288	3.44e-200	548
NC_000913.3_2005	iSF_1195.SF2102	93.8	290	18	0	1	290	1	290	1.99e-199	546
NC_000913.3_2005	STM_v1_0.STM2095	92.8	290	21	0	1	290	1	290	1.34e-197	541
NC_000913.3_2006	iML1515.b2040	100	299	0	0	1	299	1	299	1.10e-222	605
NC_000913.3_2006	iSbBS512_1146.SbBS512_E1193	99.0	299	3	0	1	299	1	299	1.50e-220	600
NC_000913.3_2006	iSDY_1059.SDY_2205	96.0	299	12	0	1	299	1	299	1.88e-214	585
NC_000913.3_2006	iSF_1195.SF2103	95.0	299	15	0	1	299	1	299	1.80e-212	580
NC_000913.3_2007	iML1515.b2041	100	361	0	0	1	361	1	361	1.05e-274	742
NC_000913.3_2007	iSbBS512_1146.SbBS512_E1192	97.5	361	9	0	1	361	1	361	3.63e-266	721
NC_000913.3_2007	iSDY_1059.SDY_2204	97.2	361	10	0	1	361	1	361	3.63e-266	721
NC_000913.3_2007	iSF_1195.SF2104	95.0	361	18	0	1	361	1	361	1.93e-261	709
NC_000913.3_2008	STM_v1_0.STM2098	93.6	297	19	0	1	297	1	297	3.57e-202	553
NC_000913.3_2010	iEK1008.Rv2188c	25.2	301	201	6	120	404	87	379	2.56e-15	76.6
NC_000913.3_2010	iYS854.USA300HOU_RS02965	32.9	143	87	3	223	364	322	456	1.63e-13	71.6
NC_000913.3_2010	iLB1027_lipid.PHATRDRAFT_50356	28.6	203	120	5	174	367	219	405	2.22e-13	71.2
NC_000913.3_2011	iSF_1195.SF2108	98.1	426	8	0	1	426	1	426	3.00e-307	830
NC_000913.3_2011	iSbBS512_1146.SbBS512_E1187	98.1	426	8	0	1	426	1	426	1.22e-306	828
NC_000913.3_2012	iYO844.BSU35600	29.3	444	298	4	2	441	3	434	5.06e-68	225
NC_000913.3_2013	iML1515.b2047	100	464	0	0	1	464	1	464	0.0	932
NC_000913.3_2014	iML1515.b2048	100	456	0	0	1	456	1	456	0.0	924
NC_000913.3_2014	iSbBS512_1146.SbBS512_E1184	99.1	456	4	0	1	456	1	456	0.0	918
NC_000913.3_2014	iSF_1195.SF2111	99.1	456	4	0	1	456	1	456	0.0	916
NC_000913.3_2014	iSSON_1240.SSON_2101	98.0	456	9	0	1	456	1	456	0.0	909
NC_000913.3_2014	STM_v1_0.STM2104	89.5	456	48	0	1	456	1	456	1.19e-310	841
NC_000913.3_2015	iML1515.b2049	100	478	0	0	1	478	1	478	0.0	956
NC_000913.3_2015	iSbBS512_1146.SbBS512_E1183	99.4	478	3	0	1	478	1	478	0.0	951
NC_000913.3_2015	iSSON_1240.SSON_2102	99.4	478	3	0	1	478	1	478	0.0	949
NC_000913.3_2015	iSF_1195.SF2112	99.2	478	4	0	1	478	1	478	0.0	947
NC_000913.3_2016	STM_v1_0.STM3714	20.1	214	129	5	219	407	181	377	9.35e-04	40.8
NC_000913.3_2017	iML1515.b2051	100	159	0	0	2	160	1	159	4.19e-117	327
NC_000913.3_2017	iSSON_1240.SSON_2104	96.3	160	6	0	1	160	1	160	6.92e-114	319
NC_000913.3_2017	iSF_1195.SF2114	96.9	159	5	0	2	160	1	159	1.35e-113	318
NC_000913.3_2017	iSbBS512_1146.SbBS512_E1181	95.6	159	7	0	2	160	1	159	3.18e-112	315
NC_000913.3_2018	iML1515.b2052	100	321	0	0	1	321	1	321	2.18e-240	652
NC_000913.3_2018	iSSON_1240.SSON_2105	99.7	321	1	0	1	321	1	321	3.10e-240	652
NC_000913.3_2018	iSbBS512_1146.SbBS512_E1180	99.4	321	2	0	1	321	1	321	2.54e-239	649
NC_000913.3_2018	iSF_1195.SF2115	98.4	321	5	0	1	321	1	321	8.84e-238	645
NC_000913.3_2018	STM_v1_0.STM2108	90.7	321	30	0	1	321	1	321	1.12e-217	595
NC_000913.3_2019	iML1515.b2053	100	373	0	0	1	373	1	373	1.69e-277	750
NC_000913.3_2019	iSbBS512_1146.SbBS512_E1179	100	373	0	0	1	373	1	373	1.69e-277	750
NC_000913.3_2019	iSF_1195.SF2116	100	373	0	0	1	373	1	373	1.69e-277	750
NC_000913.3_2019	iSSON_1240.SSON_2106	100	373	0	0	1	373	1	373	1.69e-277	750
NC_000913.3_2019	STM_v1_0.STM2109	96.2	373	14	0	1	373	1	373	2.03e-269	730
NC_000913.3_2020	iYO844.BSU40850	30.5	141	89	2	43	177	46	183	1.33e-19	81.3
NC_000913.3_2021	iEK1008.Rv2957	25.0	196	126	8	21	203	40	227	6.01e-08	52.0
NC_000913.3_2024	iJN1463.PP_3136	33.5	161	97	4	4	159	8	163	2.37e-19	79.7
NC_000913.3_2024	iYO844.BSU00930	36.5	148	87	4	17	160	26	170	4.23e-18	77.4
NC_000913.3_2024	iHN637.CLJU_RS19350	35.9	145	77	4	18	158	38	170	8.04e-18	76.3
NC_000913.3_2024	iAF987.Gmet_0870	39.0	123	71	2	40	158	45	167	1.85e-17	75.9
NC_000913.3_2024	iAF692.Mbar_A2421	37.0	135	80	3	28	158	32	165	7.67e-17	75.5
NC_000913.3_2024	iIT341.HP1210	39.0	141	76	3	18	157	34	165	2.59e-17	74.3
NC_000913.3_2024	iJN1463.PP_0840	37.2	129	71	3	37	158	42	167	2.26e-16	73.6
NC_000913.3_2025	iYO844.BSU35550	42.6	101	54	2	5	103	6	104	2.96e-19	84.3
NC_000913.3_2026	STM_v1_0.STM3919	43.4	53	30	0	9	61	8	60	1.53e-04	44.3
NC_000913.3_2027	iMM1415.11431	33.6	137	78	4	4	128	8	143	8.71e-14	64.3
NC_000913.3_2031	iML1515.b2065	100	193	0	0	1	193	1	193	1.28e-141	392
NC_000913.3_2031	iSbBS512_1146.SbBS512_E1167	99.5	193	1	0	1	193	1	193	5.22e-141	390
NC_000913.3_2031	iSF_1195.SF2129	99.5	193	1	0	1	193	1	193	5.22e-141	390
NC_000913.3_2031	iSSON_1240.SSON_2118	99.5	193	1	0	1	193	1	193	5.22e-141	390
NC_000913.3_2031	iSDY_1059.SDY_2197	99.0	193	2	0	1	193	1	193	4.29e-140	388
NC_000913.3_2031	STM_v1_0.STM2121	95.9	193	8	0	1	193	1	193	5.62e-136	377
NC_000913.3_2031	iYL1228.KPN_02518	94.8	193	10	0	1	193	1	193	1.09e-133	372
NC_000913.3_2031	iPC815.YPO1525	90.7	193	18	0	1	193	1	193	1.37e-127	356
NC_000913.3_2032	iML1515.b2066	100	213	0	0	1	213	1	213	1.53e-152	421
NC_000913.3_2032	iSbBS512_1146.SbBS512_E1166	100	213	0	0	1	213	1	213	1.53e-152	421
NC_000913.3_2032	iSDY_1059.SDY_2196	100	213	0	0	1	213	19	231	2.92e-152	421
NC_000913.3_2032	iSF_1195.SF2130	100	213	0	0	1	213	1	213	1.53e-152	421
NC_000913.3_2032	iSSON_1240.SSON_2119	100	213	0	0	1	213	19	231	2.92e-152	421
NC_000913.3_2032	STM_v1_0.STM2122	95.8	213	9	0	1	213	1	213	1.92e-146	405
NC_000913.3_2032	iYL1228.KPN_02519	92.0	213	17	0	1	213	1	213	2.40e-140	390
NC_000913.3_2032	iPC815.YPO1524	91.1	213	19	0	1	213	1	213	9.79e-140	389
NC_000913.3_2033	iJN1463.PP_1761	32.1	557	361	8	549	1091	262	815	1.80e-69	249
NC_000913.3_2035	STM_v1_0.STM0659	24.1	224	122	5	3	226	8	183	3.76e-06	48.9
NC_000913.3_2035	iML1515.b0650	24.1	224	122	5	3	226	8	183	3.48e-05	45.8
NC_000913.3_2035	iSbBS512_1146.SbBS512_E0599	24.1	224	122	5	3	226	8	183	3.48e-05	45.8
NC_000913.3_2035	iSSON_1240.SSON_0604	24.1	224	122	5	3	226	8	183	3.48e-05	45.8
NC_000913.3_2041	iSSON_1240.SSON_0450	30.2	321	215	3	80	392	58	377	2.21e-37	139
NC_000913.3_2041	iML1515.b0463	29.9	321	216	3	80	392	58	377	5.87e-37	138
NC_000913.3_2041	iJN1463.PP_3425	28.6	346	238	4	58	397	33	375	1.08e-36	138
NC_000913.3_2041	iSDY_1059.SDY_0456	29.9	321	216	3	80	392	58	377	2.16e-36	137
NC_000913.3_2041	iSF_1195.SF0408	29.6	321	217	3	80	392	58	377	1.51e-35	134
NC_000913.3_2041	STM_v1_0.STM3390	28.7	327	225	3	80	398	57	383	2.35e-35	134
NC_000913.3_2041	iML1515.b3265	28.9	329	221	3	80	398	57	382	6.21e-35	132
NC_000913.3_2041	iSbBS512_1146.SbBS512_E3648	28.6	329	222	3	80	398	57	382	1.64e-34	131
NC_000913.3_2041	iYL1228.KPN_03672	28.1	320	227	2	80	396	56	375	5.40e-34	130
NC_000913.3_2041	iPC815.YPO3132	29.1	330	222	6	80	400	59	385	1.35e-33	129
NC_000913.3_2041	iJN1463.PP_1386	29.4	330	207	5	80	399	55	368	2.96e-33	128
NC_000913.3_2042	iJN1463.PP_3426	30.3	1059	696	14	13	1038	4	1053	1.65e-123	403
NC_000913.3_2042	iSSON_1240.SSON_2550	29.8	1042	680	21	16	1024	5	1028	3.84e-116	382
NC_000913.3_2042	iML1515.b2470	29.7	1040	684	20	16	1024	5	1028	1.03e-115	381
NC_000913.3_2042	iSDY_1059.SDY_2654	29.9	1042	679	21	16	1024	5	1028	5.27e-115	379
NC_000913.3_2042	iSF_1195.SF2512	29.6	1040	685	20	16	1024	5	1028	1.01e-114	379
NC_000913.3_2043	iJN1463.PP_3426	30.0	1055	695	17	1	1018	1	1048	8.59e-121	395
NC_000913.3_2043	iSF_1195.SF2512	28.7	1057	685	23	7	1020	5	1035	1.37e-111	370
NC_000913.3_2043	iSDY_1059.SDY_2654	28.8	1057	684	23	7	1020	5	1035	1.89e-111	369
NC_000913.3_2043	iSSON_1240.SSON_2550	28.7	1057	685	23	7	1020	5	1035	3.63e-111	369
NC_000913.3_2043	iML1515.b2470	28.6	1057	686	23	7	1020	5	1035	3.55e-110	366
NC_000913.3_2043	iJN1463.PP_1385	29.8	1049	692	21	7	1024	5	1040	8.67e-110	365
NC_000913.3_2044	iYO844.BSU03070	26.4	413	287	7	7	410	10	414	4.20e-35	136
NC_000913.3_2045	iAF987.Gmet_0043	26.1	230	158	5	239	458	39	266	4.05e-16	80.5
NC_000913.3_2046	iAF987.Gmet_2999	34.1	135	86	1	4	135	1	135	7.03e-19	84.0
NC_000913.3_2051	iJN1463.PP_2125	45.2	294	151	6	7	298	20	305	9.77e-76	233
NC_000913.3_2056	iML1515.b2091	100	346	0	0	1	346	1	346	7.17e-254	688
NC_000913.3_2056	iSbBS512_1146.SbBS512_E1147	99.4	346	2	0	1	346	1	346	2.40e-252	684
NC_000913.3_2056	iSF_1195.SF2151	99.1	346	3	0	1	346	1	346	1.97e-251	682
NC_000913.3_2056	iSSON_1240.SSON_2138	99.1	346	3	0	1	346	1	346	3.98e-251	681
NC_000913.3_2056	iSDY_1059.SDY_2263	98.8	346	4	0	1	346	1	346	5.65e-251	681
NC_000913.3_2057	iSbBS512_1146.SbBS512_E1146	99.3	145	1	0	2	146	307	451	2.07e-92	274
NC_000913.3_2057	iSF_1195.SF2154	97.9	145	3	0	2	146	307	451	1.34e-90	270
NC_000913.3_2058	iSbBS512_1146.SbBS512_E1146	99.7	305	1	0	1	305	1	305	3.06e-216	596
NC_000913.3_2058	iSF_1195.SF2154	99.3	305	2	0	1	305	1	305	8.75e-216	595
NC_000913.3_2058	iYL1228.KPN_03550	87.2	305	39	0	1	305	1	305	2.54e-196	546
NC_000913.3_2058	STM_v1_0.STM3260	86.6	305	41	0	1	305	1	305	2.17e-194	541
NC_000913.3_2059	iML1515.b2093	100	94	0	0	1	94	1	94	2.73e-66	193
NC_000913.3_2059	iSbBS512_1146.SbBS512_E1145	98.9	94	1	0	1	94	1	94	1.11e-65	192
NC_000913.3_2059	iSF_1195.SF2155	95.7	94	4	0	1	94	1	94	9.16e-65	189
NC_000913.3_2060	iML1515.b2094	100	150	0	0	1	150	1	150	7.95e-106	298
NC_000913.3_2060	iSF_1195.SF2156	99.3	150	1	0	1	150	1	150	6.54e-105	295
NC_000913.3_2060	iSbBS512_1146.SbBS512_E1144	98.7	150	2	0	1	150	1	150	6.28e-103	290
NC_000913.3_2061	iML1515.b2095	100	420	0	0	1	420	1	420	6.11e-313	844
NC_000913.3_2061	iSbBS512_1146.SbBS512_E1143	99.5	420	2	0	1	420	1	420	8.32e-311	838
NC_000913.3_2061	iSF_1195.SF2157	98.6	420	6	0	1	420	1	420	6.55e-308	831
NC_000913.3_2062	iML1515.b2096	100	284	0	0	1	284	1	284	1.36e-204	558
NC_000913.3_2062	iSbBS512_1146.SbBS512_E1142	99.6	284	1	0	1	284	1	284	5.55e-204	557
NC_000913.3_2062	iSF_1195.SF2158	98.6	284	4	0	1	284	1	284	5.33e-202	552
NC_000913.3_2063	iML1515.b2097	100	350	0	0	1	350	1	350	1.77e-256	695
NC_000913.3_2063	iSbBS512_1146.SbBS512_E1141	100	350	0	0	1	350	1	350	1.77e-256	695
NC_000913.3_2063	iSDY_1059.SDY_2270	100	350	0	0	1	350	25	374	4.35e-256	695
NC_000913.3_2063	iSF_1195.SF2159	99.7	350	1	0	1	350	1	350	7.20e-256	694
NC_000913.3_2063	iSSON_1240.SSON_2145	99.7	350	1	0	1	350	25	374	1.77e-255	694
NC_000913.3_2063	STM_v1_0.STM2141	96.0	350	14	0	1	350	1	350	2.47e-247	672
NC_000913.3_2063	iYL1228.KPN_02549	95.1	350	17	0	1	350	1	350	2.03e-246	670
NC_000913.3_2064	STM_v1_0.STM3113	31.2	417	257	9	1	401	1	403	1.43e-56	191
NC_000913.3_2064	iYL1228.KPN_03396	30.9	417	258	8	1	401	1	403	2.74e-56	191
NC_000913.3_2064	iML1515.b2964	30.5	417	260	9	1	401	1	403	2.96e-55	188
NC_000913.3_2064	iSbBS512_1146.SbBS512_E3397	30.5	417	260	9	1	401	1	403	2.96e-55	188
NC_000913.3_2064	iSDY_1059.SDY_3108	30.5	417	260	9	1	401	17	419	4.28e-55	188
NC_000913.3_2064	iSF_1195.SF2961	30.5	417	260	9	1	401	17	419	4.28e-55	188
NC_000913.3_2064	iSSON_1240.SSON_3232	30.5	417	260	9	1	401	17	419	4.28e-55	188
NC_000913.3_2064	STM_v1_0.STM2421	29.8	419	260	10	1	401	1	403	4.36e-54	185
NC_000913.3_2064	iML1515.b2406	29.4	419	262	9	1	401	1	403	1.30e-51	178
NC_000913.3_2066	iSF_1195.SF3835	25.3	312	218	9	10	314	3	306	1.72e-15	75.5
NC_000913.3_2066	iSDY_1059.SDY_3995	26.1	303	209	9	18	313	6	300	7.57e-15	73.6
NC_000913.3_2066	iML1515.b3752	25.7	304	211	9	18	314	6	301	1.39e-14	72.8
NC_000913.3_2066	iSbBS512_1146.SbBS512_E4167	25.7	304	211	9	18	314	6	301	1.39e-14	72.8
NC_000913.3_2066	iSSON_1240.SSON_3922	25.7	304	211	9	18	314	6	301	1.39e-14	72.8
NC_000913.3_2066	iYL1228.KPN_02599	26.1	245	161	6	45	279	31	265	1.62e-13	69.7
NC_000913.3_2066	iSbBS512_1146.SbBS512_E0795	26.5	245	160	6	45	279	31	265	2.96e-13	68.9
NC_000913.3_2066	iML1515.b2168	26.5	245	160	6	45	279	31	265	4.00e-13	68.6
NC_000913.3_2066	STM_v1_0.STM2205	26.5	245	160	6	45	279	31	265	4.00e-13	68.6
NC_000913.3_2066	iSDY_1059.SDY_2316	26.5	245	160	6	45	279	31	265	4.00e-13	68.6
NC_000913.3_2066	iSF_1195.SF2253	26.5	245	160	6	45	279	31	265	4.00e-13	68.6
NC_000913.3_2066	iSSON_1240.SSON_2224	26.5	245	160	6	45	279	31	265	4.00e-13	68.6
NC_000913.3_2069	iML1515.b2103	100	266	0	0	1	266	1	266	6.20e-192	525
NC_000913.3_2069	iSbBS512_1146.SbBS512_E1135	100	266	0	0	1	266	1	266	6.20e-192	525
NC_000913.3_2069	iSSON_1240.SSON_2151	100	266	0	0	1	266	1	266	6.20e-192	525
NC_000913.3_2069	iSDY_1059.SDY_2277	99.6	266	1	0	1	266	1	266	5.10e-191	523
NC_000913.3_2069	iSF_1195.SF2165	99.6	266	1	0	1	266	1	266	5.10e-191	523
NC_000913.3_2069	iYL1228.KPN_02550	91.4	266	23	0	1	266	1	266	4.42e-176	485
NC_000913.3_2069	STM_v1_0.STM2146	90.6	266	25	0	1	266	1	266	4.24e-174	480
NC_000913.3_2070	iML1515.b2104	100	262	0	0	1	262	1	262	2.32e-185	508
NC_000913.3_2070	iSF_1195.SF2166	98.9	262	3	0	1	262	1	262	1.83e-182	501
NC_000913.3_2070	iSSON_1240.SSON_2152	98.5	262	4	0	1	262	1	262	2.60e-182	500
NC_000913.3_2070	iSDY_1059.SDY_2278	96.6	262	9	0	1	262	1	262	6.85e-178	489
NC_000913.3_2070	iSbBS512_1146.SbBS512_E1134	96.2	262	10	0	1	262	1	262	1.96e-177	488
NC_000913.3_2080	iSSON_1240.SSON_2163	99.6	677	3	0	1	677	1	677	0.0	1372
NC_000913.3_2080	iSbBS512_1146.SbBS512_E0856	99.4	677	4	0	1	677	1	677	0.0	1371
NC_000913.3_2080	iSF_1195.SF2179	99.3	677	5	0	1	677	1	677	0.0	1370
NC_000913.3_2080	iSDY_1059.SDY_2181	99.3	677	5	0	1	677	1	677	0.0	1370
NC_000913.3_2080	STM_v1_0.STM2155	95.3	677	32	0	1	677	1	677	0.0	1323
NC_000913.3_2080	iYL1228.KPN_02560	95.0	677	34	0	1	677	1	677	0.0	1322
NC_000913.3_2092	iAF987.Gmet_1919	30.8	104	67	2	4	104	5	106	1.03e-05	45.4
NC_000913.3_2096	iML1515.b2128	100	243	0	0	1	243	1	243	5.16e-159	440
NC_000913.3_2096	iSbBS512_1146.SbBS512_E0845	99.6	243	1	0	1	243	1	243	1.48e-158	439
NC_000913.3_2096	iSSON_1240.SSON_2185	99.6	243	1	0	1	243	1	243	1.48e-158	439
NC_000913.3_2096	iSF_1195.SF2213	98.4	243	4	0	1	243	1	243	4.94e-157	435
NC_000913.3_2097	iML1515.b2129	100	308	0	0	1	308	1	308	7.41e-221	602
NC_000913.3_2097	iSF_1195.SF2214	98.7	308	4	0	1	308	1	308	1.67e-217	593
NC_000913.3_2097	iSbBS512_1146.SbBS512_E0844	98.7	308	4	0	1	308	1	308	6.81e-217	592
NC_000913.3_2097	iSSON_1240.SSON_2186	98.4	308	5	0	1	308	1	308	9.67e-217	591
NC_000913.3_2098	iML1515.b2130	100	385	0	0	1	385	1	385	5.54e-264	717
NC_000913.3_2098	iSSON_1240.SSON_2187	99.2	385	3	0	1	385	1	385	1.77e-260	708
NC_000913.3_2098	iSF_1195.SF2215	98.2	385	7	0	1	385	1	385	1.39e-257	701
NC_000913.3_2098	iSbBS512_1146.SbBS512_E0843	98.2	385	7	0	1	385	1	385	5.66e-257	699
NC_000913.3_2099	iML1515.b2131	100	305	0	0	1	305	1	305	1.04e-214	586
NC_000913.3_2099	iSF_1195.SF2216	97.7	305	7	0	1	305	1	305	3.20e-209	572
NC_000913.3_2099	iSSON_1240.SSON_2188	97.0	305	9	0	1	305	1	305	7.54e-208	568
NC_000913.3_2100	iML1515.b2132	99.9	755	1	0	1	755	11	765	0.0	1487
NC_000913.3_2100	iSbBS512_1146.SbBS512_E0841	99.7	755	2	0	1	755	11	765	0.0	1484
NC_000913.3_2100	iSSON_1240.SSON_2189	99.6	755	3	0	1	755	11	765	0.0	1483
NC_000913.3_2100	iSDY_1059.SDY_2156	99.5	755	4	0	1	755	11	765	0.0	1482
NC_000913.3_2100	iSF_1195.SF2217	99.1	755	7	0	1	755	11	765	0.0	1477
NC_000913.3_2100	iYL1228.KPN_02568	91.7	755	63	0	1	755	11	765	0.0	1389
NC_000913.3_2101	iML1515.b2133	100	571	0	0	1	571	1	571	0.0	1160
NC_000913.3_2101	iSbBS512_1146.SbBS512_E0839	99.6	571	2	0	1	571	1	571	0.0	1158
NC_000913.3_2101	iSSON_1240.SSON_2190	99.5	571	3	0	1	571	1	571	0.0	1156
NC_000913.3_2101	iSF_1195.SF2218	99.5	571	3	0	1	571	1	571	0.0	1156
NC_000913.3_2101	iSDY_1059.SDY_2155	99.5	571	3	0	1	571	1	571	0.0	1155
NC_000913.3_2101	STM_v1_0.STM2167	91.6	569	48	0	1	569	1	569	0.0	1066
NC_000913.3_2102	iML1515.b2134	100	310	0	0	1	310	1	310	1.60e-216	591
NC_000913.3_2102	iSDY_1059.SDY_2154	100	310	0	0	1	310	4	313	1.79e-216	591
NC_000913.3_2102	iSF_1195.SF2219	100	310	0	0	1	310	1	310	1.60e-216	591
NC_000913.3_2102	iSSON_1240.SSON_2191	99.7	310	1	0	1	310	4	313	1.47e-215	588
NC_000913.3_2102	iSbBS512_1146.SbBS512_E0838	99.4	310	2	0	1	310	4	313	1.21e-214	586
NC_000913.3_2102	STM_v1_0.STM2168	92.4	315	19	1	1	310	1	315	1.12e-199	548
NC_000913.3_2105	iYO844.BSU15910	37.4	243	151	1	3	245	5	246	3.80e-50	164
NC_000913.3_2105	iEK1008.Rv1928c	40.1	242	139	5	5	243	14	252	2.71e-46	154
NC_000913.3_2105	iSynCJ816.SGL_RS07245	37.1	245	149	4	2	245	6	246	1.72e-45	152
NC_000913.3_2105	iCN900.CD630_11820	35.4	243	156	1	3	245	7	248	7.18e-45	150
NC_000913.3_2105	iYS854.USA300HOU_RS06185	34.7	245	159	1	1	245	1	244	6.26e-45	150
NC_000913.3_2105	iHN637.CLJU_RS20765	37.0	243	152	1	3	245	7	248	7.76e-44	148
NC_000913.3_2106	iJN1463.PP_4211	24.6	398	280	6	5	395	80	464	6.59e-20	90.9
NC_000913.3_2106	iJN1463.PP_1384	25.7	338	241	5	62	394	134	466	7.40e-19	87.8
NC_000913.3_2110	iML1515.b2143	100	294	0	0	1	294	1	294	3.65e-214	583
NC_000913.3_2110	iSbBS512_1146.SbBS512_E0828	100	294	0	0	1	294	1	294	3.65e-214	583
NC_000913.3_2110	iSF_1195.SF2228	100	294	0	0	1	294	1	294	3.65e-214	583
NC_000913.3_2110	iSSON_1240.SSON_2199	100	294	0	0	1	294	1	294	3.65e-214	583
NC_000913.3_2110	iSDY_1059.SDY_2144	99.7	294	1	0	1	294	1	294	4.26e-213	581
NC_000913.3_2113	iML1515.b2146	100	412	0	0	1	412	1	412	2.64e-303	819
NC_000913.3_2113	iSF_1195.SF2231	98.5	412	6	0	1	412	1	412	6.96e-299	808
NC_000913.3_2113	iSbBS512_1146.SbBS512_E0825	98.3	412	7	0	1	412	1	412	9.88e-299	807
NC_000913.3_2114	iML1515.b2147	100	411	0	0	1	411	1	411	3.10e-306	826
NC_000913.3_2114	iSSON_1240.SSON_2203	100	411	0	0	1	411	3	413	3.35e-306	826
NC_000913.3_2114	iSbBS512_1146.SbBS512_E0824	99.3	411	3	0	1	411	1	411	5.14e-305	823
NC_000913.3_2115	iML1515.b2148	100	336	0	0	1	336	1	336	4.45e-227	620
NC_000913.3_2115	iSbBS512_1146.SbBS512_E0823	100	336	0	0	1	336	1	336	4.45e-227	620
NC_000913.3_2115	iSSON_1240.SSON_2204	100	336	0	0	1	336	1	336	4.45e-227	620
NC_000913.3_2115	iSF_1195.SF2233	99.7	336	1	0	1	336	1	336	6.33e-227	619
NC_000913.3_2115	STM_v1_0.STM2188	97.3	336	9	0	1	336	1	336	2.36e-222	608
NC_000913.3_2115	iYL1228.KPN_02586	95.2	336	16	0	1	336	1	336	3.07e-218	597
NC_000913.3_2116	iML1515.b2149	100	506	0	0	1	506	1	506	0.0	988
NC_000913.3_2116	iSF_1195.SF2234	100	506	0	0	1	506	1	506	0.0	988
NC_000913.3_2116	iSSON_1240.SSON_2205	100	506	0	0	1	506	1	506	0.0	988
NC_000913.3_2116	STM_v1_0.STM2189	95.7	506	22	0	1	506	1	506	0.0	955
NC_000913.3_2116	iYL1228.KPN_02587	94.3	491	28	0	16	506	1	491	0.0	917
NC_000913.3_2116	iPC815.YPO1508	90.3	496	48	0	11	506	11	506	0.0	890
NC_000913.3_2117	iML1515.b2150	100	332	0	0	1	332	1	332	4.93e-238	647
NC_000913.3_2117	iSF_1195.SF2235	100	332	0	0	1	332	1	332	4.93e-238	647
NC_000913.3_2117	iSSON_1240.SSON_2206	100	332	0	0	1	332	1	332	4.93e-238	647
NC_000913.3_2117	iSbBS512_1146.SbBS512_E0816	99.7	332	1	0	1	332	1	332	8.17e-237	644
NC_000913.3_2117	STM_v1_0.STM2190	94.0	332	20	0	1	332	1	332	2.30e-227	620
NC_000913.3_2117	iYL1228.KPN_02588	93.4	332	22	0	1	332	11	342	9.15e-225	614
NC_000913.3_2118	iYO844.BSU35960	27.7	253	164	8	61	303	39	282	6.38e-13	68.2
NC_000913.3_2120	iML1515.b2153	100	222	0	0	1	222	1	222	9.90e-158	435
NC_000913.3_2120	iSbBS512_1146.SbBS512_E0813	100	222	0	0	1	222	1	222	9.90e-158	435
NC_000913.3_2120	iSDY_1059.SDY_2127	100	222	0	0	1	222	1	222	9.90e-158	435
NC_000913.3_2120	iSF_1195.SF2238	100	222	0	0	1	222	1	222	9.90e-158	435
NC_000913.3_2120	iSSON_1240.SSON_2209	100	222	0	0	1	222	1	222	9.90e-158	435
NC_000913.3_2120	STM_v1_0.STM2193	96.4	221	8	0	1	221	1	221	3.56e-151	418
NC_000913.3_2120	iYL1228.KPN_02591	93.7	222	14	0	1	222	1	222	6.60e-147	407
NC_000913.3_2121	iML1515.b2154	100	278	0	0	1	278	1	278	1.82e-215	585
NC_000913.3_2121	iSbBS512_1146.SbBS512_E0812	100	278	0	0	1	278	1	278	1.82e-215	585
NC_000913.3_2121	iSSON_1240.SSON_2210	99.6	278	1	0	1	278	1	278	5.21e-215	584
NC_000913.3_2121	iSDY_1059.SDY_2112	98.2	278	5	0	1	278	1	278	1.67e-211	575
NC_000913.3_2122	iML1515.b2155	100	663	0	0	1	663	1	663	0.0	1360
NC_000913.3_2122	iSSON_1240.SSON_2211	99.8	663	1	0	1	663	1	663	0.0	1358
NC_000913.3_2122	STM_v1_0.STM2199	88.1	663	79	0	1	663	1	663	0.0	1231
NC_000913.3_2123	iML1515.b2156	100	489	0	0	1	489	1	489	0.0	967
NC_000913.3_2123	iSbBS512_1146.SbBS512_E0810	100	489	0	0	1	489	1	489	0.0	967
NC_000913.3_2123	iSDY_1059.SDY_2110	100	489	0	0	1	489	1	489	0.0	967
NC_000913.3_2123	iSF_1195.SF2241	99.8	489	1	0	1	489	1	489	0.0	964
NC_000913.3_2123	iSSON_1240.SSON_2212	99.8	489	1	0	1	489	1	489	0.0	964
NC_000913.3_2123	STM_v1_0.STM2200	94.5	489	27	0	1	489	1	489	0.0	922
NC_000913.3_2123	iYL1228.KPN_02594	93.5	489	32	0	1	489	1	489	0.0	913
NC_000913.3_2127	iML1515.b2166	39.1	307	185	2	54	359	1	306	1.36e-67	215
NC_000913.3_2128	iML1515.b2164	88.0	416	50	0	1	416	1	416	3.29e-244	670
NC_000913.3_2129	iML1515.b2162	100	313	0	0	1	313	1	313	8.83e-236	640
NC_000913.3_2129	iSSON_1240.SSON_2218	99.7	313	1	0	1	313	1	313	1.78e-235	639
NC_000913.3_2129	iSF_1195.SF2247	98.1	313	6	0	1	313	1	313	8.13e-232	630
NC_000913.3_2131	iML1515.b2164	100	416	0	0	1	416	1	416	4.23e-270	735
NC_000913.3_2132	iML1515.b2165	100	312	0	0	1	312	1	312	3.24e-217	593
NC_000913.3_2133	iML1515.b2166	100	313	0	0	1	313	1	313	5.49e-230	625
NC_000913.3_2134	iML1515.b2167	100	563	0	0	1	563	1	563	0.0	975
NC_000913.3_2134	iSbBS512_1146.SbBS512_E0796	99.8	563	1	0	1	563	1	563	0.0	973
NC_000913.3_2134	iSF_1195.SF2252	99.5	563	3	0	1	563	1	563	0.0	971
NC_000913.3_2134	iSDY_1059.SDY_2315	99.5	563	3	0	1	563	1	563	0.0	970
NC_000913.3_2134	iSSON_1240.SSON_2223	98.9	561	6	0	1	561	1	561	0.0	962
NC_000913.3_2134	STM_v1_0.STM2204	93.1	563	38	1	1	563	1	562	0.0	905
NC_000913.3_2135	iML1515.b2168	100	312	0	0	1	312	1	312	4.87e-228	620
NC_000913.3_2135	iSDY_1059.SDY_2316	100	312	0	0	1	312	1	312	4.87e-228	620
NC_000913.3_2135	iSF_1195.SF2253	100	312	0	0	1	312	1	312	4.87e-228	620
NC_000913.3_2135	iSbBS512_1146.SbBS512_E0795	99.7	312	1	0	1	312	1	312	6.92e-228	620
NC_000913.3_2135	iSSON_1240.SSON_2224	99.7	312	1	0	1	312	1	312	1.63e-226	616
NC_000913.3_2135	STM_v1_0.STM2205	98.4	312	5	0	1	312	1	312	1.90e-225	613
NC_000913.3_2135	iYL1228.KPN_02599	97.4	312	8	0	1	312	1	312	1.23e-221	604
NC_000913.3_2135	iPC815.YPO1299	92.0	312	25	0	1	312	1	312	2.34e-210	575
NC_000913.3_2136	iML1515.b2169	100	376	0	0	1	376	1	376	1.03e-259	706
NC_000913.3_2136	iSSON_1240.SSON_2225	99.7	376	1	0	1	376	1	376	4.18e-259	704
NC_000913.3_2136	iSDY_1059.SDY_2317	99.7	376	1	0	1	376	1	376	1.20e-258	703
NC_000913.3_2136	iSbBS512_1146.SbBS512_E0794	99.7	376	1	0	1	376	1	376	1.70e-258	702
NC_000913.3_2136	iSF_1195.SF2254	99.5	376	2	0	1	376	1	376	6.92e-258	701
NC_000913.3_2136	STM_v1_0.STM2206	90.7	376	35	0	1	376	1	376	6.31e-238	650
NC_000913.3_2137	iML1515.b2170	100	393	0	0	1	393	1	393	3.59e-280	759
NC_000913.3_2137	iSbBS512_1146.SbBS512_E0792	99.2	393	3	0	1	393	1	393	8.44e-279	755
NC_000913.3_2137	iSSON_1240.SSON_2226	99.2	393	3	0	1	393	1	393	2.42e-278	754
NC_000913.3_2137	iSDY_1059.SDY_0909	98.5	393	6	0	1	393	1	393	2.70e-275	746
NC_000913.3_2137	iSF_1195.SF2255	99.2	385	3	0	1	385	1	385	1.44e-272	739
NC_000913.3_2140	iYL1228.KPN_01587	58.0	464	194	1	16	478	13	476	8.45e-193	545
NC_000913.3_2140	iML1515.b4323	56.1	485	208	3	1	482	1	483	2.18e-190	539
NC_000913.3_2140	iSSON_1240.SSON_4478	56.1	485	208	3	1	482	1	483	4.39e-190	538
NC_000913.3_2140	iSbBS512_1146.SbBS512_E4791	56.1	485	208	3	1	482	1	483	6.22e-190	538
NC_000913.3_2140	iSF_1195.SF4197	55.9	485	209	3	1	482	1	483	3.57e-189	536
NC_000913.3_2140	STM_v1_0.STM3136	57.4	467	195	3	16	478	15	481	1.17e-188	535
NC_000913.3_2141	iML1515.b2173	100	328	0	0	1	328	1	328	2.03e-244	663
NC_000913.3_2142	iML1515.b2174	100	237	0	0	1	237	1	237	1.15e-168	464
NC_000913.3_2142	iSDY_1059.SDY_0905	100	237	0	0	1	237	13	249	1.78e-168	464
NC_000913.3_2142	iSSON_1240.SSON_2230	99.6	237	1	0	1	237	13	249	5.11e-168	462
NC_000913.3_2142	iSF_1195.SF2261	98.7	237	3	0	1	237	1	237	1.11e-166	459
NC_000913.3_2142	iSbBS512_1146.SbBS512_E0784	98.3	237	4	0	1	237	13	249	2.83e-165	456
NC_000913.3_2143	iML1515.b2175	100	188	0	0	1	188	1	188	7.44e-134	372
NC_000913.3_2144	iJN1463.PP_3435	28.7	487	281	8	52	507	54	505	6.98e-54	189
NC_000913.3_2145	iML1515.b2177	100	604	0	0	1	604	1	604	0.0	1239
NC_000913.3_2146	iML1515.b2178	100	364	0	0	1	364	1	364	3.46e-261	708
NC_000913.3_2147	iML1515.b2179	100	341	0	0	1	341	1	341	6.16e-257	696
NC_000913.3_2148	iML1515.b2180	100	529	0	0	1	529	1	529	0.0	1009
NC_000913.3_2150	iPC815.YPO4048	23.2	259	187	2	5	252	1	258	2.70e-15	76.6
NC_000913.3_2150	iML1515.b4337	20.9	230	181	1	24	253	27	255	4.86e-15	75.9
NC_000913.3_2150	iYL1228.KPN_00874	25.2	230	163	5	27	252	34	258	8.71e-15	75.1
NC_000913.3_2150	iJN1463.PP_3588	21.4	365	267	6	4	362	9	359	1.95e-14	73.9
NC_000913.3_2150	STM_v1_0.STM0866	24.2	227	169	3	27	252	34	258	4.99e-14	72.8
NC_000913.3_2150	iML1515.b0842	23.5	230	167	4	27	252	34	258	2.13e-13	70.9
NC_000913.3_2151	iYS854.USA300HOU_RS09310	37.2	226	140	1	1	226	1	224	3.44e-47	155
NC_000913.3_2151	iCN900.CD630_04050	37.7	231	137	5	2	227	6	234	7.03e-46	152
NC_000913.3_2151	iCN900.CD630_20500	34.5	235	142	6	1	227	1	231	4.10e-41	140
NC_000913.3_2156	iJN1463.PP_0077	30.0	90	60	2	414	500	253	342	7.81e-04	42.0
NC_000913.3_2159	iAF987.Gmet_1914	28.4	134	90	5	8	140	3	131	8.67e-06	45.4
NC_000913.3_2163	iML1515.b2197	100	159	0	0	1	159	1	159	2.15e-112	315
NC_000913.3_2163	iSbBS512_1146.SbBS512_E0744	100	159	0	0	1	159	1	159	2.15e-112	315
NC_000913.3_2163	iSDY_1059.SDY_0881	100	159	0	0	1	159	1	159	2.15e-112	315
NC_000913.3_2163	iSF_1195.SF2281	100	159	0	0	1	159	1	159	2.15e-112	315
NC_000913.3_2163	iSSON_1240.SSON_2255	99.4	159	1	0	1	159	1	159	7.20e-111	311
NC_000913.3_2164	iML1515.b2198	100	69	0	0	1	69	1	69	4.72e-40	125
NC_000913.3_2164	iSDY_1059.SDY_0880	100	69	0	0	1	69	1	69	4.72e-40	125
NC_000913.3_2164	iSF_1195.SF2282	100	69	0	0	1	69	1	69	4.72e-40	125
NC_000913.3_2164	iSSON_1240.SSON_2256	100	69	0	0	1	69	1	69	4.72e-40	125
NC_000913.3_2164	iSbBS512_1146.SbBS512_E0743	97.1	69	2	0	1	69	1	69	4.55e-38	120
NC_000913.3_2165	iML1515.b2199	100	245	0	0	1	245	1	245	2.44e-183	501
NC_000913.3_2165	iSbBS512_1146.SbBS512_E0742	100	245	0	0	1	245	1	245	2.44e-183	501
NC_000913.3_2165	iSDY_1059.SDY_0879	100	245	0	0	1	245	1	245	2.44e-183	501
NC_000913.3_2165	iSF_1195.SF2283	100	245	0	0	1	245	1	245	2.44e-183	501
NC_000913.3_2165	iSSON_1240.SSON_2257	100	245	0	0	1	245	1	245	2.44e-183	501
NC_000913.3_2166	iML1515.b2200	100	220	0	0	1	220	1	220	9.58e-123	346
NC_000913.3_2166	iSbBS512_1146.SbBS512_E0741	100	220	0	0	1	220	1	220	9.58e-123	346
NC_000913.3_2166	iSDY_1059.SDY_0878	100	220	0	0	1	220	1	220	9.58e-123	346
NC_000913.3_2166	iSSON_1240.SSON_2258	100	220	0	0	1	220	1	220	9.58e-123	346
NC_000913.3_2166	iSF_1195.SF2284	99.5	220	1	0	1	220	1	220	3.89e-122	345
NC_000913.3_2167	iML1515.b2201	100	205	0	0	1	205	3	207	1.42e-149	413
NC_000913.3_2167	iSbBS512_1146.SbBS512_E0740	100	205	0	0	1	205	1	205	1.32e-149	413
NC_000913.3_2167	iSSON_1240.SSON_2259	99.5	205	1	0	1	205	1	205	3.78e-149	412
NC_000913.3_2167	iSF_1195.SF2285	99.0	205	2	0	1	205	3	207	6.74e-148	409
NC_000913.3_2167	iSDY_1059.SDY_0877	99.0	204	2	0	1	204	1	204	1.80e-147	407
NC_000913.3_2168	iML1515.b2202	100	200	0	0	1	200	1	200	2.48e-156	429
NC_000913.3_2168	iSbBS512_1146.SbBS512_E0739	100	200	0	0	1	200	1	200	2.48e-156	429
NC_000913.3_2168	iSSON_1240.SSON_2260	100	200	0	0	1	200	1	200	2.48e-156	429
NC_000913.3_2168	iSF_1195.SF2286	99.5	200	1	0	1	200	1	200	1.44e-155	427
NC_000913.3_2168	iSDY_1059.SDY_0876	99.0	200	2	0	1	200	1	200	9.72e-154	423
NC_000913.3_2168	STM_v1_0.STM2255	88.5	200	23	0	1	200	1	200	9.29e-143	395
NC_000913.3_2169	iML1515.b2203	100	149	0	0	1	149	1	149	7.09e-113	315
NC_000913.3_2169	iSF_1195.SF2287	100	149	0	0	1	149	1	149	7.09e-113	315
NC_000913.3_2169	iSSON_1240.SSON_2261	100	149	0	0	1	149	8	156	9.04e-113	315
NC_000913.3_2169	iSbBS512_1146.SbBS512_E0738	99.3	149	1	0	1	149	1	149	2.89e-112	314
NC_000913.3_2169	iSDY_1059.SDY_0875	99.3	149	1	0	1	149	8	156	3.68e-112	314
NC_000913.3_2169	STM_v1_0.STM2256	91.9	149	12	0	1	149	1	149	4.99e-104	293
NC_000913.3_2170	iML1515.b2204	100	287	0	0	1	287	1	287	5.42e-217	590
NC_000913.3_2170	iSF_1195.SF2288	99.7	287	1	0	1	287	1	287	2.21e-216	588
NC_000913.3_2170	iSDY_1059.SDY_0874	99.3	287	2	0	1	287	1	287	1.28e-215	587
NC_000913.3_2170	iSbBS512_1146.SbBS512_E0737	99.3	287	2	0	1	287	1	287	2.58e-215	586
NC_000913.3_2170	iSSON_1240.SSON_2262	98.6	287	4	0	1	287	1	287	4.28e-214	583
NC_000913.3_2171	iML1515.b2205	100	231	0	0	1	231	1	231	2.64e-171	470
NC_000913.3_2171	iSDY_1059.SDY_0873	100	231	0	0	1	231	1	231	2.64e-171	470
NC_000913.3_2171	iSF_1195.SF2289	100	231	0	0	1	231	1	231	2.64e-171	470
NC_000913.3_2171	iSSON_1240.SSON_2263	100	231	0	0	1	231	1	231	2.64e-171	470
NC_000913.3_2171	iSbBS512_1146.SbBS512_E0736	99.6	231	1	0	1	231	1	231	1.53e-170	468
NC_000913.3_2171	STM_v1_0.STM2258	94.4	231	13	0	1	231	1	231	2.24e-163	450
NC_000913.3_2172	iML1515.b2206	100	828	0	0	1	828	1	828	0.0	1701
NC_000913.3_2172	iSSON_1240.SSON_2264	99.9	828	1	0	1	828	1	828	0.0	1699
NC_000913.3_2172	iSbBS512_1146.SbBS512_E0735	99.9	828	1	0	1	828	1	828	0.0	1697
NC_000913.3_2172	iSF_1195.SF2290	99.8	828	2	0	1	828	1	828	0.0	1697
NC_000913.3_2172	iSDY_1059.SDY_0872	99.5	828	4	0	1	828	1	828	0.0	1694
NC_000913.3_2172	STM_v1_0.STM2259	94.1	828	49	0	1	828	1	828	0.0	1626
NC_000913.3_2173	STM_v1_0.STM2260	81.6	87	16	0	1	87	1	87	3.78e-45	139
NC_000913.3_2174	iAF692.Mbar_A0450	68.0	25	8	0	136	160	218	242	1.18e-04	40.8
NC_000913.3_2174	iAF692.Mbar_A2289	68.0	25	8	0	136	160	199	223	2.84e-04	39.7
NC_000913.3_2177	iML1515.b2210	100	548	0	0	1	548	1	548	0.0	1066
NC_000913.3_2177	iSSON_1240.SSON_2268	99.5	548	3	0	1	548	1	548	0.0	1061
NC_000913.3_2177	iSDY_1059.SDY_0866	99.3	548	4	0	1	548	1	548	0.0	1060
NC_000913.3_2177	iSbBS512_1146.SbBS512_E0730	99.3	548	4	0	1	548	1	548	0.0	1060
NC_000913.3_2178	iJN1463.PP_4216	34.8	535	321	9	13	529	20	544	2.36e-87	280
NC_000913.3_2181	iNF517.LLMG_RS07320	23.3	317	225	9	41	350	44	349	1.87e-28	113
NC_000913.3_2182	iML1515.b2215	100	367	0	0	1	367	1	367	7.15e-276	746
NC_000913.3_2182	iSF_1195.SF2299	92.3	377	15	3	1	367	1	373	6.83e-255	693
NC_000913.3_2182	iSSON_1240.SSON_2273	92.7	372	18	3	1	367	1	368	2.21e-252	686
NC_000913.3_2182	iSDY_1059.SDY_0861	92.0	375	22	3	1	367	1	375	8.22e-252	685
NC_000913.3_2182	iSbBS512_1146.SbBS512_E0724	90.3	380	20	4	1	367	1	376	3.88e-248	676
NC_000913.3_2184	iML1515.b0315	51.0	49	24	0	151	199	25	73	1.81e-06	47.4
NC_000913.3_2185	iAF987.Gmet_0043	25.3	257	169	7	452	692	20	269	1.69e-12	70.9
NC_000913.3_2185	iAF987.Gmet_1914	35.6	118	76	0	827	944	4	121	2.71e-11	66.6
NC_000913.3_2186	iAF987.Gmet_3085	27.1	133	95	2	255	385	204	336	7.42e-09	58.5
NC_000913.3_2186	iJN1463.PP_1761	29.5	132	80	4	254	375	260	388	1.95e-07	53.9
NC_000913.3_2187	iAF987.Gmet_1919	34.7	124	81	0	7	130	5	128	2.08e-19	89.0
NC_000913.3_2188	iML1515.b2221	100	220	0	0	1	220	1	220	2.43e-157	434
NC_000913.3_2188	iSSON_1240.SSON_2280	100	220	0	0	1	220	1	220	2.43e-157	434
NC_000913.3_2189	iML1515.b2222	100	216	0	0	1	216	1	216	4.39e-158	435
NC_000913.3_2189	iSSON_1240.SSON_2281	99.5	216	1	0	1	216	1	216	3.61e-157	433
NC_000913.3_2190	iML1515.b2223	100	440	0	0	1	440	1	440	5.29e-315	851
NC_000913.3_2190	iSSON_1240.SSON_2282	99.3	440	3	0	1	440	1	440	5.07e-313	846
NC_000913.3_2191	iML1515.b2224	100	394	0	0	1	394	1	394	3.80e-271	736
NC_000913.3_2191	iSSON_1240.SSON_2283	99.0	394	4	0	1	394	1	394	2.10e-268	729
NC_000913.3_2199	iML1515.b2232	100	240	0	0	1	240	1	240	1.53e-179	491
NC_000913.3_2199	iSDY_1059.SDY_2424	100	240	0	0	1	240	1	240	1.53e-179	491
NC_000913.3_2199	iSbBS512_1146.SbBS512_E2607	99.2	240	2	0	1	240	1	240	2.53e-178	488
NC_000913.3_2199	iSF_1195.SF2312	99.2	240	2	0	1	240	1	240	5.11e-178	488
NC_000913.3_2199	iSSON_1240.SSON_2290	99.2	240	2	0	1	240	1	240	5.11e-178	488
NC_000913.3_2199	STM_v1_0.STM2276	92.5	240	18	0	1	240	1	240	1.75e-165	456
NC_000913.3_2199	iYL1228.KPN_02641	89.6	240	25	0	1	240	1	240	9.28e-161	444
NC_000913.3_2201	iML1515.b2234	100	761	0	0	1	761	1	761	0.0	1426
NC_000913.3_2201	iSSON_1240.SSON_2293	100	761	0	0	1	761	1	761	0.0	1426
NC_000913.3_2201	iSbBS512_1146.SbBS512_E2614	99.9	761	1	0	1	761	1	761	0.0	1424
NC_000913.3_2201	iSF_1195.SF2316	99.7	761	2	0	1	761	1	761	0.0	1423
NC_000913.3_2201	iSDY_1059.SDY_2428	99.7	761	2	0	1	761	1	761	0.0	1421
NC_000913.3_2201	STM_v1_0.STM2277	96.7	761	25	0	1	761	1	761	0.0	1380
NC_000913.3_2201	iYL1228.KPN_02642	93.4	761	50	0	1	761	1	761	0.0	1355
NC_000913.3_2202	iML1515.b2235	100	376	0	0	1	376	1	376	6.41e-279	754
NC_000913.3_2202	iSbBS512_1146.SbBS512_E2615	100	376	0	0	1	376	1	376	6.41e-279	754
NC_000913.3_2202	iSDY_1059.SDY_2429	100	376	0	0	1	376	1	376	6.41e-279	754
NC_000913.3_2202	iSF_1195.SF2317	99.7	376	1	0	1	376	14	389	3.00e-278	753
NC_000913.3_2202	iSSON_1240.SSON_2294	99.7	376	1	0	1	376	1	376	1.84e-278	753
NC_000913.3_2202	STM_v1_0.STM2278	98.4	376	6	0	1	376	1	376	1.45e-275	746
NC_000913.3_2202	iYL1228.KPN_02643	97.1	376	11	0	1	376	1	376	2.68e-271	735
NC_000913.3_2203	STM_v1_0.STM2093	36.9	65	40	1	18	82	18	81	1.07e-07	47.0
NC_000913.3_2204	iJN1463.PP_0346	32.0	172	114	2	8	178	19	188	7.57e-21	87.0
NC_000913.3_2206	iML1515.b2239	100	358	0	0	1	358	1	358	1.32e-271	734
NC_000913.3_2206	iSbBS512_1146.SbBS512_E2621	99.7	358	1	0	1	358	1	358	7.65e-271	732
NC_000913.3_2206	iSF_1195.SF2321	99.4	358	2	0	1	358	1	358	6.29e-270	730
NC_000913.3_2206	iSDY_1059.SDY_2434	98.0	358	7	0	1	358	1	358	2.10e-266	721
NC_000913.3_2206	iSSON_1240.SSON_2300	98.3	358	6	0	1	358	1	358	2.02e-266	721
NC_000913.3_2207	iML1515.b2240	99.8	452	1	0	1	452	1	452	0.0	900
NC_000913.3_2207	iSbBS512_1146.SbBS512_E2622	99.1	452	4	0	1	452	1	452	0.0	891
NC_000913.3_2207	iSSON_1240.SSON_2301	99.1	452	4	0	1	452	1	452	0.0	891
NC_000913.3_2207	iSDY_1059.SDY_2435	98.5	452	7	0	1	452	1	452	0.0	890
NC_000913.3_2207	iSF_1195.SF2322	98.7	452	6	0	1	452	1	452	0.0	887
NC_000913.3_2207	STM_v1_0.STM2283	95.1	452	22	0	1	452	1	452	0.0	874
NC_000913.3_2207	iYL1228.KPN_02646	93.3	447	30	0	1	447	1	447	1.51e-310	840
NC_000913.3_2208	iML1515.b2241	100	542	0	0	1	542	1	542	0.0	1078
NC_000913.3_2208	iSbBS512_1146.SbBS512_E2623	100	542	0	0	1	542	1	542	0.0	1078
NC_000913.3_2208	iSF_1195.SF2323	100	542	0	0	1	542	1	542	0.0	1078
NC_000913.3_2208	iSSON_1240.SSON_2302	100	542	0	0	1	542	1	542	0.0	1078
NC_000913.3_2208	iSDY_1059.SDY_2436	99.1	542	5	0	1	542	1	542	0.0	1069
NC_000913.3_2208	STM_v1_0.STM2284	92.8	542	39	0	1	542	1	542	0.0	1013
NC_000913.3_2209	iML1515.b2242	100	419	0	0	1	419	1	419	3.98e-313	844
NC_000913.3_2209	iSSON_1240.SSON_2303	99.3	419	3	0	1	419	1	419	3.81e-311	839
NC_000913.3_2209	iSbBS512_1146.SbBS512_E2624	98.6	419	6	0	1	419	1	419	7.38e-309	833
NC_000913.3_2209	iSF_1195.SF2324	98.3	419	7	0	1	419	1	419	6.06e-308	831
NC_000913.3_2209	iSDY_1059.SDY_2437	97.4	419	11	0	1	419	1	419	1.60e-303	820
NC_000913.3_2210	iML1515.b2243	100	396	0	0	1	396	1	396	2.38e-291	787
NC_000913.3_2210	iSDY_1059.SDY_2438	99.7	396	1	0	1	396	1	396	4.81e-291	786
NC_000913.3_2210	iSbBS512_1146.SbBS512_E2625	99.5	396	2	0	1	396	1	396	2.78e-290	785
NC_000913.3_2210	iSF_1195.SF2325	99.5	396	2	0	1	396	1	396	5.61e-290	784
NC_000913.3_2210	iSSON_1240.SSON_2304	99.2	396	3	0	1	396	1	396	2.28e-289	782
NC_000913.3_2210	STM_v1_0.STM2286	91.9	395	32	0	1	395	1	395	1.24e-277	753
NC_000913.3_2213	iML1515.b2245	100	267	0	0	1	267	1	267	2.34e-192	526
NC_000913.3_2213	iSSON_1240.SSON_2306	98.1	267	5	0	1	267	1	267	3.72e-189	518
NC_000913.3_2214	iCN718.ABAYE_RS08945	36.9	425	255	5	9	424	7	427	2.29e-82	259
NC_000913.3_2214	iJN1463.PP_4758	35.8	430	262	5	4	425	20	443	2.75e-79	252
NC_000913.3_2214	iCN718.ABAYE_RS09235	34.0	423	263	4	3	410	8	429	8.45e-75	240
NC_000913.3_2215	iML1515.b2247	100	401	0	0	1	401	1	401	6.52e-312	840
NC_000913.3_2217	iLB1027_lipid.PHATRDRAFT_12894	30.5	128	88	1	1	127	255	382	3.82e-11	63.9
NC_000913.3_2219	iML1515.b2251	100	141	0	0	1	141	1	141	9.15e-103	289
NC_000913.3_2219	iSSON_1240.SSON_2312	98.6	141	2	0	1	141	1	141	3.07e-101	285
NC_000913.3_2221	iSSON_1240.SSON_2314	99.0	385	4	0	1	385	6	390	3.16e-278	753
NC_000913.3_2221	iML1515.b2253	100	379	0	0	7	385	1	379	2.43e-277	751
NC_000913.3_2221	iSF_1195.SF2332	99.5	368	2	0	18	385	1	368	5.28e-267	724
NC_000913.3_2222	iML1515.b2254	100	322	0	0	1	322	1	322	6.67e-231	628
NC_000913.3_2222	iSSON_1240.SSON_2315	100	322	0	0	1	322	1	322	6.67e-231	628
NC_000913.3_2222	iSF_1195.SF2333	99.7	322	1	0	1	322	1	322	1.35e-230	627
NC_000913.3_2223	iML1515.b2255	100	660	0	0	1	660	1	660	0.0	1352
NC_000913.3_2223	iSSON_1240.SSON_2316	98.9	660	7	0	1	660	1	660	0.0	1337
NC_000913.3_2224	iML1515.b2256	100	296	0	0	1	296	1	296	1.40e-228	620
NC_000913.3_2224	iSSON_1240.SSON_2317	100	296	0	0	1	296	1	296	1.40e-228	620
NC_000913.3_2224	iSbBS512_1146.SbBS512_E2632	99.7	296	1	0	1	296	1	296	5.70e-228	619
NC_000913.3_2224	iSF_1195.SF2335	99.3	296	2	0	1	296	1	296	3.30e-227	617
NC_000913.3_2224	iSDY_1059.SDY_2452	98.6	296	4	0	1	296	1	296	2.60e-224	609
NC_000913.3_2225	iML1515.b2257	100	550	0	0	1	550	1	550	0.0	1095
NC_000913.3_2225	iSbBS512_1146.SbBS512_E2633	99.3	550	4	0	1	550	1	550	0.0	1090
NC_000913.3_2225	iSSON_1240.SSON_2318	99.3	550	4	0	1	550	1	550	0.0	1088
NC_000913.3_2225	iSF_1195.SF2336	98.5	550	8	0	1	550	1	550	0.0	1083
NC_000913.3_2225	iSDY_1059.SDY_2453	98.4	550	9	0	1	550	1	550	0.0	1081
NC_000913.3_2226	iML1515.b4544	100	111	0	0	1	111	1	111	5.90e-78	224
NC_000913.3_2227	iML1515.b2258	100	128	0	0	1	128	1	128	1.78e-87	249
NC_000913.3_2227	iSSON_1240.SSON_2319	100	128	0	0	1	128	95	222	4.17e-86	249
NC_000913.3_2227	iSDY_1059.SDY_2454	98.4	128	2	0	1	128	95	222	1.97e-84	245
NC_000913.3_2227	iSF_1195.SF2337	98.4	128	2	0	1	128	95	222	3.97e-84	244
NC_000913.3_2229	iML1515.b2260	100	451	0	0	1	451	1	451	0.0	925
NC_000913.3_2229	iSDY_1059.SDY_2456	99.1	451	4	0	1	451	1	451	0.0	918
NC_000913.3_2229	iSSON_1240.SSON_2321	98.0	450	9	0	1	450	1	450	0.0	908
NC_000913.3_2229	iSF_1195.SF2339	97.3	451	12	0	1	451	1	451	0.0	903
NC_000913.3_2229	iSbBS512_1146.SbBS512_E2639	96.5	451	16	0	1	451	1	451	0.0	897
NC_000913.3_2230	iML1515.b2261	100	320	0	0	1	320	1	320	1.12e-237	645
NC_000913.3_2230	iSDY_1059.SDY_2457	100	320	0	0	1	320	1	320	1.12e-237	645
NC_000913.3_2230	iSbBS512_1146.SbBS512_E2640	99.1	320	3	0	1	320	1	320	1.25e-234	637
NC_000913.3_2230	iSF_1195.SF2340	97.2	320	9	0	1	320	1	320	2.83e-231	629
NC_000913.3_2230	iSSON_1240.SSON_2322	96.6	320	11	0	1	320	1	320	5.47e-229	623
NC_000913.3_2231	iML1515.b2262	100	285	0	0	1	285	1	285	7.70e-216	587
NC_000913.3_2231	iSbBS512_1146.SbBS512_E2641	99.6	285	1	0	1	285	1	285	1.09e-215	587
NC_000913.3_2231	iSSON_1240.SSON_2323	99.6	285	1	0	1	285	1	285	1.09e-215	587
NC_000913.3_2231	iSF_1195.SF2341	99.6	285	1	0	1	285	1	285	8.99e-215	584
NC_000913.3_2231	iSDY_1059.SDY_2458	99.3	285	2	0	1	285	1	285	1.28e-214	584
NC_000913.3_2231	STM_v1_0.STM2307	96.8	285	9	0	1	285	1	285	1.18e-210	574
NC_000913.3_2231	iYL1228.KPN_02660	95.8	285	12	0	1	285	1	285	5.36e-207	565
NC_000913.3_2231	iPC815.YPO2525	93.3	285	19	0	1	285	1	285	9.95e-203	554
NC_000913.3_2232	iML1515.b2263	100	252	0	0	1	252	1	252	1.36e-188	515
NC_000913.3_2232	iSbBS512_1146.SbBS512_E2642	98.8	252	3	0	1	252	1	252	5.32e-186	509
NC_000913.3_2232	iSDY_1059.SDY_2459	98.4	252	4	0	1	252	1	252	7.55e-186	508
NC_000913.3_2232	iSF_1195.SF2342	98.4	252	4	0	1	252	1	252	5.10e-184	504
NC_000913.3_2232	iSSON_1240.SSON_2324	97.2	252	7	0	1	252	1	252	1.03e-183	503
NC_000913.3_2233	iML1515.b2264	100	556	0	0	1	556	1	556	0.0	1122
NC_000913.3_2233	iSF_1195.SF2343	99.6	556	2	0	1	556	1	556	0.0	1116
NC_000913.3_2233	iSbBS512_1146.SbBS512_E2643	99.5	556	3	0	1	556	1	556	0.0	1113
NC_000913.3_2233	iSSON_1240.SSON_2325	99.1	556	5	0	1	556	1	556	0.0	1113
NC_000913.3_2233	iSDY_1059.SDY_2460	98.2	556	10	0	1	556	1	556	0.0	1102
NC_000913.3_2233	STM_v1_0.STM2309	91.0	556	50	0	1	556	1	556	0.0	1033
NC_000913.3_2234	iML1515.b2265	100	431	0	0	1	431	1	431	0.0	867
NC_000913.3_2234	iSbBS512_1146.SbBS512_E2644	99.3	431	3	0	1	431	1	431	3.84e-319	860
NC_000913.3_2236	iCN718.ABAYE_RS03670	32.5	126	73	4	23	146	19	134	2.16e-11	57.8
NC_000913.3_2245	iML1515.b2276	100	485	0	0	1	485	1	485	0.0	914
NC_000913.3_2245	iSbBS512_1146.SbBS512_E2652	99.6	485	2	0	1	485	1	485	0.0	911
NC_000913.3_2245	iYL1228.KPN_02666	93.4	485	32	0	1	485	1	485	1.84e-315	856
NC_000913.3_2246	iML1515.b2277	100	509	0	0	1	509	1	509	0.0	998
NC_000913.3_2246	iSF_1195.SF2353	99.8	509	1	0	1	509	1	509	0.0	997
NC_000913.3_2246	iSbBS512_1146.SbBS512_E2653	99.8	509	1	0	1	509	1	509	0.0	996
NC_000913.3_2246	iSDY_1059.SDY_2473	99.6	509	2	0	1	509	1	509	0.0	994
NC_000913.3_2246	iSSON_1240.SSON_2334	99.2	509	4	0	1	509	1	509	0.0	991
NC_000913.3_2246	STM_v1_0.STM2317	96.9	509	16	0	1	509	1	509	0.0	972
NC_000913.3_2246	iYL1228.KPN_02667	93.7	509	32	0	1	509	1	509	0.0	951
NC_000913.3_2247	iML1515.b2278	100	613	0	0	1	613	1	613	0.0	1188
NC_000913.3_2247	iSSON_1240.SSON_2335	99.2	613	5	0	1	613	1	613	0.0	1182
NC_000913.3_2247	iSDY_1059.SDY_2474	99.3	613	4	0	1	613	1	613	0.0	1181
NC_000913.3_2247	iSF_1195.SF2354	99.3	613	4	0	1	613	1	613	0.0	1181
NC_000913.3_2247	iSbBS512_1146.SbBS512_E2654	99.2	613	5	0	1	613	1	613	0.0	1180
NC_000913.3_2247	STM_v1_0.STM2318	94.8	613	32	0	1	613	1	613	0.0	1150
NC_000913.3_2247	iYL1228.KPN_02668	93.3	613	41	0	1	613	1	613	0.0	1131
NC_000913.3_2248	iML1515.b2279	100	100	0	0	1	100	1	100	9.24e-61	180
NC_000913.3_2248	iSDY_1059.SDY_2475	100	100	0	0	1	100	1	100	9.24e-61	180
NC_000913.3_2248	iSF_1195.SF2355	100	100	0	0	1	100	1	100	9.24e-61	180
NC_000913.3_2248	iSSON_1240.SSON_2336	99.0	100	1	0	1	100	1	100	1.31e-60	179
NC_000913.3_2248	iSbBS512_1146.SbBS512_E2655	99.0	100	1	0	1	100	1	100	2.65e-60	179
NC_000913.3_2248	STM_v1_0.STM2319	99.0	100	1	0	1	100	1	100	7.60e-60	177
NC_000913.3_2248	iYL1228.KPN_02669	94.0	100	6	0	1	100	1	100	4.23e-57	171
NC_000913.3_2248	iPC815.YPO2546	89.0	100	11	0	1	100	1	100	9.58e-54	162
NC_000913.3_2249	iML1515.b2280	100	184	0	0	1	184	1	184	5.85e-120	336
NC_000913.3_2249	iSbBS512_1146.SbBS512_E2656	100	184	0	0	1	184	1	184	5.85e-120	336
NC_000913.3_2249	iSDY_1059.SDY_2476	100	184	0	0	1	184	1	184	5.85e-120	336
NC_000913.3_2249	iSF_1195.SF2356	100	184	0	0	1	184	1	184	5.85e-120	336
NC_000913.3_2249	iSSON_1240.SSON_2337	100	184	0	0	1	184	1	184	5.85e-120	336
NC_000913.3_2249	STM_v1_0.STM2320	96.7	184	6	0	1	184	1	184	3.78e-116	327
NC_000913.3_2249	iYL1228.KPN_02670	89.7	184	19	0	1	184	1	184	7.83e-109	308
NC_000913.3_2250	iML1515.b2281	100	180	0	0	1	180	1	180	2.71e-123	344
NC_000913.3_2250	iSbBS512_1146.SbBS512_E2657	100	180	0	0	1	180	1	180	2.71e-123	344
NC_000913.3_2250	iSF_1195.SF2357	100	180	0	0	1	180	1	180	2.71e-123	344
NC_000913.3_2250	iSSON_1240.SSON_2338	99.4	180	1	0	1	180	1	180	3.86e-123	344
NC_000913.3_2250	STM_v1_0.STM2321	99.4	180	1	0	1	180	1	180	7.78e-123	343
NC_000913.3_2250	iSDY_1059.SDY_2477	99.4	180	1	0	1	180	1	180	1.11e-122	343
NC_000913.3_2250	iYL1228.KPN_02671	98.3	180	3	0	1	180	1	180	7.47e-121	338
NC_000913.3_2250	iPC815.YPO2548	94.4	180	10	0	1	180	1	180	2.80e-116	327
NC_000913.3_2251	iML1515.b2282	100	325	0	0	1	325	1	325	3.20e-235	639
NC_000913.3_2251	iSbBS512_1146.SbBS512_E2658	100	325	0	0	1	325	1	325	3.20e-235	639
NC_000913.3_2251	iSDY_1059.SDY_2478	100	325	0	0	1	325	1	325	3.20e-235	639
NC_000913.3_2251	iSSON_1240.SSON_2339	100	325	0	0	1	325	1	325	3.20e-235	639
NC_000913.3_2251	iSF_1195.SF2358	99.7	325	1	0	1	325	1	325	1.30e-234	638
NC_000913.3_2251	STM_v1_0.STM2322	95.7	325	14	0	1	325	1	325	5.68e-229	624
NC_000913.3_2251	iYL1228.KPN_02672	94.8	325	17	0	1	325	1	325	7.73e-227	618
NC_000913.3_2251	iPC815.YPO2549	92.3	325	25	0	1	325	1	325	2.37e-221	604
NC_000913.3_2252	iML1515.b2283	100	908	0	0	1	908	1	908	0.0	1840
NC_000913.3_2252	iSbBS512_1146.SbBS512_E2659	99.8	908	2	0	1	908	1	908	0.0	1836
NC_000913.3_2252	iSSON_1240.SSON_2340	99.7	908	3	0	1	908	3	910	0.0	1835
NC_000913.3_2252	iSF_1195.SF2359	99.4	908	5	0	1	908	1	908	0.0	1832
NC_000913.3_2252	iSDY_1059.SDY_2479	99.4	908	5	0	1	908	3	910	0.0	1827
NC_000913.3_2252	iYL1228.KPN_02673	90.5	907	86	0	1	907	1	907	0.0	1698
NC_000913.3_2253	iML1515.b2284	100	445	0	0	1	445	1	445	0.0	924
NC_000913.3_2253	iSDY_1059.SDY_2480	100	445	0	0	1	445	1	445	0.0	924
NC_000913.3_2253	iSbBS512_1146.SbBS512_E2660	99.8	445	1	0	1	445	1	445	0.0	923
NC_000913.3_2253	iSF_1195.SF2360	99.8	445	1	0	1	445	1	445	0.0	923
NC_000913.3_2253	iSSON_1240.SSON_2341	99.8	445	1	0	1	445	1	445	0.0	923
NC_000913.3_2253	STM_v1_0.STM2324	98.9	445	5	0	1	445	1	445	0.0	916
NC_000913.3_2253	iYL1228.KPN_02674	96.0	445	18	0	1	445	1	445	0.0	892
NC_000913.3_2253	iPC815.YPO2551	89.0	453	41	2	2	445	9	461	4.20e-307	832
NC_000913.3_2254	iML1515.b2285	100	166	0	0	1	166	1	166	9.36e-124	344
NC_000913.3_2254	iSbBS512_1146.SbBS512_E2661	100	166	0	0	1	166	1	166	9.36e-124	344
NC_000913.3_2254	iSF_1195.SF2361	100	166	0	0	1	166	1	166	9.36e-124	344
NC_000913.3_2254	iSSON_1240.SSON_2342	100	166	0	0	1	166	1	166	9.36e-124	344
NC_000913.3_2254	iSDY_1059.SDY_2481	99.4	166	1	0	1	166	1	166	3.14e-122	340
NC_000913.3_2254	STM_v1_0.STM2325	97.0	166	5	0	1	166	1	166	8.65e-120	334
NC_000913.3_2254	iYL1228.KPN_02675	95.2	166	8	0	1	166	1	166	2.90e-118	330
NC_000913.3_2255	iSDY_1059.SDY_2482	99.7	600	2	0	1	600	1	600	0.0	1229
NC_000913.3_2255	iSF_1195.SF2362	99.7	600	2	0	1	600	1	600	0.0	1229
NC_000913.3_2255	iSSON_1240.SSON_2343	99.7	600	2	0	1	600	1	600	0.0	1229
NC_000913.3_2255	iSbBS512_1146.SbBS512_E2662	99.5	600	3	0	1	600	1	600	0.0	1228
NC_000913.3_2255	iML1515.b2286	100	596	0	0	5	600	1	596	0.0	1222
NC_000913.3_2255	iYL1228.KPN_02676	95.5	602	25	1	1	600	1	602	0.0	1188
NC_000913.3_2255	STM_v1_0.STM2326	94.8	600	31	0	1	600	1	600	0.0	1183
NC_000913.3_2256	iML1515.b2287	100	220	0	0	1	220	1	220	1.66e-164	452
NC_000913.3_2256	iSbBS512_1146.SbBS512_E2663	100	220	0	0	1	220	1	220	1.66e-164	452
NC_000913.3_2256	iSF_1195.SF2363	100	220	0	0	1	220	1	220	1.66e-164	452
NC_000913.3_2256	iSSON_1240.SSON_2344	100	220	0	0	1	220	1	220	1.66e-164	452
NC_000913.3_2256	iSDY_1059.SDY_2483	99.5	220	1	0	1	220	1	220	1.36e-163	449
NC_000913.3_2256	STM_v1_0.STM2327	99.1	220	2	0	1	220	1	220	5.55e-163	448
NC_000913.3_2256	iYL1228.KPN_02677	96.9	224	3	1	1	220	1	224	3.56e-160	441
NC_000913.3_2256	iPC815.YPO2554	90.2	225	17	2	1	220	1	225	2.47e-149	414
NC_000913.3_2257	iML1515.b2288	100	147	0	0	1	147	1	147	1.68e-101	286
NC_000913.3_2257	iSbBS512_1146.SbBS512_E2664	100	147	0	0	1	147	1	147	1.68e-101	286
NC_000913.3_2257	iSDY_1059.SDY_2484	100	147	0	0	1	147	1	147	1.68e-101	286
NC_000913.3_2257	iSF_1195.SF2364	100	147	0	0	1	147	1	147	1.68e-101	286
NC_000913.3_2257	iSSON_1240.SSON_2345	100	147	0	0	1	147	1	147	1.68e-101	286
NC_000913.3_2257	STM_v1_0.STM2328	98.0	147	3	0	1	147	1	147	1.14e-99	282
NC_000913.3_2260	iML1515.b2290	100	405	0	0	1	405	1	405	3.21e-305	823
NC_000913.3_2260	iSbBS512_1146.SbBS512_E2666	100	405	0	0	1	405	1	405	3.21e-305	823
NC_000913.3_2260	iSF_1195.SF2366	100	405	0	0	1	405	1	405	3.21e-305	823
NC_000913.3_2260	iSSON_1240.SSON_2347	100	405	0	0	1	405	1	405	3.21e-305	823
NC_000913.3_2260	iSDY_1059.SDY_2486	99.8	405	1	0	1	405	1	405	5.32e-304	820
NC_000913.3_2261	iML1515.b2291	100	199	0	0	1	199	1	199	9.65e-140	387
NC_000913.3_2261	iSF_1195.SF2367	99.0	199	2	0	1	199	1	199	3.93e-139	386
NC_000913.3_2261	iSSON_1240.SSON_2348	99.0	199	2	0	1	199	1	199	7.93e-139	385
NC_000913.3_2261	iSDY_1059.SDY_2487	99.0	199	2	0	1	199	1	199	1.13e-138	385
NC_000913.3_2261	iSbBS512_1146.SbBS512_E2667	99.0	199	2	0	1	199	1	199	1.60e-138	384
NC_000913.3_2261	STM_v1_0.STM2332	91.5	199	17	0	1	199	1	199	6.44e-129	360
NC_000913.3_2261	iYL1228.KPN_02681	91.5	199	17	0	1	199	1	199	5.29e-128	358
NC_000913.3_2262	iJN1463.PP_3931	61.0	608	236	1	1	608	1	607	8.50e-245	687
NC_000913.3_2263	iML1515.b2293	100	216	0	0	1	216	1	216	4.22e-156	430
NC_000913.3_2266	iML1515.b2296	100	400	0	0	1	400	1	400	8.00e-292	789
NC_000913.3_2266	iSbBS512_1146.SbBS512_E2672	100	400	0	0	1	400	1	400	8.00e-292	789
NC_000913.3_2266	iSSON_1240.SSON_2353	100	400	0	0	1	400	1	400	8.00e-292	789
NC_000913.3_2266	iSF_1195.SF2372	99.8	400	1	0	1	400	1	400	3.26e-291	787
NC_000913.3_2266	iSDY_1059.SDY_2492	99.8	400	1	0	1	400	1	400	4.63e-291	787
NC_000913.3_2266	STM_v1_0.STM2337	97.8	400	9	0	1	400	1	400	8.57e-287	776
NC_000913.3_2266	iYL1228.KPN_02687	96.3	400	15	0	1	400	1	400	7.87e-283	766
NC_000913.3_2266	iPC815.YPO2566	88.5	400	46	0	1	400	1	400	7.21e-263	716
NC_000913.3_2267	iML1515.b2297	100	714	0	0	1	714	1	714	0.0	1362
NC_000913.3_2267	iSbBS512_1146.SbBS512_E2673	100	714	0	0	1	714	1	714	0.0	1362
NC_000913.3_2267	iSF_1195.SF2373	100	714	0	0	1	714	1	714	0.0	1362
NC_000913.3_2267	iSSON_1240.SSON_2354	100	714	0	0	1	714	1	714	0.0	1362
NC_000913.3_2267	iSDY_1059.SDY_2493	99.4	714	4	0	1	714	1	714	0.0	1356
NC_000913.3_2267	STM_v1_0.STM2338	96.5	714	24	1	1	714	1	713	0.0	1315
NC_000913.3_2267	iYL1228.KPN_02688	95.3	709	33	0	6	714	1	709	0.0	1299
NC_000913.3_2268	iCN900.CD630_31000	34.3	493	273	10	1	491	16	459	5.72e-80	256
NC_000913.3_2269	iJN1463.PP_0565	38.0	163	99	1	4	164	11	173	7.37e-28	102
NC_000913.3_2271	iCHOv1.100764455	33.7	95	58	2	24	116	69	160	2.72e-08	52.8
NC_000913.3_2271	iMM1415.14874	33.7	95	58	2	24	116	22	113	9.16e-08	50.4
NC_000913.3_2271	iAT_PLT_636.2954	31.6	95	60	2	24	116	22	113	1.70e-07	49.7
NC_000913.3_2272	iML1515.b2302	100	215	0	0	1	215	1	215	7.93e-165	452
NC_000913.3_2273	iML1515.b2303	100	120	0	0	1	120	1	120	5.25e-83	238
NC_000913.3_2273	iSbBS512_1146.SbBS512_E2679	100	120	0	0	1	120	1	120	5.25e-83	238
NC_000913.3_2273	iSDY_1059.SDY_2500	100	120	0	0	1	120	1	120	5.25e-83	238
NC_000913.3_2273	iSF_1195.SF2379	100	120	0	0	1	120	1	120	5.25e-83	238
NC_000913.3_2273	iSSON_1240.SSON_2360	100	120	0	0	1	120	1	120	5.25e-83	238
NC_000913.3_2274	iAF692.Mbar_A0021	30.2	162	99	5	2	154	5	161	1.40e-08	54.7
NC_000913.3_2276	iML1515.b2306	100	257	0	0	1	257	1	257	1.25e-182	501
NC_000913.3_2276	iSbBS512_1146.SbBS512_E2684	99.6	257	1	0	1	257	1	257	5.07e-182	499
NC_000913.3_2276	iSF_1195.SF2382	99.6	257	1	0	1	257	1	257	5.07e-182	499
NC_000913.3_2276	iSSON_1240.SSON_2364	99.6	257	1	0	1	257	1	257	5.07e-182	499
NC_000913.3_2276	iSDY_1059.SDY_2505	99.2	257	2	0	1	257	1	257	1.45e-181	498
NC_000913.3_2276	STM_v1_0.STM2351	94.6	257	14	0	1	257	2	258	8.96e-174	478
NC_000913.3_2276	iYL1228.KPN_02696	94.2	257	15	0	1	257	1	257	2.37e-171	472
NC_000913.3_2277	iML1515.b2307	100	238	0	0	1	238	1	238	1.07e-169	466
NC_000913.3_2277	iSbBS512_1146.SbBS512_E2685	100	238	0	0	1	238	1	238	1.07e-169	466
NC_000913.3_2277	iSDY_1059.SDY_2506	100	238	0	0	1	238	1	238	1.07e-169	466
NC_000913.3_2277	iSF_1195.SF2383	100	238	0	0	1	238	1	238	1.07e-169	466
NC_000913.3_2277	iSSON_1240.SSON_2365	100	238	0	0	1	238	1	238	1.07e-169	466
NC_000913.3_2277	iYL1228.KPN_02697	93.3	238	16	0	1	238	1	238	1.01e-158	439
NC_000913.3_2277	STM_v1_0.STM2352	92.7	232	17	0	1	232	1	232	3.38e-154	427
NC_000913.3_2278	iML1515.b2308	100	228	0	0	1	228	1	228	7.77e-158	436
NC_000913.3_2278	iSDY_1059.SDY_2507	99.6	228	1	0	1	228	1	228	2.23e-157	434
NC_000913.3_2278	iSSON_1240.SSON_2366	99.6	228	1	0	1	228	1	228	2.23e-157	434
NC_000913.3_2278	iSF_1195.SF2384	99.1	228	2	0	1	228	1	228	1.83e-156	432
NC_000913.3_2278	iSbBS512_1146.SbBS512_E2686	98.7	228	3	0	1	228	1	228	1.50e-155	430
NC_000913.3_2278	STM_v1_0.STM2353	91.2	228	20	0	1	228	1	228	8.93e-148	410
NC_000913.3_2279	iML1515.b2309	100	260	0	0	1	260	1	260	3.44e-186	510
NC_000913.3_2279	iSbBS512_1146.SbBS512_E2687	100	260	0	0	1	260	1	260	3.44e-186	510
NC_000913.3_2279	iSSON_1240.SSON_2367	100	260	0	0	1	260	1	260	3.44e-186	510
NC_000913.3_2279	iSDY_1059.SDY_2508	99.6	260	1	0	1	260	1	260	2.83e-185	508
NC_000913.3_2279	STM_v1_0.STM2354	98.1	260	5	0	1	260	1	260	7.78e-183	501
NC_000913.3_2279	iSF_1195.SF2385	99.2	250	2	0	1	250	1	250	1.87e-175	483
NC_000913.3_2279	iYL1228.KPN_02699	90.3	259	25	0	1	259	1	259	2.01e-169	468
NC_000913.3_2280	iML1515.b2310	100	260	0	0	1	260	1	260	1.34e-183	503
NC_000913.3_2280	iSbBS512_1146.SbBS512_E2688	99.6	260	1	0	1	260	1	260	7.78e-183	501
NC_000913.3_2280	iSSON_1240.SSON_2368	99.2	260	2	0	1	260	1	260	1.29e-181	498
NC_000913.3_2280	iSDY_1059.SDY_2509	98.8	260	3	0	1	260	1	260	5.25e-181	497
NC_000913.3_2280	iSF_1195.SF2386	98.8	260	3	0	1	260	1	260	6.13e-180	494
NC_000913.3_2280	STM_v1_0.STM2355	91.2	260	23	0	1	260	1	260	8.56e-171	471
NC_000913.3_2281	iSDY_1059.SDY_2510	100	189	0	0	1	189	1	189	3.82e-132	367
NC_000913.3_2281	iSbBS512_1146.SbBS512_E2689	99.5	189	1	0	1	189	1	189	1.10e-131	366
NC_000913.3_2281	iSSON_1240.SSON_2369	99.5	189	1	0	1	189	1	189	1.10e-131	366
NC_000913.3_2281	iSF_1195.SF2387	98.9	189	2	0	1	189	1	189	5.21e-130	362
NC_000913.3_2281	STM_v1_0.STM2356	91.0	189	17	0	1	189	1	189	3.62e-121	340
NC_000913.3_2281	iYL1228.KPN_02701	88.4	189	22	0	1	189	1	189	1.21e-119	336
NC_000913.3_2282	iML1515.b2312	100	505	0	0	1	505	1	505	0.0	996
NC_000913.3_2282	iSbBS512_1146.SbBS512_E2690	100	505	0	0	1	505	1	505	0.0	996
NC_000913.3_2282	iSF_1195.SF2388	100	505	0	0	1	505	1	505	0.0	996
NC_000913.3_2282	iSSON_1240.SSON_2370	100	505	0	0	1	505	1	505	0.0	996
NC_000913.3_2282	iSDY_1059.SDY_2511	99.6	505	2	0	1	505	1	505	0.0	991
NC_000913.3_2282	iYL1228.KPN_02702	96.6	505	17	0	1	505	1	505	0.0	968
NC_000913.3_2282	STM_v1_0.STM2362	96.2	505	19	0	1	505	1	505	0.0	964
NC_000913.3_2285	iML1515.b2315	100	422	0	0	1	422	1	422	4.63e-309	834
NC_000913.3_2285	iSbBS512_1146.SbBS512_E2693	99.5	422	2	0	1	422	1	422	3.12e-307	830
NC_000913.3_2285	iSSON_1240.SSON_2373	99.5	422	2	0	1	422	1	422	3.12e-307	830
NC_000913.3_2285	iSF_1195.SF2391	99.5	422	2	0	1	422	1	422	4.43e-307	829
NC_000913.3_2285	iSDY_1059.SDY_2514	99.3	422	3	0	1	422	1	422	1.27e-306	828
NC_000913.3_2286	iML1515.b2316	100	304	0	0	1	304	1	304	4.99e-217	592
NC_000913.3_2286	iSSON_1240.SSON_2374	99.7	304	1	0	1	304	1	304	2.89e-216	590
NC_000913.3_2286	iSbBS512_1146.SbBS512_E2694	99.7	304	1	0	1	304	1	304	1.67e-215	588
NC_000913.3_2286	iSDY_1059.SDY_2515	99.7	304	1	0	1	304	1	304	1.67e-215	588
NC_000913.3_2286	STM_v1_0.STM2366	98.0	304	6	0	1	304	1	304	3.23e-213	582
NC_000913.3_2286	iYL1228.KPN_02706	97.1	306	7	1	1	304	1	306	4.54e-209	572
NC_000913.3_2286	iSF_1195.SF2392	92.4	304	23	0	1	304	1	304	2.19e-195	537
NC_000913.3_2287	iNF517.LLMG_RS09290	24.0	175	121	4	47	211	28	200	4.29e-09	54.3
NC_000913.3_2288	iCN900.CD630_01030	32.8	241	161	1	12	252	4	243	2.86e-44	149
NC_000913.3_2288	iNF517.LLMG_RS02350	36.7	240	149	3	16	252	8	247	2.09e-43	147
NC_000913.3_2288	iYS854.USA300HOU_RS12020	34.4	250	163	1	11	260	2	250	2.82e-40	140
NC_000913.3_2289	iAF987.Gmet_0604	39.3	341	199	5	1	336	1	338	3.39e-71	224
NC_000913.3_2290	iML1515.b2320	100	378	0	0	1	378	1	378	1.84e-279	756
NC_000913.3_2290	iSbBS512_1146.SbBS512_E2698	98.9	378	4	0	1	378	1	378	2.92e-276	748
NC_000913.3_2290	iSSON_1240.SSON_2378	98.9	378	4	0	1	378	1	378	2.92e-276	748
NC_000913.3_2290	iSF_1195.SF2396	98.9	378	4	0	1	378	1	378	4.15e-276	747
NC_000913.3_2290	iSDY_1059.SDY_2519	98.7	378	5	0	1	378	1	378	8.38e-276	746
NC_000913.3_2292	iJN1463.PP_4492	45.6	342	186	0	25	366	23	364	2.41e-96	293
NC_000913.3_2293	iML1515.b2323	100	406	0	0	1	406	1	406	4.46e-292	790
NC_000913.3_2293	iSbBS512_1146.SbBS512_E2701	99.8	406	1	0	1	406	1	406	1.82e-291	788
NC_000913.3_2293	iSSON_1240.SSON_2381	99.8	406	1	0	1	406	1	406	1.82e-291	788
NC_000913.3_2293	iSDY_1059.SDY_2522	99.5	406	2	0	1	406	1	406	5.21e-291	787
NC_000913.3_2293	iSF_1195.SF2399	99.3	405	3	0	1	405	1	405	2.27e-289	783
NC_000913.3_2293	STM_v1_0.STM2378	96.8	404	13	0	1	404	1	404	3.34e-282	765
NC_000913.3_2293	iYL1228.KPN_02713	96.5	403	14	0	1	403	1	403	4.20e-281	762
NC_000913.3_2298	iML1515.b2328	100	274	0	0	1	274	1	274	7.63e-206	561
NC_000913.3_2298	iSF_1195.SF2404	100	274	0	0	1	274	1	274	7.63e-206	561
NC_000913.3_2298	iSDY_1059.SDY_2527	99.3	274	2	0	1	274	1	274	1.80e-204	557
NC_000913.3_2298	iSbBS512_1146.SbBS512_E2706	99.3	274	2	0	1	274	1	274	3.63e-204	556
NC_000913.3_2298	iSSON_1240.SSON_2386	99.3	274	2	0	1	274	1	274	2.10e-203	555
NC_000913.3_2298	STM_v1_0.STM2383	89.1	274	30	0	1	274	1	274	2.91e-185	509
NC_000913.3_2299	iML1515.b2329	100	361	0	0	1	361	1	361	2.55e-266	721
NC_000913.3_2299	iSDY_1059.SDY_2528	99.7	361	1	0	1	361	1	361	1.04e-265	719
NC_000913.3_2299	iSSON_1240.SSON_2387	99.4	361	2	0	1	361	1	361	1.21e-264	717
NC_000913.3_2299	iSF_1195.SF2405	99.2	361	3	0	1	361	1	361	4.94e-264	715
NC_000913.3_2299	iSbBS512_1146.SbBS512_E2707	99.2	361	3	0	1	361	1	361	4.06e-263	713
NC_000913.3_2299	STM_v1_0.STM2384	95.6	361	16	0	1	361	1	361	9.81e-255	692
NC_000913.3_2299	iYL1228.KPN_02719	93.9	361	22	0	1	361	1	361	2.58e-250	681
NC_000913.3_2300	iIT341.HP0381	31.6	206	132	6	68	272	48	245	5.57e-20	87.4
NC_000913.3_2300	iSynCJ816.SGL_RS09640	32.4	188	120	4	82	262	72	259	2.77e-19	85.9
NC_000913.3_2310	iSynCJ816.SGL_RS13795	32.2	87	56	2	1	85	1	86	5.15e-06	43.9
NC_000913.3_2311	iML1515.b2341	100	714	0	0	1	714	1	714	0.0	1394
NC_000913.3_2311	iSbBS512_1146.SbBS512_E2721	98.5	714	11	0	1	714	1	714	0.0	1378
NC_000913.3_2311	iSF_1195.SF2419	98.5	714	11	0	1	714	1	714	0.0	1378
NC_000913.3_2311	iSSON_1240.SSON_2397	98.5	714	11	0	1	714	1	714	0.0	1378
NC_000913.3_2311	iSDY_1059.SDY_2542	97.9	714	15	0	1	714	1	714	0.0	1370
NC_000913.3_2312	iML1515.b2342	100	436	0	0	1	436	1	436	2.39e-309	836
NC_000913.3_2312	iSbBS512_1146.SbBS512_E2722	99.5	436	2	0	1	436	1	436	3.96e-308	833
NC_000913.3_2312	iSSON_1240.SSON_2398	99.3	436	3	0	1	436	1	436	6.57e-307	830
NC_000913.3_2312	iSF_1195.SF2420	98.9	436	5	0	1	436	1	436	7.66e-306	827
NC_000913.3_2312	iSDY_1059.SDY_2543	97.5	436	11	0	1	436	1	436	1.16e-300	814
NC_000913.3_2312	STM_v1_0.STM2389	93.1	436	30	0	1	436	1	436	1.27e-288	784
NC_000913.3_2312	iYL1228.KPN_02724	88.8	436	49	0	1	436	1	436	2.49e-279	760
NC_000913.3_2314	iML1515.b2344	100	446	0	0	1	446	1	446	0.0	908
NC_000913.3_2314	iSSON_1240.SSON_2400	99.8	446	1	0	1	446	3	448	0.0	906
NC_000913.3_2314	iSF_1195.SF2421	99.6	446	2	0	1	446	1	446	0.0	905
NC_000913.3_2314	iSDY_1059.SDY_2545	99.6	446	2	0	1	446	3	448	0.0	904
NC_000913.3_2314	iSbBS512_1146.SbBS512_E2724	99.6	446	2	0	1	446	1	446	0.0	904
NC_000913.3_2314	STM_v1_0.STM2391	91.5	446	27	1	1	446	3	437	1.62e-303	822
NC_000913.3_2316	iSbBS512_1146.SbBS512_E2729	99.6	251	1	0	1	251	1	251	1.08e-189	518
NC_000913.3_2316	iSDY_1059.SDY_2550	99.6	251	1	0	1	251	1	251	1.08e-189	518
NC_000913.3_2316	iSSON_1240.SSON_2403	99.6	251	1	0	1	251	1	251	1.08e-189	518
NC_000913.3_2316	iSF_1195.SF2424	99.2	251	2	0	1	251	1	251	8.86e-189	516
NC_000913.3_2316	STM_v1_0.STM2392	94.0	251	15	0	1	251	1	251	1.58e-182	500
NC_000913.3_2317	iSDY_1059.SDY_2551	99.0	310	3	0	1	310	1	310	1.54e-214	586
NC_000913.3_2317	iSSON_1240.SSON_2404	99.0	310	3	0	1	310	1	310	1.54e-214	586
NC_000913.3_2317	iSbBS512_1146.SbBS512_E2730	98.4	310	5	0	1	310	1	310	3.62e-213	582
NC_000913.3_2319	iYL1228.KPN_03846	32.3	310	198	5	2	304	9	313	5.50e-46	157
NC_000913.3_2319	iAF987.Gmet_0885	28.2	301	215	1	3	303	6	305	1.98e-45	155
NC_000913.3_2319	iML1515.b2254	31.5	314	195	5	2	304	9	313	5.26e-45	155
NC_000913.3_2319	iSF_1195.SF2333	31.5	314	195	5	2	304	9	313	5.26e-45	155
NC_000913.3_2319	iSSON_1240.SSON_2315	31.5	314	195	5	2	304	9	313	5.26e-45	155
NC_000913.3_2319	iPC815.YPO2421	31.5	311	199	6	2	304	9	313	1.64e-44	154
NC_000913.3_2319	STM_v1_0.STM2298	32.7	312	194	8	2	304	9	313	2.47e-43	150
NC_000913.3_2319	iEK1008.Rv1500	31.8	305	204	3	1	304	1	302	5.52e-41	145
NC_000913.3_2329	iML1515.b2361	100	178	0	0	1	178	1	178	1.65e-132	367
NC_000913.3_2334	iJN1463.PP_3417	39.8	437	259	3	12	445	15	450	5.18e-90	280
NC_000913.3_2334	iHN637.CLJU_RS05690	35.9	434	276	2	13	445	8	440	5.78e-83	261
NC_000913.3_2334	iYS854.USA300HOU_RS13570	36.1	454	274	6	1	444	1	448	7.85e-83	261
NC_000913.3_2334	iPC815.YPO3954	37.0	435	268	5	13	445	8	438	1.49e-82	260
NC_000913.3_2334	iML1515.b3415	36.6	440	263	6	13	445	8	438	5.86e-82	259
NC_000913.3_2334	iSbBS512_1146.SbBS512_E3796	36.6	440	263	6	13	445	8	438	5.86e-82	259
NC_000913.3_2334	iYO844.BSU40070	37.7	448	257	8	13	445	8	448	1.53e-81	258
NC_000913.3_2334	iSSON_1240.SSON_3547	36.6	440	263	6	13	445	8	438	1.16e-81	258
NC_000913.3_2334	iSF_1195.SF3438	36.4	440	264	6	13	445	8	438	1.64e-81	258
NC_000913.3_2334	iSDY_1059.SDY_3661	36.4	440	264	6	13	445	8	438	4.58e-81	256
NC_000913.3_2334	STM_v1_0.STM3512	36.1	440	265	6	13	445	8	438	1.28e-80	255
NC_000913.3_2335	iML1515.b2366	100	442	0	0	1	442	1	442	0.0	878
NC_000913.3_2335	iSSON_1240.SSON_2457	99.8	442	1	0	1	442	1	442	0.0	875
NC_000913.3_2335	iSDY_1059.SDY_2561	98.9	442	5	0	1	442	1	442	0.0	868
NC_000913.3_2335	iSF_1195.SF2433	99.1	442	4	0	1	442	1	442	0.0	867
NC_000913.3_2335	iSbBS512_1146.SbBS512_E2735	98.6	414	6	0	29	442	9	422	3.39e-298	808
NC_000913.3_2336	iYO844.BSU03070	27.7	499	328	11	19	501	14	495	2.91e-41	154
NC_000913.3_2337	iML1515.b3241	25.7	331	184	9	19	343	16	290	8.28e-19	85.9
NC_000913.3_2338	iJN1463.PP_1494	23.9	142	106	1	4	143	21	162	5.20e-05	42.7
NC_000913.3_2338	iEK1008.Rv0386	37.3	59	37	0	142	200	1025	1083	9.74e-04	39.3
NC_000913.3_2339	iAF987.Gmet_0043	24.0	350	242	8	692	1033	21	354	2.42e-19	93.2
NC_000913.3_2340	iML1515.b2371	100	381	0	0	1	381	1	381	1.36e-287	776
NC_000913.3_2342	iML1515.b2373	100	564	0	0	1	564	1	564	0.0	1100
NC_000913.3_2342	iSSON_1240.SSON_2464	100	564	0	0	1	564	1	564	0.0	1100
NC_000913.3_2342	iSDY_1059.SDY_2571	99.8	564	1	0	1	564	1	564	0.0	1098
NC_000913.3_2342	iSF_1195.SF2440	99.8	564	1	0	1	564	1	564	0.0	1098
NC_000913.3_2342	iSbBS512_1146.SbBS512_E2742	99.6	564	2	0	1	564	1	564	0.0	1097
NC_000913.3_2343	iML1515.b2374	100	416	0	0	1	416	1	416	1.98e-316	852
NC_000913.3_2343	iSF_1195.SF2441	100	416	0	0	1	416	1	416	1.98e-316	852
NC_000913.3_2343	iSDY_1059.SDY_2572	99.8	416	1	0	1	416	1	416	5.67e-316	851
NC_000913.3_2343	iSbBS512_1146.SbBS512_E2743	99.8	416	1	0	1	416	1	416	8.05e-316	851
NC_000913.3_2343	iSSON_1240.SSON_2465	99.8	416	1	0	1	416	1	416	3.28e-315	849
NC_000913.3_2347	iML1515.b2378	100	306	0	0	1	306	1	306	2.00e-233	633
NC_000913.3_2347	iSF_1195.SF2444	100	306	0	0	1	306	23	328	4.55e-233	633
NC_000913.3_2347	iSDY_1059.SDY_2576	99.7	306	1	0	1	306	23	328	3.74e-232	631
NC_000913.3_2347	iSSON_1240.SSON_2469	99.7	306	1	0	1	306	23	328	5.31e-232	630
NC_000913.3_2347	iSbBS512_1146.SbBS512_E2746	99.7	306	1	0	1	306	1	306	3.31e-232	630
NC_000913.3_2347	STM_v1_0.STM2401	90.8	306	28	0	1	306	1	306	2.09e-210	575
NC_000913.3_2348	iML1515.b2379	100	412	0	0	1	412	1	412	3.00e-309	834
NC_000913.3_2348	iSSON_1240.SSON_2470	99.8	412	1	0	1	412	1	412	1.22e-308	832
NC_000913.3_2348	iSDY_1059.SDY_2577	99.8	412	1	0	1	412	1	412	7.06e-308	830
NC_000913.3_2348	iSbBS512_1146.SbBS512_E2748	99.3	412	3	0	1	412	1	412	1.17e-306	827
NC_000913.3_2348	iSF_1195.SF2445	99.3	412	3	0	1	412	1	412	1.17e-306	827
NC_000913.3_2350	iAF987.Gmet_1919	27.5	109	73	3	3	108	5	110	1.94e-05	44.7
NC_000913.3_2350	iAF987.Gmet_0069	25.5	106	73	3	3	103	5	109	4.35e-05	43.5
NC_000913.3_2352	iML1515.b2416	38.8	575	344	3	116	683	1	574	1.30e-121	378
NC_000913.3_2352	iSDY_1059.SDY_2613	38.8	575	344	3	116	683	1	574	1.30e-121	378
NC_000913.3_2352	iSF_1195.SF2471	38.8	575	344	3	116	683	1	574	1.30e-121	378
NC_000913.3_2352	iSSON_1240.SSON_2505	38.8	575	344	3	116	683	1	574	1.30e-121	378
NC_000913.3_2352	iSbBS512_1146.SbBS512_E2764	38.6	575	345	3	116	683	1	574	1.41e-120	375
NC_000913.3_2352	STM_v1_0.STM2432	38.4	575	346	3	116	683	1	574	2.78e-120	375
NC_000913.3_2352	iYL1228.KPN_02763	38.4	575	346	3	116	683	1	574	3.00e-119	372
NC_000913.3_2352	iYS854.USA300HOU_RS05400	39.3	501	297	4	180	677	74	570	6.37e-112	353
NC_000913.3_2352	iYO844.BSU13910	34.9	564	359	4	117	674	4	565	2.14e-107	341
NC_000913.3_2354	iYS854.USA300HOU_RS08170	39.4	348	203	4	11	357	11	351	1.25e-81	252
NC_000913.3_2355	iCN900.CD630_30130	34.9	370	206	8	34	401	13	349	8.93e-58	193
NC_000913.3_2356	iHN637.CLJU_RS12835	40.0	105	63	0	4	108	2	106	1.20e-22	84.3
NC_000913.3_2356	iCN900.CD630_30140	41.7	103	60	0	1	103	1	103	6.87e-22	82.4
NC_000913.3_2356	iCN900.CD630_02080	40.8	98	58	0	4	101	2	99	1.42e-20	79.0
NC_000913.3_2357	iML1515.b2388	100	321	0	0	1	321	1	321	5.99e-238	646
NC_000913.3_2357	iSbBS512_1146.SbBS512_E2757	99.7	321	1	0	1	321	1	321	4.93e-237	644
NC_000913.3_2357	iSDY_1059.SDY_2587	99.7	321	1	0	1	321	1	321	9.94e-237	643
NC_000913.3_2357	iSF_1195.SF2454	99.7	321	1	0	1	321	1	321	9.94e-237	643
NC_000913.3_2357	iSSON_1240.SSON_2480	99.4	321	2	0	1	321	1	321	1.41e-236	642
NC_000913.3_2357	STM_v1_0.STM2403	93.8	321	20	0	1	321	1	321	1.62e-226	617
NC_000913.3_2357	iYL1228.KPN_02738	90.3	321	31	0	1	321	1	321	5.57e-218	595
NC_000913.3_2358	iYL1228.KPN_01576	24.8	359	230	13	3	338	7	348	3.36e-10	61.2
NC_000913.3_2360	iML1515.b2392	100	412	0	0	1	412	1	412	4.93e-283	768
NC_000913.3_2360	iSbBS512_1146.SbBS512_E2760	100	412	0	0	1	412	1	412	4.93e-283	768
NC_000913.3_2360	iSSON_1240.SSON_2484	100	412	0	0	1	412	1	412	4.93e-283	768
NC_000913.3_2360	iSF_1195.SF2457	99.5	412	2	0	1	412	1	412	5.74e-282	765
NC_000913.3_2360	iSDY_1059.SDY_2588	99.5	412	2	0	1	412	1	412	2.34e-281	763
NC_000913.3_2360	STM_v1_0.STM2408	93.7	412	26	0	1	412	1	412	5.33e-269	732
NC_000913.3_2360	iYL1228.KPN_02743	87.6	411	51	0	1	411	1	411	1.29e-253	693
NC_000913.3_2361	iML1515.b2393	100	400	0	0	1	400	1	400	1.59e-266	725
NC_000913.3_2361	iSbBS512_1146.SbBS512_E2761	100	400	0	0	1	400	1	400	1.59e-266	725
NC_000913.3_2361	iSDY_1059.SDY_2593	100	400	0	0	1	400	1	400	1.59e-266	725
NC_000913.3_2361	iSF_1195.SF2458	99.8	400	1	0	1	400	1	400	6.47e-266	723
NC_000913.3_2361	iSSON_1240.SSON_2485	99.8	400	1	0	1	400	1	400	2.63e-265	722
NC_000913.3_2361	STM_v1_0.STM2409	98.3	400	7	0	1	400	1	400	8.79e-264	718
NC_000913.3_2361	iYL1228.KPN_02744	94.0	400	24	0	1	400	1	400	2.10e-255	697
NC_000913.3_2364	iML1515.b2503	30.0	714	475	12	31	729	32	735	4.25e-94	308
NC_000913.3_2367	iML1515.b2400	100	471	0	0	1	471	1	471	0.0	963
NC_000913.3_2367	iSSON_1240.SSON_2491	99.8	471	1	0	1	471	1	471	0.0	962
NC_000913.3_2367	iSbBS512_1146.SbBS512_E2779	99.6	471	2	0	1	471	1	471	0.0	959
NC_000913.3_2367	iSF_1195.SF2462	99.6	471	2	0	1	471	1	471	0.0	959
NC_000913.3_2367	iSDY_1059.SDY_2600	99.4	471	3	0	1	471	1	471	0.0	956
NC_000913.3_2367	STM_v1_0.STM2415	95.1	471	23	0	1	471	1	471	0.0	922
NC_000913.3_2367	iYL1228.KPN_02750	94.7	470	25	0	1	470	1	470	0.0	920
NC_000913.3_2369	iML1515.b2406	100	418	0	0	1	418	1	418	1.65e-300	812
NC_000913.3_2370	iML1515.b2407	100	277	0	0	1	277	1	277	4.40e-202	551
NC_000913.3_2375	iML1515.b2411	100	671	0	0	1	671	1	671	0.0	1307
NC_000913.3_2375	iSSON_1240.SSON_2500	99.7	671	2	0	1	671	1	671	0.0	1304
NC_000913.3_2375	iSF_1195.SF2466	99.4	671	4	0	1	671	1	671	0.0	1299
NC_000913.3_2375	iSDY_1059.SDY_2608	99.3	671	5	0	1	671	1	671	0.0	1297
NC_000913.3_2375	STM_v1_0.STM2427	92.8	671	48	0	1	671	1	671	0.0	1227
NC_000913.3_2375	iYL1228.KPN_02758	92.2	670	52	0	1	670	1	670	0.0	1213
NC_000913.3_2377	iML1515.b2413	100	253	0	0	1	253	1	253	1.08e-190	521
NC_000913.3_2378	iML1515.b2414	100	323	0	0	1	323	1	323	1.98e-228	622
NC_000913.3_2378	iSbBS512_1146.SbBS512_E2766	100	323	0	0	1	323	1	323	1.98e-228	622
NC_000913.3_2378	iSSON_1240.SSON_2503	100	323	0	0	1	323	1	323	1.98e-228	622
NC_000913.3_2378	iSF_1195.SF2469	99.7	323	1	0	1	323	1	323	8.06e-228	620
NC_000913.3_2378	iSDY_1059.SDY_2611	99.7	323	1	0	1	323	1	323	2.31e-227	619
NC_000913.3_2378	STM_v1_0.STM2430	97.2	323	9	0	1	323	1	323	1.82e-224	612
NC_000913.3_2378	iYL1228.KPN_02761	97.2	323	9	0	1	323	1	323	4.28e-223	608
NC_000913.3_2379	iML1515.b2415	100	85	0	0	1	85	1	85	1.89e-53	160
NC_000913.3_2379	STM_v1_0.STM2431	100	85	0	0	1	85	1	85	1.89e-53	160
NC_000913.3_2379	iSbBS512_1146.SbBS512_E2765	100	85	0	0	1	85	1	85	1.89e-53	160
NC_000913.3_2379	iSDY_1059.SDY_2612	100	85	0	0	1	85	1	85	1.89e-53	160
NC_000913.3_2379	iSF_1195.SF2470	100	85	0	0	1	85	1	85	1.89e-53	160
NC_000913.3_2379	iSSON_1240.SSON_2504	100	85	0	0	1	85	1	85	1.89e-53	160
NC_000913.3_2379	iYL1228.KPN_02762	98.8	85	1	0	1	85	1	85	3.82e-53	159
NC_000913.3_2379	iPC815.YPO2993	97.6	85	2	0	1	85	1	85	3.15e-52	157
NC_000913.3_2380	iML1515.b2416	100	575	0	0	1	575	1	575	0.0	1087
NC_000913.3_2380	iSDY_1059.SDY_2613	99.8	575	1	0	1	575	1	575	0.0	1086
NC_000913.3_2380	iSF_1195.SF2471	99.8	575	1	0	1	575	1	575	0.0	1086
NC_000913.3_2380	iSSON_1240.SSON_2505	99.8	575	1	0	1	575	1	575	0.0	1086
NC_000913.3_2380	iSbBS512_1146.SbBS512_E2764	99.7	575	2	0	1	575	1	575	0.0	1083
NC_000913.3_2380	STM_v1_0.STM2432	97.2	575	16	0	1	575	1	575	0.0	1064
NC_000913.3_2380	iYL1228.KPN_02763	95.7	575	25	0	1	575	1	575	0.0	1048
NC_000913.3_2381	iML1515.b2417	100	169	0	0	1	169	1	169	4.96e-116	325
NC_000913.3_2381	iSF_1195.SF2472	100	169	0	0	1	169	1	169	4.96e-116	325
NC_000913.3_2381	iSSON_1240.SSON_2506	100	169	0	0	1	169	1	169	4.96e-116	325
NC_000913.3_2381	iSDY_1059.SDY_2614	99.4	169	1	0	1	169	1	169	2.02e-115	323
NC_000913.3_2381	iSbBS512_1146.SbBS512_E2763	99.4	169	1	0	1	169	1	169	2.87e-115	323
NC_000913.3_2381	iYL1228.KPN_02764	98.2	169	3	0	1	169	1	169	8.23e-115	322
NC_000913.3_2381	STM_v1_0.STM2433	98.2	169	3	0	1	169	1	169	8.23e-115	322
NC_000913.3_2381	iPC815.YPO2995	92.9	169	12	0	1	169	1	169	4.21e-108	305
NC_000913.3_2382	iML1515.b2418	100	283	0	0	1	283	1	283	2.44e-202	553
NC_000913.3_2382	iSSON_1240.SSON_2508	98.9	283	3	0	1	283	1	283	8.17e-201	549
NC_000913.3_2382	iSDY_1059.SDY_2615	98.6	283	4	0	1	283	1	283	3.33e-200	547
NC_000913.3_2382	iSF_1195.SF2473	98.6	283	4	0	1	283	1	283	3.33e-200	547
NC_000913.3_2382	iSbBS512_1146.SbBS512_E2791	98.6	283	4	0	1	283	1	283	4.73e-200	547
NC_000913.3_2385	iML1515.b2421	100	303	0	0	1	303	1	303	1.68e-219	598
NC_000913.3_2385	iSSON_1240.SSON_2510	99.3	303	2	0	1	303	1	303	1.13e-217	593
NC_000913.3_2385	iSbBS512_1146.SbBS512_E2793	99.0	303	3	0	1	303	1	303	6.56e-217	591
NC_000913.3_2385	iSDY_1059.SDY_2617	98.7	303	4	0	1	303	1	303	3.80e-216	589
NC_000913.3_2385	iSF_1195.SF2476	98.7	303	4	0	1	303	1	303	5.39e-216	589
NC_000913.3_2385	iYL1228.KPN_02769	94.1	303	18	0	1	303	1	303	5.54e-209	571
NC_000913.3_2385	STM_v1_0.STM2440	94.1	303	18	0	1	303	1	303	1.12e-208	570
NC_000913.3_2386	iML1515.b2422	100	365	0	0	1	365	1	365	5.17e-268	726
NC_000913.3_2386	iSDY_1059.SDY_2618	99.7	365	1	0	1	365	1	365	2.99e-267	724
NC_000913.3_2386	iSSON_1240.SSON_2511	99.5	365	2	0	1	365	1	365	6.03e-267	723
NC_000913.3_2386	iSbBS512_1146.SbBS512_E2794	98.9	365	4	0	1	365	1	365	9.59e-264	715
NC_000913.3_2386	STM_v1_0.STM2441	94.2	365	21	0	1	365	1	365	3.15e-253	688
NC_000913.3_2386	iYL1228.KPN_02770	95.1	365	17	1	1	365	1	364	1.23e-252	687
NC_000913.3_2387	iML1515.b2423	100	291	0	0	1	291	1	291	7.31e-208	567
NC_000913.3_2387	iSbBS512_1146.SbBS512_E2795	100	291	0	0	1	291	1	291	7.31e-208	567
NC_000913.3_2387	iSSON_1240.SSON_2512	100	291	0	0	1	291	1	291	7.31e-208	567
NC_000913.3_2387	iSDY_1059.SDY_2619	99.7	291	1	0	1	291	1	291	6.01e-207	565
NC_000913.3_2387	STM_v1_0.STM2442	97.6	291	7	0	1	291	1	291	1.11e-202	554
NC_000913.3_2387	iYL1228.KPN_02771	92.1	291	23	0	1	291	1	291	4.46e-193	530
NC_000913.3_2388	iML1515.b2424	100	277	0	0	1	277	1	277	8.76e-193	528
NC_000913.3_2388	iSbBS512_1146.SbBS512_E2796	100	277	0	0	1	277	1	277	8.76e-193	528
NC_000913.3_2388	iSSON_1240.SSON_2513	100	277	0	0	1	277	1	277	8.76e-193	528
NC_000913.3_2388	iSDY_1059.SDY_2620	99.6	277	1	0	1	277	1	277	1.45e-191	525
NC_000913.3_2388	iYL1228.KPN_02772	97.5	277	7	0	1	277	1	277	2.31e-188	517
NC_000913.3_2388	STM_v1_0.STM2443	95.7	277	12	0	1	277	1	277	2.47e-183	504
NC_000913.3_2389	iML1515.b2425	100	338	0	0	1	338	1	338	3.15e-253	686
NC_000913.3_2389	iSbBS512_1146.SbBS512_E2797	99.1	338	3	0	1	338	1	338	4.30e-251	681
NC_000913.3_2389	iSSON_1240.SSON_2514	98.8	338	4	0	1	338	1	338	1.23e-250	679
NC_000913.3_2389	iSDY_1059.SDY_2621	98.8	338	4	0	1	338	1	338	1.75e-250	679
NC_000913.3_2389	STM_v1_0.STM2444	95.0	337	17	0	1	337	1	337	6.73e-239	650
NC_000913.3_2389	iYL1228.KPN_02773	94.7	337	18	0	1	337	1	337	9.56e-239	649
NC_000913.3_2390	iLJ478.TM1724	42.1	254	137	3	3	255	2	246	3.25e-57	182
NC_000913.3_2390	iYO844.BSU15910	40.6	254	140	3	4	255	2	246	9.30e-54	174
NC_000913.3_2391	iYS854.USA300HOU_RS02995	28.1	121	79	2	110	227	8	123	2.95e-05	43.5
NC_000913.3_2391	iLJ478.TM0148	28.3	152	94	4	122	266	278	421	2.60e-04	42.0
NC_000913.3_2391	iJN1463.PP_0957	25.2	139	103	1	94	232	4	141	6.22e-04	40.4
NC_000913.3_2392	iML1515.b2428	100	298	0	0	1	298	1	298	6.50e-210	573
NC_000913.3_2392	iSbBS512_1146.SbBS512_E2800	99.0	298	3	0	1	298	1	298	8.85e-208	568
NC_000913.3_2392	iSSON_1240.SSON_2517	98.7	298	4	0	1	298	1	298	8.85e-208	568
NC_000913.3_2392	iSF_1195.SF2481	98.7	298	4	0	1	298	1	298	5.12e-207	566
NC_000913.3_2392	iSDY_1059.SDY_2624	98.0	298	6	0	1	298	1	298	1.47e-206	565
NC_000913.3_2393	iML1515.b2429	100	474	0	0	1	474	1	474	0.0	924
NC_000913.3_2393	iSF_1195.SF2483	99.8	474	1	0	1	474	1	474	0.0	922
NC_000913.3_2393	iSbBS512_1146.SbBS512_E2801	99.4	474	3	0	1	474	1	474	0.0	919
NC_000913.3_2393	iSDY_1059.SDY_2625	98.9	474	5	0	1	474	1	474	0.0	917
NC_000913.3_2394	iML1515.b2430	100	434	0	0	1	434	1	434	0.0	882
NC_000913.3_2395	iML1515.b2431	100	299	0	0	1	299	1	299	1.82e-221	602
NC_000913.3_2398	iML1515.b1448	27.5	138	83	6	1	123	1	136	1.27e-04	39.7
NC_000913.3_2399	iML1515.b2435	100	289	0	0	1	289	1	289	7.84e-202	552
NC_000913.3_2399	iSbBS512_1146.SbBS512_E2807	99.7	289	1	0	1	289	1	289	9.15e-201	549
NC_000913.3_2399	iSF_1195.SF2488	99.7	289	1	0	1	289	1	289	9.15e-201	549
NC_000913.3_2399	iSSON_1240.SSON_2524	99.7	289	1	0	1	289	1	289	9.15e-201	549
NC_000913.3_2399	iSDY_1059.SDY_2633	99.3	289	2	0	1	289	1	289	3.72e-200	548
NC_000913.3_2399	STM_v1_0.STM2450	92.4	289	22	0	1	289	1	289	2.47e-189	520
NC_000913.3_2399	iYL1228.KPN_02778	90.0	290	28	1	1	289	1	290	4.52e-183	504
NC_000913.3_2400	iML1515.b2436	100	299	0	0	1	299	1	299	1.03e-236	641
NC_000913.3_2400	iSSON_1240.SSON_2525	99.0	299	3	0	1	299	1	299	6.97e-235	636
NC_000913.3_2400	iSbBS512_1146.SbBS512_E2808	98.7	299	4	0	1	299	1	299	8.14e-234	634
NC_000913.3_2400	iSDY_1059.SDY_2634	98.3	299	5	0	1	299	1	299	1.64e-233	633
NC_000913.3_2400	iSF_1195.SF2489	98.7	298	4	0	1	298	1	298	3.31e-233	632
NC_000913.3_2400	STM_v1_0.STM2451	90.6	299	28	0	1	299	1	299	7.12e-219	596
NC_000913.3_2400	iYL1228.KPN_02779	90.3	299	29	0	1	299	1	299	2.29e-215	587
NC_000913.3_2404	iML1515.b2440	100	295	0	0	1	295	1	295	7.02e-208	568
NC_000913.3_2404	STM_v1_0.STM2457	90.9	298	24	1	1	295	1	298	3.58e-188	518
NC_000913.3_2405	iML1515.b2441	100	453	0	0	1	453	1	453	0.0	898
NC_000913.3_2405	iSbBS512_1146.SbBS512_E2816	100	453	0	0	1	453	1	453	0.0	898
NC_000913.3_2405	STM_v1_0.STM2458	98.0	453	9	0	1	453	1	453	0.0	887
NC_000913.3_2405	iYL1228.KPN_02784	94.9	453	23	0	1	453	1	453	1.22e-319	864
NC_000913.3_2416	STM_v1_0.STM2460	97.3	408	11	0	1	408	1	408	1.83e-276	751
NC_000913.3_2417	STM_v1_0.STM2461	86.5	394	53	0	1	394	1	394	1.72e-240	659
NC_000913.3_2419	STM_v1_0.STM2463	94.0	467	28	0	1	467	1	467	1.48e-305	829
NC_000913.3_2422	iML1515.b2458	100	338	0	0	1	338	1	338	2.35e-239	651
NC_000913.3_2422	iSSON_1240.SSON_2538	99.7	338	1	0	1	338	1	338	4.74e-239	650
NC_000913.3_2422	iSbBS512_1146.SbBS512_E2824	98.8	338	4	0	1	338	1	338	1.30e-236	644
NC_000913.3_2422	STM_v1_0.STM2466	88.8	338	38	0	1	338	1	338	1.33e-213	586
NC_000913.3_2423	STM_v1_0.STM2467	88.7	265	30	0	1	265	1	265	1.78e-171	473
NC_000913.3_2427	iML1515.b2463	100	759	0	0	1	759	1	759	0.0	1469
NC_000913.3_2427	iSDY_1059.SDY_2645	99.9	759	1	0	1	759	1	759	0.0	1467
NC_000913.3_2427	iSSON_1240.SSON_2543	99.9	759	1	0	1	759	1	759	0.0	1467
NC_000913.3_2427	iSF_1195.SF2505	99.5	759	4	0	1	759	1	759	0.0	1461
NC_000913.3_2427	iSbBS512_1146.SbBS512_E2829	99.3	759	5	0	1	759	1	759	0.0	1461
NC_000913.3_2427	STM_v1_0.STM2472	94.2	759	44	0	1	759	1	759	0.0	1394
NC_000913.3_2427	iYL1228.KPN_02797	92.5	759	57	0	1	759	1	759	0.0	1379
NC_000913.3_2428	iML1515.b2464	100	316	0	0	1	316	1	316	1.99e-229	624
NC_000913.3_2428	iSSON_1240.SSON_2544	99.7	316	1	0	1	316	1	316	4.68e-228	620
NC_000913.3_2428	iSbBS512_1146.SbBS512_E2830	99.4	316	2	0	1	316	1	316	1.91e-227	619
NC_000913.3_2428	iSF_1195.SF2506	98.7	316	4	0	1	316	1	316	1.83e-225	614
NC_000913.3_2428	STM_v1_0.STM2473	89.9	316	32	0	1	316	1	316	2.05e-206	566
NC_000913.3_2429	iML1515.b2465	100	667	0	0	1	667	1	667	0.0	1354
NC_000913.3_2429	iSF_1195.SF2507	99.7	667	2	0	1	667	1	667	0.0	1351
NC_000913.3_2429	iSSON_1240.SSON_2545	99.4	667	4	0	1	667	1	667	0.0	1348
NC_000913.3_2429	STM_v1_0.STM2474	92.9	666	47	0	1	666	1	666	0.0	1274
NC_000913.3_2431	iML1515.b2467	100	191	0	0	1	191	1	191	2.05e-137	381
NC_000913.3_2431	iSbBS512_1146.SbBS512_E2835	99.0	191	2	0	1	191	1	191	3.40e-136	378
NC_000913.3_2431	iSSON_1240.SSON_2547	99.0	191	2	0	1	191	1	191	3.40e-136	378
NC_000913.3_2431	iSDY_1059.SDY_2650	97.9	191	4	0	1	191	1	191	1.14e-134	374
NC_000913.3_2431	iSF_1195.SF2509	97.9	191	4	0	1	191	1	191	1.14e-134	374
NC_000913.3_2431	STM_v1_0.STM2477	87.4	191	24	0	1	191	1	191	8.87e-123	344
NC_000913.3_2432	iYL1228.KPN_03625	66.8	461	152	1	193	653	13	472	1.57e-230	647
NC_000913.3_2432	STM_v1_0.STM3331	66.4	461	154	1	193	653	13	472	6.34e-230	646
NC_000913.3_2432	iPC815.YPO3558	65.3	461	159	1	193	653	13	472	2.56e-229	644
NC_000913.3_2432	iML1515.b3213	66.8	461	152	1	193	653	13	472	3.63e-229	644
NC_000913.3_2432	iSbBS512_1146.SbBS512_E3557	66.8	461	152	1	193	653	13	472	3.63e-229	644
NC_000913.3_2432	iSSON_1240.SSON_3361	66.8	461	152	1	193	653	13	472	3.63e-229	644
NC_000913.3_2432	iSF_1195.SF3253	66.6	461	153	1	193	653	13	472	1.04e-228	643
NC_000913.3_2432	iSDY_1059.SDY_3394	66.4	461	154	1	193	653	13	472	1.69e-227	640
NC_000913.3_2432	iJN1463.PP_5075	61.6	461	173	3	193	653	16	472	1.13e-210	597
NC_000913.3_2434	iML1515.b2470	100	1037	0	0	1	1037	1	1037	0.0	1968
NC_000913.3_2434	iSSON_1240.SSON_2550	99.8	1037	2	0	1	1037	1	1037	0.0	1964
NC_000913.3_2434	iSF_1195.SF2512	99.6	1037	4	0	1	1037	1	1037	0.0	1961
NC_000913.3_2434	iSDY_1059.SDY_2654	99.4	1037	6	0	1	1037	1	1037	0.0	1952
NC_000913.3_2436	iML1515.b2472	100	375	0	0	1	375	1	375	1.77e-280	758
NC_000913.3_2436	iSF_1195.SF2514	100	375	0	0	1	375	1	375	1.77e-280	758
NC_000913.3_2436	iSSON_1240.SSON_2552	99.7	375	1	0	1	375	1	375	5.07e-280	757
NC_000913.3_2436	iSbBS512_1146.SbBS512_E2843	99.7	375	1	0	1	375	1	375	7.21e-280	756
NC_000913.3_2436	iSDY_1059.SDY_2656	99.5	375	2	0	1	375	1	375	8.41e-279	754
NC_000913.3_2436	STM_v1_0.STM2483	94.4	375	21	0	1	375	1	375	4.59e-267	724
NC_000913.3_2436	iYL1228.KPN_02805	91.5	375	32	0	1	375	1	375	7.80e-259	703
NC_000913.3_2441	iML1515.b2476	100	237	0	0	1	237	1	237	2.16e-173	476
NC_000913.3_2441	iSbBS512_1146.SbBS512_E2848	100	237	0	0	1	237	1	237	2.16e-173	476
NC_000913.3_2441	iSF_1195.SF2519	100	237	0	0	1	237	1	237	2.16e-173	476
NC_000913.3_2441	iSSON_1240.SSON_2557	99.6	237	1	0	1	237	1	237	6.20e-173	474
NC_000913.3_2441	iSDY_1059.SDY_2664	99.2	237	2	0	1	237	1	237	1.03e-171	471
NC_000913.3_2441	STM_v1_0.STM2487	94.9	237	12	0	1	237	1	237	5.48e-167	459
NC_000913.3_2441	iYL1228.KPN_02810	94.9	237	12	0	1	237	1	237	9.08e-166	456
NC_000913.3_2444	iML1515.b2478	100	292	0	0	1	292	1	292	4.26e-212	578
NC_000913.3_2444	iSF_1195.SF2521	100	292	0	0	1	292	1	292	4.26e-212	578
NC_000913.3_2444	iSbBS512_1146.SbBS512_E2850	99.7	292	1	0	1	292	1	292	1.73e-211	577
NC_000913.3_2444	iSSON_1240.SSON_2559	99.7	292	1	0	1	292	1	292	1.73e-211	577
NC_000913.3_2444	iSDY_1059.SDY_2667	99.0	292	3	0	1	292	1	292	4.08e-210	573
NC_000913.3_2444	STM_v1_0.STM2489	91.1	292	26	0	1	292	1	292	2.49e-195	536
NC_000913.3_2444	iYL1228.KPN_02812	87.7	292	36	0	1	292	1	292	1.54e-189	521
NC_000913.3_2446	iML1515.b2480	100	156	0	0	1	156	1	156	1.12e-117	328
NC_000913.3_2446	iSbBS512_1146.SbBS512_E2852	100	156	0	0	1	156	1	156	1.12e-117	328
NC_000913.3_2446	iSDY_1059.SDY_2669	100	156	0	0	1	156	1	156	1.12e-117	328
NC_000913.3_2446	iSF_1195.SF2523	100	156	0	0	1	156	1	156	1.12e-117	328
NC_000913.3_2446	iSSON_1240.SSON_2561	100	156	0	0	1	156	1	156	1.12e-117	328
NC_000913.3_2446	iYL1228.KPN_02814	96.2	156	6	0	1	156	1	156	2.08e-113	317
NC_000913.3_2447	iML1515.b2481	100	205	0	0	1	205	1	205	3.65e-156	429
NC_000913.3_2448	iML1515.b2482	100	672	0	0	1	672	1	672	0.0	1250
NC_000913.3_2449	iML1515.b2483	100	315	0	0	1	315	1	315	5.56e-215	587
NC_000913.3_2450	iML1515.b2484	100	479	0	0	1	479	1	479	0.0	914
NC_000913.3_2451	iML1515.b2485	100	216	0	0	1	216	1	216	8.07e-145	402
NC_000913.3_2452	iML1515.b2486	100	526	0	0	1	526	1	526	0.0	978
NC_000913.3_2453	iML1515.b2487	100	555	0	0	1	555	1	555	0.0	1129
NC_000913.3_2453	iSSON_1240.SSON_2568	96.3	571	5	1	1	555	1	571	0.0	1112
NC_000913.3_2454	iML1515.b2488	100	181	0	0	1	181	1	181	1.82e-117	330
NC_000913.3_2455	iML1515.b2489	100	252	0	0	1	252	1	252	1.42e-190	520
NC_000913.3_2456	iML1515.b2490	100	137	0	0	1	137	1	137	2.55e-98	278
NC_000913.3_2458	iML1515.b2492	100	282	0	0	1	282	1	282	7.89e-203	554
NC_000913.3_2458	iSDY_1059.SDY_2681	98.9	281	3	0	1	281	1	281	2.53e-199	545
NC_000913.3_2459	iSynCJ816.SGL_RS13900	22.1	353	253	5	8	344	16	362	1.11e-12	68.2
NC_000913.3_2460	iAF987.Gmet_1238	30.3	241	156	4	42	280	31	261	1.75e-30	119
NC_000913.3_2461	iPC815.YPO3070	67.2	116	38	0	3	118	2	117	4.20e-52	159
NC_000913.3_2463	iML1515.b2497	100	429	0	0	1	429	1	429	7.69e-291	789
NC_000913.3_2463	iSSON_1240.SSON_2579	100	429	0	0	1	429	1	429	7.69e-291	789
NC_000913.3_2463	iSbBS512_1146.SbBS512_E2871	99.8	429	1	0	1	429	1	429	3.13e-290	787
NC_000913.3_2463	iSDY_1059.SDY_2686	99.8	429	1	0	1	429	1	429	3.13e-290	787
NC_000913.3_2463	iSF_1195.SF2541	99.5	429	2	0	1	429	1	429	1.81e-289	785
NC_000913.3_2463	STM_v1_0.STM2497	94.8	425	22	0	1	425	1	425	5.38e-275	749
NC_000913.3_2463	iYL1228.KPN_02820	93.4	425	28	0	1	425	1	425	2.34e-271	739
NC_000913.3_2464	iML1515.b2498	100	208	0	0	1	208	1	208	6.23e-145	401
NC_000913.3_2464	iSbBS512_1146.SbBS512_E2872	100	208	0	0	1	208	1	208	6.23e-145	401
NC_000913.3_2464	iSDY_1059.SDY_2687	100	208	0	0	1	208	10	217	8.60e-145	401
NC_000913.3_2464	iSF_1195.SF2542	100	208	0	0	1	208	1	208	6.23e-145	401
NC_000913.3_2464	iSSON_1240.SSON_2580	100	208	0	0	1	208	10	217	8.60e-145	401
NC_000913.3_2464	STM_v1_0.STM2498	99.0	208	2	0	1	208	1	208	1.47e-143	398
NC_000913.3_2464	iYL1228.KPN_02821	94.2	208	12	0	1	208	1	208	7.81e-139	386
NC_000913.3_2464	iPC815.YPO2827	93.3	208	14	0	1	208	1	208	1.24e-135	378
NC_000913.3_2465	iML1515.b2499	100	345	0	0	1	345	1	345	2.07e-257	697
NC_000913.3_2465	iSbBS512_1146.SbBS512_E2873	99.7	345	1	0	1	345	1	345	3.43e-256	694
NC_000913.3_2465	iSSON_1240.SSON_2581	99.7	345	1	0	1	345	1	345	3.43e-256	694
NC_000913.3_2465	iSDY_1059.SDY_2688	99.4	345	2	0	1	345	1	345	1.40e-255	692
NC_000913.3_2465	iSF_1195.SF2543	99.4	345	2	0	1	345	6	350	1.68e-255	692
NC_000913.3_2465	iYL1228.KPN_02824	93.0	344	24	0	1	344	1	344	3.47e-240	654
NC_000913.3_2466	iML1515.b2500	100	212	0	0	1	212	1	212	1.48e-154	426
NC_000913.3_2466	iSF_1195.SF2544	99.5	212	1	0	1	212	1	212	4.23e-154	425
NC_000913.3_2466	iSbBS512_1146.SbBS512_E2874	99.1	212	2	0	1	212	1	212	6.01e-154	424
NC_000913.3_2466	iSSON_1240.SSON_2582	99.1	212	2	0	1	212	1	212	6.01e-154	424
NC_000913.3_2466	iSDY_1059.SDY_2689	98.6	212	3	0	1	212	1	212	2.45e-153	423
NC_000913.3_2467	iML1515.b2501	100	688	0	0	1	688	1	688	0.0	1363
NC_000913.3_2467	iSDY_1059.SDY_2690	99.9	688	1	0	1	688	1	688	0.0	1362
NC_000913.3_2467	iSSON_1240.SSON_2583	99.9	688	1	0	1	688	1	688	0.0	1362
NC_000913.3_2467	iSbBS512_1146.SbBS512_E2875	99.9	688	1	0	1	688	1	688	0.0	1361
NC_000913.3_2467	iSF_1195.SF2545	99.6	688	3	0	1	688	1	688	0.0	1358
NC_000913.3_2467	STM_v1_0.STM2501	96.2	688	26	0	1	688	1	688	0.0	1318
NC_000913.3_2467	iYL1228.KPN_02826	92.7	688	48	1	1	688	1	686	0.0	1279
NC_000913.3_2468	iML1515.b2502	100	513	0	0	1	513	1	513	0.0	1009
NC_000913.3_2468	iSSON_1240.SSON_2584	100	513	0	0	1	513	1	513	0.0	1009
NC_000913.3_2468	iSF_1195.SF2546	99.8	513	1	0	1	513	1	513	0.0	1009
NC_000913.3_2468	iSbBS512_1146.SbBS512_E2876	99.8	513	1	0	1	513	1	513	0.0	1008
NC_000913.3_2468	iSDY_1059.SDY_2691	99.8	513	1	0	1	513	1	513	0.0	1008
NC_000913.3_2468	STM_v1_0.STM2502	92.2	513	40	0	1	513	1	513	0.0	936
NC_000913.3_2469	iML1515.b2503	100	747	0	0	1	747	1	747	0.0	1467
NC_000913.3_2474	iML1515.b2507	100	525	0	0	1	525	1	525	0.0	1063
NC_000913.3_2474	iSF_1195.SF2553	99.6	525	2	0	1	525	1	525	0.0	1062
NC_000913.3_2474	iSDY_1059.SDY_2703	99.8	525	1	0	1	525	1	525	0.0	1061
NC_000913.3_2474	iSSON_1240.SSON_2589	99.6	525	2	0	1	525	1	525	0.0	1060
NC_000913.3_2474	iSbBS512_1146.SbBS512_E2882	99.2	525	4	0	1	525	1	525	0.0	1058
NC_000913.3_2474	STM_v1_0.STM2510	98.5	525	8	0	1	525	1	525	0.0	1050
NC_000913.3_2474	iYL1228.KPN_02833	96.0	525	21	0	1	525	1	525	0.0	1032
NC_000913.3_2475	iML1515.b2508	100	488	0	0	1	488	1	488	0.0	920
NC_000913.3_2475	iSbBS512_1146.SbBS512_E2883	100	488	0	0	1	488	1	488	0.0	920
NC_000913.3_2475	iSF_1195.SF2554	100	488	0	0	1	488	1	488	0.0	920
NC_000913.3_2475	iSSON_1240.SSON_2590	100	488	0	0	1	488	1	488	0.0	920
NC_000913.3_2475	iSDY_1059.SDY_2704	99.8	488	1	0	1	488	1	488	0.0	917
NC_000913.3_2475	STM_v1_0.STM2511	98.2	488	9	0	1	488	1	488	0.0	905
NC_000913.3_2475	iYL1228.KPN_02834	98.2	488	9	0	1	488	1	488	0.0	904
NC_000913.3_2475	iPC815.YPO2871	92.2	486	38	0	1	486	1	486	1.84e-314	853
NC_000913.3_2478	iAF987.Gmet_2444	43.2	88	49	1	5	92	24	110	3.68e-10	62.0
NC_000913.3_2478	iHN637.CLJU_RS10635	30.6	157	98	6	4	156	3	152	5.99e-10	61.2
NC_000913.3_2478	iCN900.CD630_32740	31.2	157	99	5	5	158	4	154	1.93e-09	59.7
NC_000913.3_2478	iHN637.CLJU_RS06865	35.2	88	56	1	4	91	7	93	2.62e-09	59.3
NC_000913.3_2478	iSynCJ816.SGL_RS05125	30.5	151	95	5	5	150	21	166	9.98e-09	57.4
NC_000913.3_2481	iSSON_1240.SSON_2596	99.8	424	1	0	1	424	1	424	7.17e-314	847
NC_000913.3_2481	iSbBS512_1146.SbBS512_E2889	99.3	424	3	0	1	424	1	424	8.37e-313	844
NC_000913.3_2481	iSDY_1059.SDY_2710	99.3	424	3	0	1	424	1	424	2.40e-312	843
NC_000913.3_2481	iSF_1195.SF2560	99.5	424	2	0	1	424	1	424	2.40e-312	843
NC_000913.3_2481	STM_v1_0.STM2522	95.3	424	20	0	1	424	1	424	3.91e-302	817
NC_000913.3_2481	iYL1228.KPN_02844	91.3	414	36	0	11	424	1	414	2.11e-283	769
NC_000913.3_2482	iML1515.b2515	100	372	0	0	1	372	1	372	3.89e-262	711
NC_000913.3_2482	iSSON_1240.SSON_2597	99.7	372	1	0	1	372	1	372	1.58e-261	710
NC_000913.3_2482	iSDY_1059.SDY_2711	99.5	372	2	0	1	372	1	372	9.16e-261	708
NC_000913.3_2482	iSF_1195.SF2561	99.5	372	2	0	1	372	1	372	2.07e-260	707
NC_000913.3_2482	iSbBS512_1146.SbBS512_E2890	99.2	372	3	0	1	372	1	372	1.52e-259	705
NC_000913.3_2482	iYL1228.KPN_02845	99.2	371	3	0	1	371	1	371	6.42e-259	703
NC_000913.3_2482	STM_v1_0.STM2523	98.7	372	5	0	1	372	1	372	3.57e-258	701
NC_000913.3_2485	iML1515.b2518	100	143	0	0	1	143	1	143	8.75e-102	287
NC_000913.3_2485	iSbBS512_1146.SbBS512_E2893	100	143	0	0	1	143	1	143	8.75e-102	287
NC_000913.3_2485	iSDY_1059.SDY_2714	100	143	0	0	1	143	1	143	8.75e-102	287
NC_000913.3_2485	iSF_1195.SF2564	100	143	0	0	1	143	1	143	8.75e-102	287
NC_000913.3_2485	iSSON_1240.SSON_2600	100	143	0	0	1	143	1	143	8.75e-102	287
NC_000913.3_2485	STM_v1_0.STM2526	96.5	143	5	0	1	143	1	143	2.82e-98	278
NC_000913.3_2485	iYL1228.KPN_02848	95.1	143	7	0	1	143	1	143	2.32e-97	276
NC_000913.3_2486	iML1515.b2519	99.9	757	1	0	1	757	14	770	0.0	1540
NC_000913.3_2486	iSbBS512_1146.SbBS512_E2894	99.1	757	7	0	1	757	14	770	0.0	1529
NC_000913.3_2486	iSSON_1240.SSON_2601	98.5	757	11	0	1	757	14	770	0.0	1523
NC_000913.3_2488	iML1515.b2521	100	281	0	0	1	281	1	281	3.65e-212	577
NC_000913.3_2488	iSSON_1240.SSON_2603	100	281	0	0	1	281	54	334	2.60e-211	577
NC_000913.3_2488	iSbBS512_1146.SbBS512_E2896	99.3	281	2	0	1	281	1	281	1.22e-210	573
NC_000913.3_2488	iSDY_1059.SDY_2717	98.9	281	3	0	1	281	54	334	5.03e-209	572
NC_000913.3_2490	iML1515.b2523	100	427	0	0	1	427	1	427	1.68e-318	858
NC_000913.3_2490	iSSON_1240.SSON_2605	99.5	427	2	0	1	427	30	456	1.21e-316	855
NC_000913.3_2490	iSbBS512_1146.SbBS512_E2898	99.3	427	3	0	1	427	1	427	3.30e-316	853
NC_000913.3_2490	iSF_1195.SF2570	99.1	427	4	0	1	427	1	427	1.34e-315	851
NC_000913.3_2490	iSDY_1059.SDY_2719	98.8	427	5	0	1	427	30	456	2.34e-314	849
NC_000913.3_2490	STM_v1_0.STM2536	91.8	427	35	0	1	427	1	427	5.90e-294	796
NC_000913.3_2490	iYL1228.KPN_02855	90.2	427	42	0	1	427	1	427	1.32e-288	783
NC_000913.3_2492	iJN1463.PP_0847	58.2	110	46	0	1	110	1	110	4.38e-44	139
NC_000913.3_2493	iML1515.b0650	34.1	490	281	10	20	496	6	466	7.76e-75	249
NC_000913.3_2493	iSSON_1240.SSON_0604	33.7	490	283	9	20	496	6	466	1.08e-74	248
NC_000913.3_2493	iSbBS512_1146.SbBS512_E0599	34.1	490	281	10	20	496	6	466	1.51e-74	248
NC_000913.3_2493	STM_v1_0.STM0659	32.8	509	288	11	20	509	6	479	2.64e-68	231
NC_000913.3_2495	iML1515.b2528	100	107	0	0	1	107	1	107	4.23e-76	219
NC_000913.3_2495	iSbBS512_1146.SbBS512_E2903	100	107	0	0	1	107	3	109	4.51e-76	219
NC_000913.3_2495	iSDY_1059.SDY_2724	100	107	0	0	1	107	1	107	4.23e-76	219
NC_000913.3_2495	iSF_1195.SF2575	100	107	0	0	1	107	1	107	4.23e-76	219
NC_000913.3_2495	iSSON_1240.SSON_2610	100	107	0	0	1	107	1	107	4.23e-76	219
NC_000913.3_2496	iML1515.b2529	100	128	0	0	1	128	1	128	3.73e-89	254
NC_000913.3_2496	iSDY_1059.SDY_2725	100	128	0	0	1	128	1	128	3.73e-89	254
NC_000913.3_2496	iSF_1195.SF2576	100	128	0	0	1	128	1	128	3.73e-89	254
NC_000913.3_2496	iSSON_1240.SSON_2611	100	128	0	0	1	128	1	128	3.73e-89	254
NC_000913.3_2496	iSbBS512_1146.SbBS512_E2904	99.2	128	1	0	1	128	1	128	8.81e-88	250
NC_000913.3_2497	iML1515.b2530	100	404	0	0	1	404	1	404	1.69e-295	798
NC_000913.3_2497	iSbBS512_1146.SbBS512_E2905	100	404	0	0	1	404	1	404	1.69e-295	798
NC_000913.3_2497	iSDY_1059.SDY_2726	100	404	0	0	1	404	9	412	2.29e-295	798
NC_000913.3_2497	iSF_1195.SF2577	100	404	0	0	1	404	1	404	1.69e-295	798
NC_000913.3_2497	iSSON_1240.SSON_2612	100	404	0	0	1	404	9	412	2.29e-295	798
NC_000913.3_2497	STM_v1_0.STM2543	97.3	404	11	0	1	404	1	404	8.61e-289	781
NC_000913.3_2497	iYL1228.KPN_02862	94.8	404	21	0	1	404	1	404	1.53e-282	766
NC_000913.3_2497	iPC815.YPO2896	88.9	404	45	0	1	404	6	409	6.15e-265	721
NC_000913.3_2500	iML1515.b2533	100	267	0	0	1	267	1	267	3.32e-192	526
NC_000913.3_2500	iSbBS512_1146.SbBS512_E2908	99.6	267	1	0	1	267	1	267	1.92e-191	524
NC_000913.3_2500	iSDY_1059.SDY_2729	99.3	267	2	0	1	267	1	267	5.51e-191	523
NC_000913.3_2500	iSSON_1240.SSON_2615	99.6	267	1	0	1	267	1	267	5.51e-191	523
NC_000913.3_2500	iSF_1195.SF2580	99.6	266	1	0	1	266	1	266	7.83e-191	522
NC_000913.3_2500	STM_v1_0.STM2546	97.4	267	7	0	1	267	1	267	2.51e-187	513
NC_000913.3_2500	iYL1228.KPN_02865	89.5	267	28	0	1	267	1	267	3.92e-175	483
NC_000913.3_2501	iCHOv1.100765125	28.9	218	131	9	81	277	171	385	1.98e-14	72.4
NC_000913.3_2503	iML1515.b2536	100	379	0	0	1	379	1	379	1.38e-270	733
NC_000913.3_2503	iSSON_1240.SSON_2618	99.7	379	1	0	1	379	1	379	5.61e-270	732
NC_000913.3_2503	iSbBS512_1146.SbBS512_E2910	98.7	379	5	0	1	379	1	379	1.09e-267	726
NC_000913.3_2503	iSF_1195.SF2583	99.2	379	3	0	1	379	1	379	1.09e-267	726
NC_000913.3_2503	iSDY_1059.SDY_2732	98.7	379	5	0	1	379	1	379	8.91e-267	724
NC_000913.3_2505	iML1515.b2538	100	453	0	0	1	453	1	453	0.0	962
NC_000913.3_2505	iSSON_1240.SSON_2620	100	453	0	0	1	453	1	453	0.0	962
NC_000913.3_2506	iML1515.b2539	100	172	0	0	1	172	1	172	4.41e-125	348
NC_000913.3_2506	iSSON_1240.SSON_2621	98.8	172	2	0	1	172	1	172	1.04e-123	345
NC_000913.3_2507	iML1515.b2540	100	106	0	0	1	106	1	106	1.21e-79	228
NC_000913.3_2507	iSSON_1240.SSON_2622	100	106	0	0	1	106	1	106	1.21e-79	228
NC_000913.3_2508	iML1515.b2541	100	270	0	0	1	270	1	270	3.08e-194	531
NC_000913.3_2508	iSF_1195.SF2588	99.3	270	2	0	1	270	1	270	7.24e-193	528
NC_000913.3_2508	iSSON_1240.SSON_2623	99.3	270	2	0	1	270	1	270	2.42e-191	524
NC_000913.3_2509	iML1515.b2542	100	400	0	0	1	400	1	400	4.14e-294	795
NC_000913.3_2509	iSSON_1240.SSON_2624	99.5	400	2	0	1	400	1	400	4.83e-293	792
NC_000913.3_2512	iYO844.BSU06150	31.7	357	221	9	2	349	7	349	1.28e-38	140
NC_000913.3_2512	iCN900.CD630_04900	32.2	360	198	15	16	351	11	348	1.77e-35	132
NC_000913.3_2512	iML1515.b3616	31.7	344	208	10	17	351	15	340	2.91e-34	128
NC_000913.3_2512	iSbBS512_1146.SbBS512_E4044	31.7	344	208	10	17	351	15	340	2.91e-34	128
NC_000913.3_2512	iSF_1195.SF3656	31.7	344	208	10	17	351	15	340	2.91e-34	128
NC_000913.3_2512	iSSON_1240.SSON_3788	31.4	344	209	10	17	351	15	340	2.91e-34	128
NC_000913.3_2512	iYL1228.KPN_03961	32.0	344	207	10	17	351	15	340	1.09e-33	127
NC_000913.3_2512	iSDY_1059.SDY_4049	31.4	344	209	10	17	351	15	340	1.09e-33	127
NC_000913.3_2512	STM_v1_0.STM3708	31.7	344	208	10	17	351	15	340	1.51e-33	126
NC_000913.3_2513	iYO844.BSU35950	43.4	286	160	2	35	318	30	315	6.12e-56	184
NC_000913.3_2513	iNF517.LLMG_RS04065	35.1	299	192	2	30	326	14	312	4.11e-54	179
NC_000913.3_2513	iML1515.b3750	37.3	314	189	3	11	320	8	317	3.96e-53	177
NC_000913.3_2513	iHN637.CLJU_RS00625	36.8	307	191	2	24	329	19	323	1.16e-52	176
NC_000913.3_2513	iCN900.CD630_03020	34.6	301	194	3	33	331	33	332	2.07e-52	175
NC_000913.3_2513	iYL1228.KPN_04155	35.7	314	194	3	11	320	8	317	2.18e-52	175
NC_000913.3_2513	STM_v1_0.STM3883	37.6	314	188	3	11	320	8	317	2.38e-51	172
NC_000913.3_2513	iLJ478.TM0955	37.5	296	172	3	36	319	28	322	8.57e-51	171
NC_000913.3_2513	iLJ478.TM0112	36.0	314	199	1	18	329	4	317	4.62e-50	169
NC_000913.3_2514	iLJ478.TM0115	40.2	470	270	4	18	480	22	487	1.68e-114	347
NC_000913.3_2514	iCN900.CD630_03010	38.7	468	281	4	18	483	13	476	7.07e-112	340
NC_000913.3_2514	iHN637.CLJU_RS00620	37.1	475	288	5	18	487	13	481	9.90e-111	337
NC_000913.3_2514	STM_v1_0.STM2189	38.0	490	297	4	17	503	20	505	9.65e-110	335
NC_000913.3_2514	iYL1228.KPN_02587	36.9	490	302	4	17	503	5	490	1.37e-108	331
NC_000913.3_2514	iML1515.b2149	37.1	490	301	4	17	503	20	505	1.69e-107	329
NC_000913.3_2514	iSF_1195.SF2234	37.1	490	301	4	17	503	20	505	1.69e-107	329
NC_000913.3_2514	iSSON_1240.SSON_2205	37.1	490	301	4	17	503	20	505	1.69e-107	329
NC_000913.3_2514	iPC815.YPO1508	38.0	469	280	5	17	480	20	482	1.49e-105	324
NC_000913.3_2514	iPC815.YPO2256	38.2	474	279	6	18	485	27	492	1.19e-102	317
NC_000913.3_2514	iJN1463.PP_2455	39.3	468	269	6	26	486	31	490	2.43e-102	316
NC_000913.3_2514	iLJ478.TM0956	37.6	497	290	9	18	500	20	510	6.61e-102	315
NC_000913.3_2514	iPC815.YPO0958	37.1	491	295	6	12	496	7	489	3.31e-102	315
NC_000913.3_2514	iNF517.LLMG_RS04060	38.4	458	272	6	26	480	18	468	7.58e-102	314
NC_000913.3_2514	iYL1228.KPN_04154	36.8	492	288	7	17	498	11	489	1.39e-101	313
NC_000913.3_2515	iLJ478.TM0958	26.6	252	168	7	68	311	67	309	1.27e-16	79.0
NC_000913.3_2515	iYO844.BSU35960	24.2	289	195	11	28	311	35	304	1.06e-14	73.2
NC_000913.3_2515	iML1515.b2150	26.9	320	206	13	9	305	3	317	4.42e-14	71.6
NC_000913.3_2515	iSF_1195.SF2235	26.9	320	206	13	9	305	3	317	4.42e-14	71.6
NC_000913.3_2515	iSSON_1240.SSON_2206	26.9	320	206	13	9	305	3	317	4.42e-14	71.6
NC_000913.3_2517	iCN900.CD630_21940	22.5	378	276	6	6	372	9	380	1.50e-19	89.4
NC_000913.3_2517	iNF517.LLMG_RS11535	29.9	184	123	3	166	343	92	275	6.73e-20	89.4
NC_000913.3_2517	iYO844.BSU24850	26.9	275	181	8	115	384	47	306	4.15e-19	87.0
NC_000913.3_2517	iMM1415.50798	27.7	220	149	5	141	352	499	716	8.81e-17	82.0
NC_000913.3_2517	iLJ478.TM1469	27.5	200	140	2	149	343	70	269	5.19e-17	80.9
NC_000913.3_2518	iML1515.b2551	100	417	0	0	1	417	1	417	4.44e-309	834
NC_000913.3_2518	iSbBS512_1146.SbBS512_E2916	100	417	0	0	1	417	1	417	4.44e-309	834
NC_000913.3_2518	iSF_1195.SF2598	100	417	0	0	1	417	1	417	4.44e-309	834
NC_000913.3_2518	iSDY_1059.SDY_2741	99.8	417	1	0	1	417	1	417	1.81e-308	832
NC_000913.3_2518	iSSON_1240.SSON_2634	99.8	417	1	0	1	417	1	417	1.81e-308	832
NC_000913.3_2518	iYL1228.KPN_02876	93.3	417	28	0	1	417	1	417	9.04e-293	793
NC_000913.3_2518	STM_v1_0.STM2555	93.3	417	28	0	1	417	1	417	3.02e-291	789
NC_000913.3_2518	iPC815.YPO2907	89.9	417	42	0	1	417	1	417	2.43e-281	764
NC_000913.3_2519	iML1515.b2552	100	396	0	0	1	396	1	396	1.03e-301	813
NC_000913.3_2519	iSbBS512_1146.SbBS512_E2917	99.7	396	1	0	1	396	1	396	2.94e-301	812
NC_000913.3_2519	iSSON_1240.SSON_2635	99.7	396	1	0	1	396	1	396	5.93e-301	811
NC_000913.3_2519	iSF_1195.SF2599	99.5	396	2	0	1	396	1	396	1.70e-300	810
NC_000913.3_2519	iSDY_1059.SDY_2742	99.5	396	2	0	1	396	1	396	4.87e-300	809
NC_000913.3_2519	STM_v1_0.STM2556	90.9	396	36	0	1	396	1	396	3.27e-273	741
NC_000913.3_2521	iAF987.Gmet_3476	34.0	156	92	3	5	149	9	164	3.11e-16	80.1
NC_000913.3_2524	iML1515.b2557	100	1295	0	0	1	1295	1	1295	0.0	2588
NC_000913.3_2524	iSSON_1240.SSON_2640	99.5	1295	6	0	1	1295	1	1295	0.0	2580
NC_000913.3_2524	iSDY_1059.SDY_2747	99.5	1295	6	0	1	1295	1	1295	0.0	2578
NC_000913.3_2524	iSbBS512_1146.SbBS512_E2922	99.3	1295	9	0	1	1295	1	1295	0.0	2574
NC_000913.3_2524	iSF_1195.SF2604	99.2	1295	11	0	1	1295	1	1295	0.0	2570
NC_000913.3_2524	STM_v1_0.STM2565	93.7	1295	81	0	1	1295	1	1295	0.0	2441
NC_000913.3_2524	iYL1228.KPN_02882	91.4	1295	111	0	1	1295	1	1295	0.0	2397
NC_000913.3_2525	iML1515.b2558	100	518	0	0	1	518	1	518	0.0	1021
NC_000913.3_2525	iSbBS512_1146.SbBS512_E2924	99.8	518	1	0	1	518	1	518	0.0	1017
NC_000913.3_2525	iSF_1195.SF2605	99.8	472	1	0	47	518	1	472	0.0	932
NC_000913.3_2525	iSSON_1240.SSON_2641	99.2	472	4	0	47	518	1	472	0.0	926
NC_000913.3_2525	iSDY_1059.SDY_2748	98.9	472	5	0	47	518	1	472	0.0	925
NC_000913.3_2526	iAF987.Gmet_3524	48.7	156	80	0	10	165	14	169	3.89e-45	145
NC_000913.3_2526	iYO844.BSU00180	44.4	153	85	0	9	161	5	157	7.05e-41	134
NC_000913.3_2528	iYS854.USA300HOU_RS01685	25.2	254	175	3	9	261	8	247	4.77e-17	78.6
NC_000913.3_2530	iML1515.b2563	100	126	0	0	1	126	1	126	3.76e-88	251
NC_000913.3_2530	iSbBS512_1146.SbBS512_E2928	98.4	126	2	0	1	126	1	126	6.24e-87	248
NC_000913.3_2530	iSF_1195.SF2625	98.4	126	2	0	1	126	1	126	6.24e-87	248
NC_000913.3_2530	iSSON_1240.SSON_2687	98.4	126	2	0	1	126	1	126	6.24e-87	248
NC_000913.3_2530	iSDY_1059.SDY_2804	98.4	126	2	0	1	126	1	126	8.87e-87	248
NC_000913.3_2530	STM_v1_0.STM2577	94.4	126	7	0	1	126	1	126	2.86e-83	239
NC_000913.3_2531	iML1515.b2564	100	243	0	0	1	243	1	243	6.65e-171	470
NC_000913.3_2531	iSDY_1059.SDY_2805	99.6	243	1	0	1	243	1	243	5.46e-170	468
NC_000913.3_2531	iSbBS512_1146.SbBS512_E2929	98.8	243	3	0	1	243	1	243	4.49e-169	465
NC_000913.3_2531	iSF_1195.SF2626	98.8	243	3	0	1	243	1	243	4.49e-169	465
NC_000913.3_2531	iSSON_1240.SSON_2688	98.4	243	4	0	1	243	1	243	6.38e-169	465
NC_000913.3_2531	iYL1228.KPN_02889	93.8	243	15	0	1	243	1	243	2.19e-160	443
NC_000913.3_2531	STM_v1_0.STM2578	93.8	243	15	0	1	243	1	243	2.56e-159	441
NC_000913.3_2533	iYL1228.KPN_03779	22.7	216	138	9	11	210	6	208	6.07e-08	53.5
NC_000913.3_2533	STM_v1_0.STM3506	23.3	172	111	7	11	172	6	166	1.43e-07	52.4
NC_000913.3_2533	iML1515.b3409	22.1	172	113	7	11	172	6	166	2.54e-07	51.6
NC_000913.3_2533	iSbBS512_1146.SbBS512_E3790	22.1	172	113	7	11	172	6	166	3.39e-07	51.2
NC_000913.3_2533	iSDY_1059.SDY_3667	22.1	172	113	7	11	172	6	166	3.39e-07	51.2
NC_000913.3_2533	iSF_1195.SF3428	22.1	172	113	7	11	172	6	166	3.39e-07	51.2
NC_000913.3_2533	iSSON_1240.SSON_3540	21.5	172	114	7	11	172	6	166	1.88e-06	48.9
NC_000913.3_2536	iSynCJ816.SGL_RS17200	26.5	495	228	15	5	379	9	487	2.82e-27	116
NC_000913.3_2541	iML1515.b2574	100	540	0	0	1	540	1	540	0.0	1104
NC_000913.3_2541	iSDY_1059.SDY_2815	99.3	540	4	0	1	540	1	540	0.0	1099
NC_000913.3_2541	STM_v1_0.STM2641	89.8	540	55	0	1	540	1	540	0.0	999
NC_000913.3_2542	iAF987.Gmet_1167	35.1	57	37	0	47	103	72	128	9.46e-04	39.3
NC_000913.3_2543	iYS854.USA300HOU_RS07595	22.2	320	229	8	45	360	33	336	1.07e-13	72.4
NC_000913.3_2545	iML1515.b2578	100	195	0	0	1	195	1	195	2.67e-135	376
NC_000913.3_2545	iSbBS512_1146.SbBS512_E2958	100	195	0	0	1	195	1	195	2.67e-135	376
NC_000913.3_2545	iSSON_1240.SSON_2704	100	195	0	0	1	195	1	195	2.67e-135	376
NC_000913.3_2545	iSF_1195.SF2640	99.5	195	1	0	1	195	1	195	2.19e-134	374
NC_000913.3_2546	iML1515.b2579	100	127	0	0	1	127	1	127	1.65e-87	249
NC_000913.3_2546	iSbBS512_1146.SbBS512_E2957	100	127	0	0	1	127	1	127	1.65e-87	249
NC_000913.3_2546	iSSON_1240.SSON_2705	100	127	0	0	1	127	1	127	1.65e-87	249
NC_000913.3_2546	iSF_1195.SF2641	99.2	127	1	0	1	127	1	127	2.74e-86	246
NC_000913.3_2546	iSDY_1059.SDY_2822	98.4	127	2	0	1	127	1	127	7.86e-86	245
NC_000913.3_2546	STM_v1_0.STM2646	96.1	127	5	0	1	127	1	127	3.20e-85	244
NC_000913.3_2546	iYL1228.KPN_02902	92.1	127	10	0	1	127	1	127	1.03e-81	235
NC_000913.3_2549	iML1515.b2582	100	139	0	0	1	139	1	139	8.18e-105	294
NC_000913.3_2549	iSbBS512_1146.SbBS512_E2954	100	139	0	0	1	139	1	139	8.18e-105	294
NC_000913.3_2549	iSDY_1059.SDY_2825	100	139	0	0	1	139	1	139	8.18e-105	294
NC_000913.3_2549	iSF_1195.SF2644	100	139	0	0	1	139	1	139	8.18e-105	294
NC_000913.3_2549	iSSON_1240.SSON_2708	100	139	0	0	1	139	1	139	8.18e-105	294
NC_000913.3_2549	STM_v1_0.STM2649	95.0	139	7	0	1	139	1	139	2.64e-101	285
NC_000913.3_2551	iAM_Pc455.PCYB_132130	27.4	737	484	11	3	689	34	769	2.02e-79	277
NC_000913.3_2551	iAM_Pv461.PVX_084660	27.4	744	475	12	3	689	33	768	2.08e-79	277
NC_000913.3_2551	iAM_Pb448.PBANKA_061110	26.6	798	533	15	3	749	33	828	1.05e-78	274
NC_000913.3_2551	iAM_Pf480.PF3D7_1437700	26.1	731	490	13	3	689	34	758	8.29e-74	261
NC_000913.3_2552	iML1515.b2585	100	451	0	0	1	451	1	451	0.0	906
NC_000913.3_2552	iSDY_1059.SDY_2828	99.6	451	2	0	1	451	2	452	0.0	903
NC_000913.3_2552	iSF_1195.SF2647	99.8	451	1	0	1	451	1	451	0.0	903
NC_000913.3_2552	iSSON_1240.SSON_2711	99.6	451	2	0	1	451	2	452	0.0	901
NC_000913.3_2552	iSbBS512_1146.SbBS512_E2951	99.3	451	3	0	1	451	1	451	0.0	900
NC_000913.3_2552	STM_v1_0.STM2652	93.8	451	28	0	1	451	1	451	7.34e-319	862
NC_000913.3_2554	iML1515.b2587	100	432	0	0	1	432	1	432	2.49e-309	836
NC_000913.3_2554	iSDY_1059.SDY_2830	100	432	0	0	1	432	1	432	2.49e-309	836
NC_000913.3_2554	iSF_1195.SF2649	100	432	0	0	1	432	1	432	2.49e-309	836
NC_000913.3_2554	iSSON_1240.SSON_2713	99.8	432	1	0	1	432	1	432	1.01e-308	834
NC_000913.3_2554	STM_v1_0.STM2654	90.9	417	38	0	16	432	17	433	1.28e-277	756
NC_000913.3_2557	iCN900.CD630_20200	52.2	860	403	4	1	853	1	859	7.81e-304	857
NC_000913.3_2559	iSF_1195.SF2653	99.7	326	1	0	1	326	1	326	3.09e-238	647
NC_000913.3_2559	iSSON_1240.SSON_2720	99.7	326	1	0	1	326	1	326	3.09e-238	647
NC_000913.3_2559	iSbBS512_1146.SbBS512_E2975	99.1	326	3	0	1	326	1	326	2.96e-236	642
NC_000913.3_2559	iSDY_1059.SDY_2837	98.2	326	6	0	1	326	1	326	2.00e-234	637
NC_000913.3_2559	STM_v1_0.STM2662	93.3	326	22	0	1	326	1	326	5.64e-225	613
NC_000913.3_2562	iML1515.b2599	100	386	0	0	1	386	1	386	1.34e-276	749
NC_000913.3_2562	iSF_1195.SF2659	100	386	0	0	1	386	1	386	1.34e-276	749
NC_000913.3_2562	iSbBS512_1146.SbBS512_E2986	99.7	386	1	0	1	386	1	386	5.46e-276	748
NC_000913.3_2562	iSSON_1240.SSON_2750	99.5	386	2	0	1	386	1	386	1.57e-275	746
NC_000913.3_2562	iSDY_1059.SDY_2767	99.2	386	3	0	1	386	1	386	3.03e-273	741
NC_000913.3_2562	STM_v1_0.STM2667	90.9	385	35	0	1	385	1	385	1.08e-250	684
NC_000913.3_2562	iYL1228.KPN_02920	89.4	385	41	0	1	385	1	385	5.97e-248	677
NC_000913.3_2563	iML1515.b2600	100	373	0	0	1	373	1	373	8.63e-271	733
NC_000913.3_2563	iSbBS512_1146.SbBS512_E2987	99.7	373	1	0	1	373	1	373	3.52e-270	732
NC_000913.3_2563	iSSON_1240.SSON_2751	99.7	373	1	0	1	373	1	373	3.52e-270	732
NC_000913.3_2563	iSF_1195.SF2660	99.5	373	2	0	1	373	1	373	1.43e-269	730
NC_000913.3_2563	iSDY_1059.SDY_2766	99.2	373	3	0	1	373	1	373	4.79e-268	726
NC_000913.3_2563	STM_v1_0.STM2669	95.4	372	17	0	1	372	1	372	3.86e-258	701
NC_000913.3_2563	iYL1228.KPN_02922	92.2	373	29	0	1	373	1	373	1.79e-247	674
NC_000913.3_2564	iML1515.b2601	100	356	0	0	1	356	1	356	1.78e-259	703
NC_000913.3_2564	iSbBS512_1146.SbBS512_E2988	99.7	356	1	0	1	356	1	356	5.09e-259	702
NC_000913.3_2564	iSDY_1059.SDY_2765	99.7	356	1	0	1	356	1	356	5.09e-259	702
NC_000913.3_2564	iSSON_1240.SSON_2752	99.7	356	1	0	1	356	1	356	5.09e-259	702
NC_000913.3_2564	iSF_1195.SF2661	99.2	356	3	0	1	356	1	356	4.88e-257	697
NC_000913.3_2564	STM_v1_0.STM2670	96.3	356	13	0	1	356	1	356	5.84e-249	677
NC_000913.3_2564	iYL1228.KPN_02923	90.4	355	34	0	1	355	1	355	2.60e-236	645
NC_000913.3_2567	iJN1463.PP_4670	35.3	394	253	2	11	402	10	403	3.02e-65	214
NC_000913.3_2568	iAF987.Gmet_1832	35.2	108	69	1	54	160	413	520	3.10e-13	65.9
NC_000913.3_2568	iAF987.Gmet_2727	35.2	108	67	2	52	158	291	396	5.20e-13	65.1
NC_000913.3_2577	iML1515.b2615	100	292	0	0	1	292	1	292	6.58e-216	588
NC_000913.3_2577	iSbBS512_1146.SbBS512_E3004	100	292	0	0	1	292	1	292	6.58e-216	588
NC_000913.3_2577	iSF_1195.SF2674	100	292	0	0	1	292	1	292	6.58e-216	588
NC_000913.3_2577	iSSON_1240.SSON_2771	100	292	0	0	1	292	1	292	6.58e-216	588
NC_000913.3_2577	iSDY_1059.SDY_2788	99.3	292	2	0	1	292	1	292	3.13e-214	583
NC_000913.3_2577	STM_v1_0.STM2683	96.2	292	11	0	1	292	1	292	1.08e-205	562
NC_000913.3_2577	iYL1228.KPN_02937	94.9	292	15	0	1	292	1	292	1.53e-205	561
NC_000913.3_2599	iML1515.b3503	80.4	51	10	0	1	51	1	51	1.00e-24	90.5
NC_000913.3_2599	iSbBS512_1146.SbBS512_E3818	80.4	51	10	0	1	51	1	51	1.00e-24	90.5
NC_000913.3_2599	iSF_1195.SF3536	80.4	51	10	0	1	51	1	51	1.00e-24	90.5
NC_000913.3_2599	iSSON_1240.SSON_3738	80.4	51	10	0	1	51	1	51	1.00e-24	90.5
NC_000913.3_2599	iSDY_1059.SDY_3559	78.4	51	11	0	1	51	1	51	2.84e-24	89.4
NC_000913.3_2600	iML1515.b3502	87.8	197	24	0	1	197	233	429	5.41e-121	348
NC_000913.3_2600	iSF_1195.SF3535	87.8	197	24	0	1	197	233	429	5.41e-121	348
NC_000913.3_2600	iSSON_1240.SSON_3737	87.8	197	24	0	1	197	240	436	6.76e-121	348
NC_000913.3_2600	iSDY_1059.SDY_3560	87.8	197	24	0	1	197	240	436	1.92e-120	347
NC_000913.3_2600	iSbBS512_1146.SbBS512_E3819	87.3	197	25	0	1	197	233	429	4.39e-120	346
NC_000913.3_2600	iYL1228.KPN_03304	82.0	194	35	0	1	194	233	426	3.64e-109	318
NC_000913.3_2600	iPC815.YPO3347	77.7	197	44	0	1	197	233	429	8.13e-108	315
NC_000913.3_2601	iML1515.b3502	78.8	66	14	0	1	66	141	206	2.93e-26	98.2
NC_000913.3_2601	iSbBS512_1146.SbBS512_E3819	78.8	66	14	0	1	66	141	206	2.93e-26	98.2
NC_000913.3_2601	iSDY_1059.SDY_3560	78.8	66	14	0	1	66	148	213	3.08e-26	98.2
NC_000913.3_2601	iSF_1195.SF3535	78.8	66	14	0	1	66	141	206	2.93e-26	98.2
NC_000913.3_2601	iSSON_1240.SSON_3737	78.8	66	14	0	1	66	148	213	3.08e-26	98.2
NC_000913.3_2601	iJN1463.PP_2717	74.2	66	17	0	1	66	141	206	2.03e-25	95.9
NC_000913.3_2601	iPC815.YPO3347	74.2	66	17	0	1	66	141	206	3.76e-24	92.4
NC_000913.3_2601	iYL1228.KPN_03304	72.7	66	18	0	1	66	141	206	1.89e-23	90.5
NC_000913.3_2601	iJN1463.PP_1929	71.2	66	19	0	1	66	141	206	3.54e-23	89.7
NC_000913.3_2612	iYO844.BSU03040	26.0	104	75	2	91	194	41	142	4.52e-07	49.7
NC_000913.3_2614	iJN1463.PP_2909	67.7	325	105	0	1	325	1	325	3.36e-161	452
NC_000913.3_2615	iML1515.b2660	100	422	0	0	1	422	1	422	1.51e-314	848
NC_000913.3_2616	iML1515.b2661	100	482	0	0	1	482	1	482	0.0	944
NC_000913.3_2616	iSSON_1240.SSON_2805	98.8	482	6	0	1	482	1	482	0.0	932
NC_000913.3_2616	iYL1228.KPN_00256	91.5	482	41	0	1	482	1	482	1.14e-319	867
NC_000913.3_2616	STM_v1_0.STM2791	90.5	482	46	0	1	482	1	482	1.25e-316	858
NC_000913.3_2617	iML1515.b2662	100	426	0	0	1	426	1	426	8.04e-312	842
NC_000913.3_2617	iSSON_1240.SSON_2806	99.1	426	4	0	1	426	1	426	1.28e-308	833
NC_000913.3_2617	iYL1228.KPN_00255	89.2	426	46	0	1	426	1	426	6.17e-282	766
NC_000913.3_2618	iML1515.b2663	100	466	0	0	1	466	1	466	0.0	887
NC_000913.3_2618	iSDY_1059.SDY_2853	99.8	466	1	0	1	466	1	466	0.0	886
NC_000913.3_2618	iSbBS512_1146.SbBS512_E3218	99.1	466	4	0	1	466	1	466	0.0	882
NC_000913.3_2618	iYL1228.KPN_00254	93.3	466	31	0	1	466	2	467	3.00e-307	833
NC_000913.3_2618	STM_v1_0.STM2793	92.1	466	37	0	1	466	1	466	1.31e-303	824
NC_000913.3_2618	iSSON_1240.SSON_2807	94.0	466	0	1	1	466	1	438	5.29e-303	822
NC_000913.3_2620	iEK1008.Rv1288	47.9	48	23	1	99	146	107	152	6.25e-04	38.5
NC_000913.3_2623	iML1515.b2668	100	174	0	0	1	174	1	174	8.52e-124	345
NC_000913.3_2625	iML1515.b2670	100	149	0	0	1	149	1	149	2.11e-105	296
NC_000913.3_2628	iJN1463.PP_2958	30.9	81	51	2	3	78	4	84	1.23e-05	39.3
NC_000913.3_2629	iYS854.USA300HOU_RS03945	36.5	126	73	3	3	128	2	120	7.78e-17	71.2
NC_000913.3_2629	iNF517.LLMG_RS07755	34.4	125	75	3	3	123	2	123	1.32e-16	70.9
NC_000913.3_2629	iYO844.BSU17370	35.7	115	65	3	5	119	4	109	4.13e-16	69.3
NC_000913.3_2630	iML1515.b2675	100	714	0	0	1	714	1	714	0.0	1424
NC_000913.3_2630	iSbBS512_1146.SbBS512_E3204	98.7	714	9	0	1	714	1	714	0.0	1411
NC_000913.3_2630	iSSON_1240.SSON_2820	98.7	714	9	0	1	714	1	714	0.0	1411
NC_000913.3_2630	iSF_1195.SF2703	98.9	701	8	0	14	714	1	701	0.0	1387
NC_000913.3_2630	STM_v1_0.STM2807	89.5	714	75	0	1	714	1	714	0.0	1289
NC_000913.3_2631	iML1515.b2676	100	319	0	0	1	319	1	319	2.44e-236	642
NC_000913.3_2631	iSSON_1240.SSON_2821	100	319	0	0	1	319	1	319	2.44e-236	642
NC_000913.3_2631	iSF_1195.SF2704	99.7	319	1	0	1	319	1	319	9.93e-236	640
NC_000913.3_2631	iSbBS512_1146.SbBS512_E3203	99.7	319	1	0	1	319	1	319	4.04e-235	639
NC_000913.3_2631	iSDY_1059.SDY_2869	96.8	316	10	0	1	316	1	316	2.12e-224	612
NC_000913.3_2632	iML1515.b2677	100	400	0	0	1	400	1	400	2.87e-285	772
NC_000913.3_2632	iSbBS512_1146.SbBS512_E3202	100	400	0	0	1	400	1	400	2.87e-285	772
NC_000913.3_2632	iSF_1195.SF2705	99.8	400	1	0	1	400	1	400	1.17e-284	771
NC_000913.3_2632	iSSON_1240.SSON_2822	99.8	400	1	0	1	400	1	400	1.17e-284	771
NC_000913.3_2632	STM_v1_0.STM2809	95.0	400	20	0	1	400	1	400	8.61e-271	736
NC_000913.3_2632	iYL1228.KPN_03008	91.5	400	34	0	1	400	1	400	2.93e-262	714
NC_000913.3_2633	iML1515.b2678	100	354	0	0	1	354	1	354	1.60e-245	668
NC_000913.3_2633	iSSON_1240.SSON_2823	99.7	354	1	0	1	354	1	354	1.32e-244	665
NC_000913.3_2633	iSbBS512_1146.SbBS512_E3201	99.4	354	2	0	1	354	1	354	3.77e-244	664
NC_000913.3_2633	iSF_1195.SF2706	99.4	354	2	0	1	354	1	354	3.77e-244	664
NC_000913.3_2634	iML1515.b2679	100	330	0	0	1	330	1	330	9.36e-251	679
NC_000913.3_2634	iSbBS512_1146.SbBS512_E3200	99.7	330	1	0	1	330	1	330	3.81e-250	677
NC_000913.3_2634	iSF_1195.SF2707	99.7	330	1	0	1	330	1	330	3.81e-250	677
NC_000913.3_2634	iSSON_1240.SSON_2824	99.4	330	2	0	1	330	1	330	2.21e-249	676
NC_000913.3_2637	iML1515.b2682	100	245	0	0	1	245	1	245	2.22e-170	469
NC_000913.3_2637	iSSON_1240.SSON_2826	99.6	245	1	0	1	245	1	245	3.16e-170	468
NC_000913.3_2637	iSF_1195.SF2709	99.2	245	2	0	1	245	1	245	1.29e-169	467
NC_000913.3_2637	iSbBS512_1146.SbBS512_E3194	99.2	245	2	0	1	245	1	245	1.06e-168	464
NC_000913.3_2637	iSDY_1059.SDY_2877	99.2	245	2	0	1	245	1	245	1.06e-168	464
NC_000913.3_2638	iML1515.b2683	100	111	0	0	1	111	1	111	2.23e-73	213
NC_000913.3_2638	iSbBS512_1146.SbBS512_E3193	100	111	0	0	1	111	1	111	2.23e-73	213
NC_000913.3_2638	iSDY_1059.SDY_2878	99.1	111	1	0	1	111	1	111	9.07e-73	211
NC_000913.3_2638	iSF_1195.SF2710	99.1	111	1	0	1	111	1	111	9.07e-73	211
NC_000913.3_2638	iSSON_1240.SSON_2827	98.2	111	2	0	1	111	1	111	1.06e-71	208
NC_000913.3_2640	iML1515.b3241	25.2	305	173	7	52	351	38	292	2.04e-13	70.1
NC_000913.3_2641	iYO844.BSU03070	31.8	422	255	8	17	423	16	419	1.60e-49	177
NC_000913.3_2642	iML1515.b2687	100	171	0	0	1	171	1	171	4.78e-124	345
NC_000913.3_2642	iSDY_1059.SDY_2884	100	171	0	0	1	171	1	171	4.78e-124	345
NC_000913.3_2642	iSSON_1240.SSON_2831	100	171	0	0	1	171	1	171	4.78e-124	345
NC_000913.3_2642	iSF_1195.SF2714	99.4	171	1	0	1	171	1	171	1.95e-123	344
NC_000913.3_2642	iSbBS512_1146.SbBS512_E3189	99.4	171	1	0	1	171	1	171	3.93e-123	343
NC_000913.3_2642	STM_v1_0.STM2817	94.2	171	10	0	1	171	1	171	2.98e-118	331
NC_000913.3_2643	iML1515.b2688	100	518	0	0	1	518	1	518	0.0	1045
NC_000913.3_2643	iSDY_1059.SDY_2885	100	518	0	0	1	518	1	518	0.0	1045
NC_000913.3_2643	iSbBS512_1146.SbBS512_E3188	99.4	518	3	0	1	518	1	518	0.0	1038
NC_000913.3_2643	iSSON_1240.SSON_2832	99.4	517	3	0	1	517	1	517	0.0	1037
NC_000913.3_2643	STM_v1_0.STM2818	93.6	518	33	0	1	518	1	518	0.0	990
NC_000913.3_2645	iML1515.b2690	100	188	0	0	1	188	1	188	1.63e-137	381
NC_000913.3_2645	iSSON_1240.SSON_2834	100	188	0	0	1	188	1	188	1.63e-137	381
NC_000913.3_2645	iSDY_1059.SDY_2887	97.9	188	4	0	1	188	1	188	6.37e-135	374
NC_000913.3_2645	iSF_1195.SF2717	98.4	188	3	0	1	188	1	188	9.05e-135	374
NC_000913.3_2645	iSbBS512_1146.SbBS512_E3186	97.9	188	3	1	1	188	1	187	4.16e-133	370
NC_000913.3_2648	iSSON_1240.SSON_2841	99.7	876	3	0	1	876	1	876	0.0	1689
NC_000913.3_2648	iSDY_1059.SDY_2893	99.5	876	4	0	1	876	1	876	0.0	1687
NC_000913.3_2648	iSbBS512_1146.SbBS512_E3180	99.5	876	4	0	1	876	1	876	0.0	1687
NC_000913.3_2648	iSF_1195.SF2720	99.4	876	5	0	1	876	1	876	0.0	1686
NC_000913.3_2648	STM_v1_0.STM2827	95.4	876	40	0	1	876	1	876	0.0	1640
NC_000913.3_2648	iYL1228.KPN_03029	91.1	875	78	0	1	875	1	875	0.0	1576
NC_000913.3_2651	iML1515.b2700	100	165	0	0	1	165	1	165	2.90e-113	318
NC_000913.3_2652	iML1515.b2701	100	361	0	0	36	396	1	361	5.04e-273	739
NC_000913.3_2652	iSF_1195.SF2724	98.1	361	7	0	36	396	1	361	6.30e-267	724
NC_000913.3_2652	iSDY_1059.SDY_2897	98.1	361	7	0	36	396	1	361	1.27e-266	723
NC_000913.3_2652	iSbBS512_1146.SbBS512_E3176	97.8	361	8	0	36	396	1	361	5.17e-266	722
NC_000913.3_2652	iSSON_1240.SSON_2845	97.5	361	9	0	36	396	1	361	1.48e-265	721
NC_000913.3_2652	STM_v1_0.STM2831	92.2	361	26	1	36	396	1	359	1.18e-250	683
NC_000913.3_2653	iML1515.b2702	100	187	0	0	1	187	1	187	6.14e-137	379
NC_000913.3_2653	iSbBS512_1146.SbBS512_E3175	100	187	0	0	1	187	1	187	6.14e-137	379
NC_000913.3_2653	iSSON_1240.SSON_2846	100	187	0	0	1	187	1	187	6.14e-137	379
NC_000913.3_2653	STM_v1_0.STM2832	97.3	187	5	0	1	187	1	187	5.67e-133	369
NC_000913.3_2653	iYL1228.KPN_03037	92.5	187	14	0	1	187	1	187	2.13e-128	358
NC_000913.3_2654	iML1515.b2703	100	319	0	0	1	319	1	319	1.77e-229	624
NC_000913.3_2654	iSbBS512_1146.SbBS512_E3174	99.1	319	3	0	1	319	1	319	6.89e-227	618
NC_000913.3_2654	iSSON_1240.SSON_2847	98.4	319	5	0	1	319	1	319	3.28e-225	613
NC_000913.3_2654	STM_v1_0.STM2833	92.0	323	22	2	1	319	1	323	2.93e-213	583
NC_000913.3_2654	iYL1228.KPN_03038	87.4	326	34	1	1	319	1	326	1.93e-205	564
NC_000913.3_2655	iML1515.b2704	100	123	0	0	1	123	1	123	3.01e-88	251
NC_000913.3_2655	iSSON_1240.SSON_2848	98.4	123	2	0	1	123	1	123	4.99e-87	248
NC_000913.3_2655	iSbBS512_1146.SbBS512_E3173	97.6	123	3	0	1	123	1	123	2.04e-86	246
NC_000913.3_2656	iML1515.b2705	100	259	0	0	1	259	1	259	1.02e-182	501
NC_000913.3_2656	iSDY_1059.SDY_2902	100	259	0	0	1	259	1	259	1.02e-182	501
NC_000913.3_2656	iSbBS512_1146.SbBS512_E3172	99.6	259	1	0	1	259	1	259	4.17e-182	499
NC_000913.3_2656	iSF_1195.SF2728	99.2	259	2	0	1	259	1	259	9.81e-181	496
NC_000913.3_2656	STM_v1_0.STM2835	97.7	259	6	0	1	259	1	259	1.34e-178	491
NC_000913.3_2656	iYL1228.KPN_03040	91.9	259	21	0	1	259	1	259	3.60e-167	462
NC_000913.3_2659	iML1515.b2708	100	321	0	0	1	321	1	321	6.61e-226	615
NC_000913.3_2659	iSF_1195.SF2731	99.0	308	3	0	14	321	1	308	1.34e-215	589
NC_000913.3_2659	iSDY_1059.SDY_2905	99.0	308	3	0	14	321	1	308	1.56e-214	586
NC_000913.3_2659	iSSON_1240.SSON_2852	99.0	308	3	0	14	321	1	308	1.56e-214	586
NC_000913.3_2661	iML1515.b2710	100	479	0	0	1	479	1	479	0.0	988
NC_000913.3_2661	iSDY_1059.SDY_2907	99.4	479	3	0	1	479	1	479	0.0	985
NC_000913.3_2661	iSF_1195.SF2733	99.4	479	3	0	1	479	1	479	0.0	984
NC_000913.3_2661	iSSON_1240.SSON_2854	99.2	479	4	0	1	479	1	479	0.0	982
NC_000913.3_2661	iSbBS512_1146.SbBS512_E3167	99.2	479	4	0	1	479	1	479	0.0	980
NC_000913.3_2661	STM_v1_0.STM2840	92.9	479	34	0	1	479	1	479	0.0	928
NC_000913.3_2661	iYL1228.KPN_03045	90.9	482	41	1	1	479	1	482	0.0	906
NC_000913.3_2662	iML1515.b2711	100	377	0	0	1	377	1	377	2.38e-270	733
NC_000913.3_2662	iSbBS512_1146.SbBS512_E3166	98.4	377	6	0	1	377	1	377	1.47e-264	718
NC_000913.3_2662	iSSON_1240.SSON_2855	97.9	377	8	0	1	377	1	377	1.21e-263	716
NC_000913.3_2662	iSDY_1059.SDY_2908	97.9	377	8	0	1	377	1	377	1.72e-263	715
NC_000913.3_2662	iSF_1195.SF2734	96.8	377	12	0	1	377	1	377	5.50e-260	706
NC_000913.3_2663	iAF987.Gmet_0119	43.5	761	398	16	10	746	8	760	1.35e-141	434
NC_000913.3_2664	iHN637.CLJU_RS08480	46.6	163	75	3	1	152	3	164	8.70e-46	148
NC_000913.3_2665	iPC815.YPO3908	25.2	258	162	10	84	320	45	292	6.09e-09	56.2
NC_000913.3_2665	iYO844.BSU35960	22.5	267	174	9	54	307	31	277	5.89e-08	53.1
NC_000913.3_2665	iYL1228.KPN_04622	25.8	233	142	8	84	294	31	254	1.05e-07	52.4
NC_000913.3_2665	iML1515.b4227	25.9	224	145	8	88	294	49	268	3.54e-07	50.8
NC_000913.3_2665	iSbBS512_1146.SbBS512_E4856	25.9	224	145	8	88	294	49	268	3.54e-07	50.8
NC_000913.3_2665	iSSON_1240.SSON_4409	25.9	224	145	8	88	294	49	268	3.54e-07	50.8
NC_000913.3_2666	iML1515.b2715	100	485	0	0	1	485	1	485	0.0	896
NC_000913.3_2666	iSSON_1240.SSON_2859	99.0	485	5	0	1	485	1	485	0.0	886
NC_000913.3_2667	iML1515.b2716	100	474	0	0	1	474	1	474	0.0	984
NC_000913.3_2667	iSDY_1059.SDY_2912	98.1	474	9	0	1	474	1	474	0.0	969
NC_000913.3_2668	iAF692.Mbar_A0451	25.7	140	94	4	9	139	14	152	4.82e-09	52.0
NC_000913.3_2668	iAF987.Gmet_3329	27.7	148	94	6	1	139	1	144	2.86e-07	47.4
NC_000913.3_2669	iML1515.b2490	48.1	131	67	1	4	134	7	136	9.18e-36	119
NC_000913.3_2670	iML1515.b2719	100	255	0	0	1	255	1	255	3.61e-190	520
NC_000913.3_2670	iSSON_1240.SSON_2866	98.8	255	3	0	1	255	1	255	2.00e-187	513
NC_000913.3_2670	STM_v1_0.STM2847	96.9	255	8	0	1	255	1	255	4.53e-184	504
NC_000913.3_2670	iYL1228.KPN_03056	92.5	255	19	0	1	255	1	255	1.10e-175	483
NC_000913.3_2671	iML1515.b2720	100	180	0	0	1	180	1	180	6.40e-122	341
NC_000913.3_2671	iSSON_1240.SSON_2867	99.4	180	1	0	1	180	1	180	1.06e-120	338
NC_000913.3_2671	STM_v1_0.STM2848	96.6	178	6	0	1	178	1	178	5.65e-116	326
NC_000913.3_2672	iML1515.b2721	100	569	0	0	1	569	1	569	0.0	1164
NC_000913.3_2672	iYL1228.KPN_03058	97.4	569	15	0	1	569	1	569	0.0	1142
NC_000913.3_2672	STM_v1_0.STM2849	97.2	569	16	0	1	569	1	569	0.0	1135
NC_000913.3_2673	iML1515.b2722	100	307	0	0	1	307	1	307	6.04e-215	587
NC_000913.3_2673	iSSON_1240.SSON_2869	99.3	307	2	0	1	307	1	307	1.00e-213	583
NC_000913.3_2673	STM_v1_0.STM2850	90.2	307	30	0	1	307	1	307	1.43e-197	543
NC_000913.3_2673	iYL1228.KPN_03059	89.3	307	33	0	1	307	1	307	6.47e-194	533
NC_000913.3_2674	iML1515.b2723	100	608	0	0	1	608	1	608	0.0	1153
NC_000913.3_2674	iSSON_1240.SSON_2870	99.2	608	5	0	1	608	1	608	0.0	1146
NC_000913.3_2674	STM_v1_0.STM2851	89.0	608	67	0	1	608	1	608	0.0	1040
NC_000913.3_2675	iML1515.b2724	100	203	0	0	1	203	1	203	3.64e-146	404
NC_000913.3_2675	iSSON_1240.SSON_2871	98.5	203	3	0	1	203	1	203	2.99e-145	402
NC_000913.3_2675	STM_v1_0.STM2852	96.0	202	8	0	1	202	1	202	1.08e-140	390
NC_000913.3_2678	iML1515.b2727	100	290	0	0	1	290	1	290	9.73e-217	590
NC_000913.3_2679	iAF987.Gmet_0118	33.3	78	47	2	1	78	1	73	1.07e-10	52.4
NC_000913.3_2680	iAF987.Gmet_0117	45.7	368	195	3	1	368	1	363	4.96e-114	336
NC_000913.3_2681	iAF987.Gmet_0116	46.4	336	172	3	4	336	6	336	2.38e-90	273
NC_000913.3_2681	iHN637.CLJU_RS11345	41.7	336	187	4	4	336	5	334	3.38e-84	257
NC_000913.3_2682	iAF987.Gmet_1298	25.3	174	125	2	178	351	10	178	2.90e-06	49.7
NC_000913.3_2686	iML1515.b0049	40.8	71	40	1	18	86	4	74	5.71e-08	51.6
NC_000913.3_2686	iJN1463.PP_0399	42.3	71	39	1	18	86	4	74	5.89e-08	51.6
NC_000913.3_2686	iSbBS512_1146.SbBS512_E0043	40.8	71	40	1	18	86	4	74	5.71e-08	51.6
NC_000913.3_2686	iSDY_1059.SDY_0074	40.8	71	40	1	18	86	4	74	5.76e-08	51.6
NC_000913.3_2686	iSF_1195.SF0046	40.8	71	40	1	18	86	4	74	5.71e-08	51.6
NC_000913.3_2686	iSSON_1240.SSON_0057	40.8	71	40	1	18	86	4	74	5.71e-08	51.6
NC_000913.3_2686	STM_v1_0.STM0088	40.8	71	40	1	18	86	4	74	1.05e-07	50.8
NC_000913.3_2686	iPC815.YPO0490	40.8	71	40	1	18	86	4	74	1.08e-07	50.8
NC_000913.3_2686	iYL1228.KPN_00046	39.4	71	41	1	18	86	4	74	4.73e-07	48.9
NC_000913.3_2688	STM_v1_0.STM3248	33.9	280	183	2	9	288	5	282	1.90e-44	152
NC_000913.3_2688	iSF_1195.SF3162	34.2	281	183	2	9	289	8	286	2.88e-44	152
NC_000913.3_2688	iML1515.b3125	34.3	280	182	2	9	288	3	280	5.01e-44	151
NC_000913.3_2688	iSbBS512_1146.SbBS512_E3233	34.3	280	182	2	9	288	3	280	5.01e-44	151
NC_000913.3_2688	iSDY_1059.SDY_3319	34.3	280	182	2	9	288	8	285	2.22e-43	150
NC_000913.3_2688	iSSON_1240.SSON_3280	33.9	280	183	2	9	288	8	285	1.70e-42	147
NC_000913.3_2688	iYL1228.KPN_03537	33.2	280	185	2	9	288	5	282	4.38e-42	146
NC_000913.3_2688	iHN637.CLJU_RS00330	30.7	290	199	2	6	295	2	289	2.45e-41	144
NC_000913.3_2690	iML1515.b2738	100	212	0	0	1	212	1	212	2.98e-154	425
NC_000913.3_2690	iSbBS512_1146.SbBS512_E3136	100	212	0	0	1	212	1	212	2.98e-154	425
NC_000913.3_2690	iSSON_1240.SSON_2886	100	212	0	0	1	212	1	212	2.98e-154	425
NC_000913.3_2691	iSbBS512_1146.SbBS512_E3135	98.8	258	3	0	1	258	1	258	2.98e-195	533
NC_000913.3_2692	iJN1463.PP_3417	34.5	441	271	3	10	445	14	441	5.04e-79	252
NC_000913.3_2692	iHN637.CLJU_RS00300	34.8	437	276	3	13	445	9	440	3.52e-75	242
NC_000913.3_2692	STM_v1_0.STM3512	34.6	436	267	6	13	445	9	429	1.85e-71	232
NC_000913.3_2692	iML1515.b3415	34.6	436	267	6	13	445	9	429	1.01e-70	230
NC_000913.3_2692	iSbBS512_1146.SbBS512_E3796	34.6	436	267	6	13	445	9	429	1.01e-70	230
NC_000913.3_2692	iSF_1195.SF3438	34.6	436	267	6	13	445	9	429	1.01e-70	230
NC_000913.3_2692	iSSON_1240.SSON_3547	34.4	436	268	6	13	445	9	429	2.80e-70	229
NC_000913.3_2692	STM_v1_0.STM3541	33.6	453	278	5	1	446	1	437	6.81e-70	228
NC_000913.3_2692	iSDY_1059.SDY_3661	34.4	436	268	6	13	445	9	429	7.78e-70	228
NC_000913.3_2694	iAF987.Gmet_1350	41.5	118	58	5	254	362	78	193	3.45e-14	71.2
NC_000913.3_2696	iML1515.b2744	100	253	0	0	1	253	1	253	1.03e-188	516
NC_000913.3_2696	iSbBS512_1146.SbBS512_E3130	100	253	0	0	1	253	1	253	1.03e-188	516
NC_000913.3_2696	iSSON_1240.SSON_2892	100	253	0	0	1	253	1	253	1.03e-188	516
NC_000913.3_2696	iSF_1195.SF2767	99.2	253	2	0	1	253	1	253	4.04e-186	509
NC_000913.3_2696	iSDY_1059.SDY_2943	98.4	253	4	0	1	253	1	253	1.65e-185	508
NC_000913.3_2696	STM_v1_0.STM2927	91.7	253	21	0	1	253	1	253	6.36e-174	478
NC_000913.3_2696	iYL1228.KPN_03106	90.8	250	23	0	4	253	1	250	2.13e-169	467
NC_000913.3_2698	iML1515.b2746	100	159	0	0	1	159	1	159	1.11e-114	321
NC_000913.3_2698	iSbBS512_1146.SbBS512_E3128	100	159	0	0	1	159	1	159	1.11e-114	321
NC_000913.3_2698	iSDY_1059.SDY_2945	100	159	0	0	1	159	1	159	1.11e-114	321
NC_000913.3_2698	iSF_1195.SF2769	100	159	0	0	1	159	1	159	1.11e-114	321
NC_000913.3_2698	iSSON_1240.SSON_2894	100	159	0	0	1	159	1	159	1.11e-114	321
NC_000913.3_2698	STM_v1_0.STM2929	98.1	159	3	0	1	159	1	159	7.49e-113	316
NC_000913.3_2698	iYL1228.KPN_03108	98.7	159	2	0	1	159	1	159	1.06e-112	316
NC_000913.3_2699	iML1515.b2747	100	236	0	0	1	236	1	236	2.09e-175	481
NC_000913.3_2699	iSbBS512_1146.SbBS512_E3127	100	236	0	0	1	236	1	236	2.09e-175	481
NC_000913.3_2699	iSDY_1059.SDY_2946	100	236	0	0	1	236	1	236	2.09e-175	481
NC_000913.3_2699	iSSON_1240.SSON_2895	100	236	0	0	1	236	1	236	2.09e-175	481
NC_000913.3_2699	iSF_1195.SF2770	99.2	236	2	0	1	236	1	236	6.98e-174	477
NC_000913.3_2699	STM_v1_0.STM2930	91.5	234	20	0	1	234	1	234	2.04e-157	435
NC_000913.3_2702	iML1515.b2750	100	201	0	0	1	201	1	201	8.94e-146	403
NC_000913.3_2702	iSDY_1059.SDY_2949	100	201	0	0	1	201	1	201	8.94e-146	403
NC_000913.3_2702	iSSON_1240.SSON_2898	100	201	0	0	1	201	1	201	8.94e-146	403
NC_000913.3_2702	iSF_1195.SF2773	99.5	201	1	0	1	201	1	201	7.35e-145	400
NC_000913.3_2702	iSbBS512_1146.SbBS512_E3124	99.5	201	1	0	1	201	1	201	2.11e-144	399
NC_000913.3_2702	iYL1228.KPN_03112	92.5	201	15	0	1	201	1	201	5.99e-135	375
NC_000913.3_2703	iML1515.b2751	100	475	0	0	1	475	1	475	0.0	934
NC_000913.3_2703	iSSON_1240.SSON_2899	100	475	0	0	1	475	1	475	0.0	934
NC_000913.3_2703	iSDY_1059.SDY_2950	99.8	475	1	0	1	475	1	475	0.0	933
NC_000913.3_2703	iSF_1195.SF2774	98.9	475	5	0	1	475	1	475	0.0	922
NC_000913.3_2703	iSbBS512_1146.SbBS512_E3123	98.5	475	7	0	1	475	1	475	0.0	920
NC_000913.3_2704	iML1515.b2752	100	302	0	0	1	302	1	302	2.23e-228	620
NC_000913.3_2704	iSSON_1240.SSON_2900	100	302	0	0	1	302	1	302	2.23e-228	620
NC_000913.3_2704	iSDY_1059.SDY_2951	99.3	302	2	0	1	302	1	302	7.48e-227	616
NC_000913.3_2704	iSF_1195.SF2775	99.3	302	2	0	1	302	1	302	4.33e-226	614
NC_000913.3_2704	iSbBS512_1146.SbBS512_E3122	98.7	302	4	0	1	302	1	302	1.45e-224	610
NC_000913.3_2704	STM_v1_0.STM2935	97.0	302	9	0	1	302	1	302	8.04e-222	603
NC_000913.3_2704	iYL1228.KPN_03114	97.4	302	8	0	1	302	1	302	1.14e-221	603
NC_000913.3_2704	iPC815.YPO3366	90.1	302	30	0	1	302	1	302	2.43e-207	567
NC_000913.3_2713	iAF692.Mbar_A0309	25.0	444	260	16	314	754	256	629	2.83e-25	112
NC_000913.3_2714	iML1515.b2762	100	244	0	0	1	244	1	244	7.88e-184	503
NC_000913.3_2714	iSbBS512_1146.SbBS512_E3113	99.6	244	1	0	1	244	1	244	2.26e-183	501
NC_000913.3_2714	iSSON_1240.SSON_2915	99.6	244	1	0	1	244	1	244	2.26e-183	501
NC_000913.3_2714	iSF_1195.SF2778	99.6	244	1	0	1	244	1	244	4.56e-183	501
NC_000913.3_2714	iSDY_1059.SDY_2964	98.8	244	3	0	1	244	1	244	3.08e-181	496
NC_000913.3_2714	iYL1228.KPN_03117	94.7	244	13	0	1	244	1	244	9.50e-176	482
NC_000913.3_2714	STM_v1_0.STM2946	93.9	244	15	0	1	244	1	244	3.18e-174	478
NC_000913.3_2715	iML1515.b2763	100	570	0	0	1	570	1	570	0.0	1162
NC_000913.3_2715	iSbBS512_1146.SbBS512_E3112	99.6	570	2	0	1	570	1	570	0.0	1156
NC_000913.3_2715	iSF_1195.SF2779	99.5	570	3	0	1	570	1	570	0.0	1154
NC_000913.3_2715	iSSON_1240.SSON_2916	99.5	570	3	0	1	570	1	570	0.0	1154
NC_000913.3_2715	iSDY_1059.SDY_2965	99.1	570	5	0	1	570	1	570	0.0	1148
NC_000913.3_2715	STM_v1_0.STM2947	93.9	570	35	0	1	570	1	570	0.0	1103
NC_000913.3_2715	iYL1228.KPN_03118	93.7	570	36	0	1	570	1	570	0.0	1102
NC_000913.3_2716	iML1515.b2764	100	599	0	0	1	599	1	599	0.0	1178
NC_000913.3_2716	iSSON_1240.SSON_2917	99.5	599	3	0	1	599	1	599	0.0	1174
NC_000913.3_2716	iSbBS512_1146.SbBS512_E3111	99.5	599	3	0	1	599	1	599	0.0	1174
NC_000913.3_2716	iSDY_1059.SDY_2966	98.5	599	9	0	1	599	1	599	0.0	1162
NC_000913.3_2716	iSF_1195.SF2780	98.7	599	8	0	1	599	1	599	0.0	1161
NC_000913.3_2716	STM_v1_0.STM2948	90.8	599	55	0	1	599	1	599	0.0	1090
NC_000913.3_2716	iYL1228.KPN_03119	90.3	599	58	0	1	599	1	599	0.0	1082
NC_000913.3_2717	iML1515.b2765	100	121	0	0	1	121	1	121	1.97e-92	261
NC_000913.3_2717	iSbBS512_1146.SbBS512_E3108	100	121	0	0	1	121	1	121	1.97e-92	261
NC_000913.3_2717	iSSON_1240.SSON_2918	100	121	0	0	1	121	1	121	1.97e-92	261
NC_000913.3_2717	iSDY_1059.SDY_2967	99.2	121	1	0	1	121	1	121	2.79e-92	261
NC_000913.3_2717	iSF_1195.SF2781	100	120	0	0	2	121	1	120	1.10e-91	259
NC_000913.3_2717	STM_v1_0.STM2949	94.2	120	7	0	2	121	1	120	5.06e-88	250
NC_000913.3_2718	iCHOv1.100763190	25.1	399	248	15	3	361	67	454	7.40e-18	85.5
NC_000913.3_2718	iMM1415.66841	25.6	399	246	16	3	361	66	453	7.39e-18	85.5
NC_000913.3_2720	iYS854.USA300HOU_RS06535	26.9	175	128	0	10	184	6	180	3.46e-22	88.2
NC_000913.3_2721	iAF987.Gmet_1526	30.9	230	139	5	58	278	70	288	2.58e-20	88.2
NC_000913.3_2721	iCHOv1.100758144	35.0	220	123	7	67	275	115	325	5.73e-20	87.8
NC_000913.3_2721	iAT_PLT_636.2108	34.6	214	132	6	67	275	66	276	7.97e-20	86.7
NC_000913.3_2721	iMM1415.110842	33.6	220	126	7	67	275	115	325	5.23e-19	85.1
NC_000913.3_2721	iJN1463.PP_4201	34.9	215	131	6	60	269	87	297	1.95e-18	83.2
NC_000913.3_2721	iCN900.CD630_10560	27.0	274	179	5	28	281	52	324	1.24e-17	81.3
NC_000913.3_2721	iAF987.Gmet_1712	31.6	244	153	6	44	282	70	304	1.68e-17	80.5
NC_000913.3_2722	iAF987.Gmet_3300	28.5	214	147	3	1	213	1	209	1.35e-15	73.9
NC_000913.3_2722	iAF987.Gmet_1713	27.1	214	150	3	1	213	1	209	8.27e-14	68.9
NC_000913.3_2723	iJN1463.PP_3658	27.3	388	268	5	33	410	11	394	1.11e-33	131
NC_000913.3_2723	iJN1463.PP_3165	28.3	385	266	4	32	409	10	391	1.52e-31	125
NC_000913.3_2724	iCHOv1.100756809	28.8	455	285	12	50	473	125	571	1.20e-41	156
NC_000913.3_2725	iYO844.BSU22140	46.4	252	130	2	12	261	6	254	5.46e-68	210
NC_000913.3_2725	iML1515.b2842	43.7	254	131	5	14	261	6	253	8.07e-62	194
NC_000913.3_2726	iYO844.BSU02140	20.7	439	278	15	17	416	35	442	9.78e-07	50.4
NC_000913.3_2726	iYS854.USA300HOU_RS13605	23.2	220	158	5	8	224	9	220	9.48e-07	50.4
NC_000913.3_2726	iNF517.LLMG_RS02750	21.6	440	272	16	6	406	24	429	5.39e-06	48.1
NC_000913.3_2726	iYL1228.KPN_01586	21.8	380	263	12	10	368	23	389	2.78e-05	45.8
NC_000913.3_2727	iCN900.CD630_30650	24.1	519	348	9	4	482	2	514	3.94e-37	142
NC_000913.3_2728	iJN1463.PP_1225	28.2	227	127	9	5	220	7	208	3.58e-15	71.2
NC_000913.3_2728	iYS854.USA300HOU_RS03835	32.6	138	76	5	4	138	5	128	3.27e-13	66.2
NC_000913.3_2731	iML1515.b2779	100	432	0	0	1	432	1	432	1.32e-304	824
NC_000913.3_2731	iSbBS512_1146.SbBS512_E3094	100	432	0	0	1	432	1	432	1.32e-304	824
NC_000913.3_2731	iSDY_1059.SDY_2996	100	432	0	0	1	432	1	432	1.32e-304	824
NC_000913.3_2731	iSF_1195.SF2794	100	432	0	0	1	432	1	432	1.32e-304	824
NC_000913.3_2731	iSSON_1240.SSON_2936	99.8	432	1	0	1	432	1	432	1.08e-303	822
NC_000913.3_2731	STM_v1_0.STM2952	98.6	432	6	0	1	432	1	432	7.30e-302	817
NC_000913.3_2731	iYL1228.KPN_03123	96.8	432	14	0	1	432	1	432	1.92e-297	806
NC_000913.3_2731	iPC815.YPO3376	94.4	431	24	0	1	431	1	431	3.80e-290	787
NC_000913.3_2732	iML1515.b2780	100	545	0	0	1	545	1	545	0.0	1087
NC_000913.3_2732	iSbBS512_1146.SbBS512_E3093	100	545	0	0	1	545	1	545	0.0	1087
NC_000913.3_2732	iSDY_1059.SDY_2997	100	545	0	0	1	545	1	545	0.0	1087
NC_000913.3_2732	iSF_1195.SF2795	100	545	0	0	1	545	1	545	0.0	1087
NC_000913.3_2732	iSSON_1240.SSON_2937	100	545	0	0	1	545	1	545	0.0	1087
NC_000913.3_2732	iYL1228.KPN_03124	95.2	545	26	0	1	545	1	545	0.0	1040
NC_000913.3_2732	STM_v1_0.STM2953	95.0	545	27	0	1	545	1	545	0.0	1040
NC_000913.3_2732	iPC815.YPO3377	88.8	545	61	0	1	545	1	545	0.0	997
NC_000913.3_2733	iML1515.b2781	100	263	0	0	1	263	1	263	1.30e-187	514
NC_000913.3_2733	iSbBS512_1146.SbBS512_E3092	100	263	0	0	1	263	1	263	1.30e-187	514
NC_000913.3_2733	iSSON_1240.SSON_2938	100	263	0	0	1	263	1	263	1.30e-187	514
NC_000913.3_2733	iSDY_1059.SDY_2998	99.6	263	1	0	1	263	1	263	1.84e-187	513
NC_000913.3_2733	iSF_1195.SF2796	99.6	263	1	0	1	263	1	263	5.28e-187	512
NC_000913.3_2733	STM_v1_0.STM2954	93.5	262	17	0	2	263	5	266	1.67e-177	488
NC_000913.3_2736	iML1515.b2784	100	744	0	0	1	744	1	744	0.0	1492
NC_000913.3_2736	iSDY_1059.SDY_3001	100	744	0	0	1	744	1	744	0.0	1492
NC_000913.3_2736	iSF_1195.SF2797	100	744	0	0	1	744	1	744	0.0	1492
NC_000913.3_2736	iSSON_1240.SSON_2941	100	744	0	0	1	744	1	744	0.0	1492
NC_000913.3_2736	iSbBS512_1146.SbBS512_E3089	99.7	744	2	0	1	744	1	744	0.0	1487
NC_000913.3_2736	STM_v1_0.STM2956	96.0	744	30	0	1	744	1	744	0.0	1438
NC_000913.3_2736	iYL1228.KPN_03126	94.4	746	39	2	1	744	1	745	0.0	1417
NC_000913.3_2737	iSynCJ816.SGL_RS03195	26.6	158	97	5	230	382	5	148	4.89e-05	44.3
NC_000913.3_2738	iAF987.Gmet_2999	36.7	109	69	0	670	778	10	118	1.68e-13	72.8
NC_000913.3_2739	iML1515.b2787	100	446	0	0	1	446	1	446	0.0	919
NC_000913.3_2739	iSF_1195.SF2800	99.8	446	1	0	1	446	1	446	0.0	916
NC_000913.3_2739	iSSON_1240.SSON_2944	99.6	446	2	0	1	446	1	446	0.0	911
NC_000913.3_2739	iSbBS512_1146.SbBS512_E3086	99.1	446	4	0	1	446	1	446	0.0	909
NC_000913.3_2739	STM_v1_0.STM2960	97.1	446	13	0	1	446	1	446	0.0	899
NC_000913.3_2739	iYL1228.KPN_03130	91.0	446	40	0	1	446	1	446	1.15e-312	845
NC_000913.3_2740	iML1515.b2788	100	446	0	0	1	446	1	446	0.0	933
NC_000913.3_2740	iSSON_1240.SSON_2945	98.9	446	5	0	1	446	1	446	0.0	926
NC_000913.3_2740	iSF_1195.SF2801	98.4	446	7	0	1	446	1	446	0.0	920
NC_000913.3_2740	STM_v1_0.STM2961	95.1	446	22	0	1	446	1	446	0.0	904
NC_000913.3_2740	iYL1228.KPN_03131	92.0	435	35	0	12	446	1	435	3.36e-316	854
NC_000913.3_2741	iML1515.b2789	100	450	0	0	1	450	1	450	0.0	890
NC_000913.3_2741	iSSON_1240.SSON_2946	99.6	450	2	0	1	450	1	450	0.0	887
NC_000913.3_2741	iSbBS512_1146.SbBS512_E3084	99.5	440	2	0	11	450	1	440	0.0	872
NC_000913.3_2741	STM_v1_0.STM2962	96.7	450	15	0	1	450	1	450	0.0	871
NC_000913.3_2741	iSF_1195.SF2802	97.4	455	7	1	1	450	1	455	0.0	868
NC_000913.3_2741	iYL1228.KPN_03132	93.1	450	31	0	1	450	1	450	2.33e-314	850
NC_000913.3_2742	iJN1463.PP_4628	38.3	149	90	2	3	149	2	150	2.17e-27	99.4
NC_000913.3_2743	iNF517.LLMG_RS12010	33.5	221	122	4	1	221	80	275	2.76e-28	108
NC_000913.3_2746	iML1515.b2794	100	282	0	0	1	282	1	282	3.52e-215	585
NC_000913.3_2746	iSbBS512_1146.SbBS512_E3078	99.6	282	1	0	1	282	1	282	7.11e-215	584
NC_000913.3_2746	iSSON_1240.SSON_2951	99.6	282	1	0	1	282	1	282	7.11e-215	584
NC_000913.3_2746	iSF_1195.SF2807	99.3	282	2	0	1	282	1	282	2.38e-213	580
NC_000913.3_2746	iSDY_1059.SDY_3011	97.9	282	6	0	1	282	1	282	2.29e-211	575
NC_000913.3_2748	iML1515.b2796	100	429	0	0	1	429	1	429	3.06e-297	805
NC_000913.3_2748	iSSON_1240.SSON_2953	100	429	0	0	1	429	1	429	3.06e-297	805
NC_000913.3_2748	iSbBS512_1146.SbBS512_E3076	99.8	429	1	0	1	429	1	429	1.25e-296	803
NC_000913.3_2748	iSDY_1059.SDY_3013	99.5	429	2	0	1	429	1	429	5.07e-296	802
NC_000913.3_2748	iSF_1195.SF2810	98.8	429	5	0	1	429	1	429	5.66e-293	794
NC_000913.3_2748	STM_v1_0.STM2970	95.6	429	19	0	1	429	1	429	1.65e-285	775
NC_000913.3_2748	iYL1228.KPN_03139	92.8	429	31	0	1	429	1	429	3.25e-276	752
NC_000913.3_2749	iML1515.b2797	100	455	0	0	1	455	1	455	0.0	896
NC_000913.3_2749	iSbBS512_1146.SbBS512_E3075	99.8	455	1	0	1	455	1	455	0.0	895
NC_000913.3_2749	iSF_1195.SF2811	99.8	455	1	0	1	455	1	455	0.0	895
NC_000913.3_2749	iSSON_1240.SSON_2954	99.6	455	2	0	1	455	1	455	0.0	893
NC_000913.3_2749	iSDY_1059.SDY_3014	99.6	455	2	0	1	455	1	455	0.0	892
NC_000913.3_2749	STM_v1_0.STM2971	94.1	455	27	0	1	455	1	455	1.03e-315	854
NC_000913.3_2749	iYL1228.KPN_03140	92.7	455	33	0	1	455	1	455	1.10e-310	841
NC_000913.3_2751	iML1515.b2799	100	382	0	0	1	382	1	382	5.92e-278	752
NC_000913.3_2751	iSSON_1240.SSON_2956	99.7	382	1	0	1	382	2	383	3.56e-277	750
NC_000913.3_2751	iSDY_1059.SDY_3016	99.5	382	2	0	1	382	2	383	2.06e-276	748
NC_000913.3_2751	iSF_1195.SF2813	99.5	382	2	0	1	382	1	382	1.15e-275	746
NC_000913.3_2751	STM_v1_0.STM2973	91.1	382	34	0	1	382	1	382	1.95e-251	685
NC_000913.3_2752	iML1515.b2800	100	215	0	0	1	215	1	215	1.31e-154	426
NC_000913.3_2752	iSDY_1059.SDY_3017	100	215	0	0	1	215	1	215	1.31e-154	426
NC_000913.3_2752	iSF_1195.SF2814	100	215	0	0	1	215	1	215	1.31e-154	426
NC_000913.3_2752	iSSON_1240.SSON_2957	98.6	215	3	0	1	215	1	215	1.25e-152	421
NC_000913.3_2752	STM_v1_0.STM2974	91.6	215	18	0	1	215	1	215	2.50e-143	398
NC_000913.3_2752	iYL1228.KPN_03151	90.7	215	20	0	1	215	1	215	1.39e-140	391
NC_000913.3_2753	iML1515.b2801	100	438	0	0	1	438	1	438	6.15e-313	845
NC_000913.3_2753	iSSON_1240.SSON_2958	99.5	438	2	0	1	438	1	438	1.45e-311	842
NC_000913.3_2753	iSF_1195.SF2815	99.5	438	2	0	1	438	1	438	1.69e-310	839
NC_000913.3_2754	iML1515.b2802	100	591	0	0	1	591	1	591	0.0	1201
NC_000913.3_2754	iSF_1195.SF2816	100	591	0	0	1	591	1	591	0.0	1201
NC_000913.3_2754	iSDY_1059.SDY_3020	98.5	591	9	0	1	591	1	591	0.0	1184
NC_000913.3_2754	STM_v1_0.STM2976	93.7	591	37	0	1	591	1	591	0.0	1138
NC_000913.3_2754	iYL1228.KPN_03153	92.6	591	44	0	1	591	1	591	0.0	1124
NC_000913.3_2755	iML1515.b2803	100	472	0	0	1	472	1	472	0.0	949
NC_000913.3_2755	iSSON_1240.SSON_2960	99.4	472	3	0	1	472	11	482	0.0	943
NC_000913.3_2755	iSDY_1059.SDY_3021	99.2	472	4	0	1	472	11	482	0.0	941
NC_000913.3_2756	iYO844.BSU35930	28.5	137	79	4	8	138	6	129	6.01e-06	42.7
NC_000913.3_2756	iJN1463.PP_2459	30.2	139	81	4	6	139	4	131	1.58e-04	38.9
NC_000913.3_2762	iML1515.b2810	100	401	0	0	1	401	1	401	2.48e-291	788
NC_000913.3_2762	iSSON_1240.SSON_2967	99.5	401	2	0	1	401	1	401	1.43e-290	786
NC_000913.3_2762	iSbBS512_1146.SbBS512_E3060	98.8	401	5	0	1	401	1	401	1.95e-288	780
NC_000913.3_2762	iSDY_1059.SDY_3028	98.8	401	5	0	1	401	1	401	1.95e-288	780
NC_000913.3_2762	iSF_1195.SF2824	98.3	401	7	0	1	401	1	401	2.66e-286	775
NC_000913.3_2762	STM_v1_0.STM2984	89.3	401	43	0	1	401	1	401	1.57e-262	715
NC_000913.3_2763	iSbBS512_1146.SbBS512_E1880	35.8	123	79	0	18	140	8	130	3.28e-20	80.5
NC_000913.3_2763	iML1515.b1679	35.0	123	80	0	18	140	8	130	1.83e-19	78.6
NC_000913.3_2763	iJN1463.PP_1528	43.1	109	57	2	30	136	20	125	6.90e-19	77.0
NC_000913.3_2763	iSSON_1240.SSON_1477	34.1	123	81	0	18	140	8	130	7.24e-19	77.0
NC_000913.3_2763	iSDY_1059.SDY_1910	34.1	123	81	0	18	140	8	130	1.44e-18	76.3
NC_000913.3_2763	iSF_1195.SF1708	34.1	123	81	0	18	140	8	130	1.13e-17	73.9
NC_000913.3_2764	STM_v1_0.STM4162	33.6	152	95	3	10	159	11	158	4.27e-17	78.2
NC_000913.3_2764	iAF692.Mbar_A1238	28.0	157	110	2	5	159	1	156	7.09e-16	74.7
NC_000913.3_2764	iSF_1195.SF4064	30.1	136	92	2	26	159	24	158	1.03e-15	74.3
NC_000913.3_2764	iSDY_1059.SDY_3734	30.1	136	92	2	26	159	18	152	1.31e-15	73.9
NC_000913.3_2764	iML1515.b3992	30.1	136	92	2	26	159	24	158	1.95e-15	73.6
NC_000913.3_2764	iSDY_1059.SDY_0761	33.6	131	83	2	21	151	25	151	2.61e-15	73.2
NC_000913.3_2764	iSF_1195.SF0776	33.6	131	83	2	21	151	25	151	3.59e-15	72.8
NC_000913.3_2764	iML1515.b0826	32.8	131	84	2	21	151	25	151	4.93e-15	72.4
NC_000913.3_2764	iSbBS512_1146.SbBS512_E2522	32.8	131	84	2	21	151	25	151	4.93e-15	72.4
NC_000913.3_2764	iSSON_1240.SSON_4165	30.1	136	92	2	26	159	18	152	4.67e-15	72.4
NC_000913.3_2764	iAF987.Gmet_1043	36.2	127	78	2	35	159	71	196	2.50e-14	70.9
NC_000913.3_2764	iSSON_1240.SSON_0808	32.8	131	84	2	21	151	25	151	2.40e-14	70.5
NC_000913.3_2765	iML1515.b2813	100	365	0	0	1	365	1	365	2.59e-277	749
NC_000913.3_2765	iSSON_1240.SSON_2970	100	365	0	0	1	365	1	365	2.59e-277	749
NC_000913.3_2765	iSF_1195.SF2827	99.7	365	1	0	1	365	1	365	1.06e-276	748
NC_000913.3_2765	iSbBS512_1146.SbBS512_E3057	99.5	365	2	0	1	365	1	365	1.75e-275	744
NC_000913.3_2765	iSDY_1059.SDY_3031	99.5	365	2	0	1	365	1	365	1.75e-275	744
NC_000913.3_2765	iYL1228.KPN_03164	91.5	365	31	0	1	365	1	365	3.43e-257	698
NC_000913.3_2765	STM_v1_0.STM2988	92.1	365	29	0	1	365	1	365	9.84e-257	697
NC_000913.3_2766	iML1515.b2817	100	417	0	0	1	417	1	417	4.29e-291	788
NC_000913.3_2766	iSbBS512_1146.SbBS512_E3045	100	417	0	0	1	417	1	417	4.29e-291	788
NC_000913.3_2766	iSSON_1240.SSON_2974	100	417	0	0	1	417	31	447	1.33e-290	788
NC_000913.3_2766	iSDY_1059.SDY_3034	99.8	417	1	0	1	417	31	447	5.41e-290	787
NC_000913.3_2766	iSF_1195.SF2828	99.8	417	1	0	1	417	31	447	5.41e-290	787
NC_000913.3_2766	STM_v1_0.STM2991	94.5	416	23	0	1	416	1	416	1.56e-277	754
NC_000913.3_2766	iYL1228.KPN_03225	92.1	417	33	0	1	417	1	417	2.76e-271	738
NC_000913.3_2767	iML1515.b2818	100	443	0	0	1	443	1	443	0.0	870
NC_000913.3_2767	iSbBS512_1146.SbBS512_E3044	99.8	443	1	0	1	443	1	443	0.0	869
NC_000913.3_2767	iSF_1195.SF2829	99.5	443	2	0	1	443	1	443	0.0	868
NC_000913.3_2767	iSDY_1059.SDY_3035	99.5	443	2	0	1	443	1	443	0.0	867
NC_000913.3_2767	iSSON_1240.SSON_2975	99.5	443	2	0	1	443	1	443	0.0	865
NC_000913.3_2767	STM_v1_0.STM2992	93.2	443	30	0	1	443	1	443	3.63e-303	821
NC_000913.3_2767	iYL1228.KPN_03226	94.1	443	26	0	1	443	1	443	1.04e-302	820
NC_000913.3_2770	iJN1463.PP_0381	34.5	203	130	3	47	248	8	208	2.01e-25	112
NC_000913.3_2776	iML1515.b2827	100	264	0	0	1	264	1	264	5.18e-208	565
NC_000913.3_2776	iSSON_1240.SSON_2984	100	264	0	0	1	264	1	264	5.18e-208	565
NC_000913.3_2776	iSF_1195.SF2837	99.6	264	1	0	1	264	1	264	7.37e-208	565
NC_000913.3_2776	iSbBS512_1146.SbBS512_E3035	99.6	264	1	0	1	264	1	264	8.60e-207	562
NC_000913.3_2776	iSDY_1059.SDY_3044	99.2	264	2	0	1	264	1	264	1.22e-206	562
NC_000913.3_2776	STM_v1_0.STM3001	96.2	264	10	0	1	264	1	264	3.23e-202	551
NC_000913.3_2776	iYL1228.KPN_03236	94.3	264	15	0	1	264	1	264	7.32e-199	542
NC_000913.3_2776	iPC815.YPO0783	88.6	264	30	0	1	264	1	264	1.64e-186	511
NC_000913.3_2777	STM_v1_0.STM3002	92.8	291	21	0	1	291	1	291	8.54e-207	565
NC_000913.3_2778	iJN1463.PP_0793	37.6	572	332	11	169	734	398	950	2.41e-91	306
NC_000913.3_2778	STM_v1_0.STM2432	36.4	514	312	8	233	738	66	572	1.69e-91	297
NC_000913.3_2778	iYL1228.KPN_02763	36.6	514	311	9	233	738	66	572	1.77e-90	294
NC_000913.3_2778	iSbBS512_1146.SbBS512_E2764	36.0	514	314	8	233	738	66	572	2.48e-90	294
NC_000913.3_2778	iSDY_1059.SDY_2613	36.0	514	314	8	233	738	66	572	2.48e-90	294
NC_000913.3_2778	iSF_1195.SF2471	36.0	514	314	8	233	738	66	572	2.48e-90	294
NC_000913.3_2778	iSSON_1240.SSON_2505	36.0	514	314	8	233	738	66	572	2.48e-90	294
NC_000913.3_2778	iYO844.BSU13910	32.7	572	356	10	171	727	4	561	3.04e-90	293
NC_000913.3_2778	iML1515.b2416	36.0	514	314	8	233	738	66	572	3.46e-90	293
NC_000913.3_2778	iNF517.LLMG_RS00675	33.0	566	353	14	169	719	3	557	2.28e-83	275
NC_000913.3_2779	iIT341.HP1228	34.8	155	80	7	7	151	6	149	1.36e-21	85.5
NC_000913.3_2784	iCN718.ABAYE_RS12975	49.6	349	173	1	1	346	1	349	4.21e-120	350
NC_000913.3_2785	iML1515.b2835	100	397	0	0	1	397	1	397	7.77e-277	751
NC_000913.3_2785	iSbBS512_1146.SbBS512_E3027	99.7	397	1	0	1	397	1	397	1.10e-276	750
NC_000913.3_2785	iSSON_1240.SSON_2995	99.5	397	2	0	1	397	1	397	3.16e-276	749
NC_000913.3_2785	iSDY_1059.SDY_3052	99.2	397	3	0	1	397	1	397	5.24e-275	746
NC_000913.3_2785	iSF_1195.SF2845	98.2	397	6	1	1	397	1	396	5.39e-270	733
NC_000913.3_2786	iML1515.b2836	100	719	0	0	1	719	1	719	0.0	1431
NC_000913.3_2786	iSF_1195.SF2846	99.7	719	2	0	1	719	1	719	0.0	1429
NC_000913.3_2786	iSSON_1240.SSON_2996	99.7	719	2	0	1	719	1	719	0.0	1428
NC_000913.3_2786	iSbBS512_1146.SbBS512_E3026	99.6	719	3	0	1	719	1	719	0.0	1426
NC_000913.3_2786	iSDY_1059.SDY_3053	99.2	719	6	0	1	719	1	719	0.0	1421
NC_000913.3_2786	STM_v1_0.STM3010	91.7	719	60	0	1	719	1	719	0.0	1329
NC_000913.3_2787	iYO844.BSU35960	25.0	252	171	6	61	301	39	283	7.64e-10	58.9
NC_000913.3_2788	iML1515.b2838	100	420	0	0	1	420	1	420	2.49e-312	842
NC_000913.3_2788	iSSON_1240.SSON_2998	99.8	420	1	0	1	420	1	420	3.53e-312	842
NC_000913.3_2788	iSbBS512_1146.SbBS512_E3024	99.8	420	1	0	1	420	1	420	4.13e-311	839
NC_000913.3_2788	iSF_1195.SF2848	99.3	420	3	0	1	420	1	420	1.18e-310	838
NC_000913.3_2788	iSDY_1059.SDY_3055	99.0	420	4	0	1	420	1	420	5.62e-309	834
NC_000913.3_2790	iCN900.CD630_22540	54.9	224	100	1	1	224	1	223	2.95e-86	254
NC_000913.3_2790	iHN637.CLJU_RS14520	49.3	229	116	0	1	229	1	229	1.50e-79	238
NC_000913.3_2790	iCN718.ABAYE_RS07190	50.7	229	112	1	1	229	1	228	3.62e-78	234
NC_000913.3_2791	iML1515.b2841	100	472	0	0	1	472	1	472	0.0	904
NC_000913.3_2791	iSSON_1240.SSON_3001	100	472	0	0	1	472	1	472	0.0	904
NC_000913.3_2791	iSF_1195.SF2851	99.8	472	1	0	1	472	1	472	0.0	902
NC_000913.3_2791	iSbBS512_1146.SbBS512_E3021	99.6	472	2	0	1	472	1	472	0.0	901
NC_000913.3_2791	STM_v1_0.STM3016	97.0	472	14	0	1	472	1	472	0.0	886
NC_000913.3_2791	iYL1228.KPN_03264	95.6	451	20	0	21	471	1	451	7.03e-311	842
NC_000913.3_2792	iML1515.b2842	100	253	0	0	1	253	1	253	4.35e-181	496
NC_000913.3_2793	iML1515.b2843	100	278	0	0	1	278	1	278	9.69e-211	573
NC_000913.3_2794	iSSON_1240.SSON_3004	99.5	393	2	0	1	393	2	394	8.39e-277	750
NC_000913.3_2794	iSF_1195.SF2854	99.2	393	3	0	1	393	1	393	4.67e-276	748
NC_000913.3_2794	iSbBS512_1146.SbBS512_E3016	99.2	393	3	0	1	393	1	393	1.34e-275	747
NC_000913.3_2795	STM_v1_0.STM2970	39.5	415	235	7	5	409	18	426	4.04e-92	283
NC_000913.3_2795	iML1515.b2796	38.8	415	238	8	5	409	18	426	5.05e-90	278
NC_000913.3_2795	iSSON_1240.SSON_2953	38.8	415	238	8	5	409	18	426	5.05e-90	278
NC_000913.3_2795	iYL1228.KPN_03139	39.4	416	234	8	5	409	18	426	7.13e-90	278
NC_000913.3_2795	iSbBS512_1146.SbBS512_E3076	38.6	415	239	8	5	409	18	426	2.01e-89	276
NC_000913.3_2795	iSDY_1059.SDY_3013	38.6	415	239	8	5	409	18	426	2.01e-89	276
NC_000913.3_2795	iPC815.YPO1321	36.6	413	255	4	2	409	17	427	5.58e-87	270
NC_000913.3_2795	iSF_1195.SF2810	38.1	415	241	8	5	409	18	426	9.90e-87	270
NC_000913.3_2807	iEK1008.Rv0386	36.8	57	36	0	85	141	1027	1083	5.91e-05	41.6
NC_000913.3_2814	iAF987.Gmet_3012	37.9	87	52	2	145	230	50	135	4.53e-15	71.2
NC_000913.3_2814	iML1515.b1856	33.9	112	64	3	129	239	306	408	8.66e-13	67.0
NC_000913.3_2814	iYS854.USA300HOU_RS01445	36.3	124	69	5	128	242	191	313	1.95e-12	65.5
NC_000913.3_2815	iSF_1195.SF2868	99.6	765	3	0	1	765	1	765	0.0	1509
NC_000913.3_2815	iML1515.b2866	100	752	0	0	14	765	1	752	0.0	1493
NC_000913.3_2815	iSSON_1240.SSON_3017	99.6	752	3	0	14	765	1	752	0.0	1484
NC_000913.3_2816	iML1515.b2867	100	292	0	0	1	292	1	292	5.40e-215	585
NC_000913.3_2816	iSF_1195.SF2869	99.3	292	2	0	1	292	1	292	2.57e-213	581
NC_000913.3_2816	iSSON_1240.SSON_3018	99.0	292	3	0	1	292	1	292	3.50e-211	576
NC_000913.3_2817	iML1515.b2868	100	159	0	0	1	159	1	159	4.02e-117	327
NC_000913.3_2817	iSSON_1240.SSON_3019	100	159	0	0	1	159	1	159	4.02e-117	327
NC_000913.3_2817	iSF_1195.SF2870	98.7	159	2	0	1	159	1	159	9.48e-116	323
NC_000913.3_2819	iHN637.CLJU_RS20970	27.5	251	159	3	21	271	4	231	1.08e-24	103
NC_000913.3_2819	iYO844.BSU11250	25.7	354	207	9	18	371	9	306	5.96e-22	95.1
NC_000913.3_2819	iLJ478.TM1097	24.1	365	217	6	14	373	1	310	1.90e-21	93.6
NC_000913.3_2820	iML1515.b2871	100	398	0	0	1	398	1	398	1.10e-297	803
NC_000913.3_2820	iSSON_1240.SSON_3022	99.5	398	2	0	1	398	1	398	3.69e-296	800
NC_000913.3_2821	iCN900.CD630_20840	35.4	370	221	9	20	378	9	371	9.68e-56	188
NC_000913.3_2822	iML1515.b2873	100	461	0	0	1	461	1	461	0.0	946
NC_000913.3_2823	iSSON_1240.SSON_3025	99.7	310	1	0	1	310	1	310	3.94e-217	592
NC_000913.3_2824	iYO844.BSU32510	31.9	160	99	3	94	251	173	324	2.54e-13	70.9
NC_000913.3_2826	iML1515.b2877	100	192	0	0	1	192	1	192	2.05e-142	394
NC_000913.3_2826	iSSON_1240.SSON_3028	97.9	192	4	0	1	192	1	192	5.65e-140	387
NC_000913.3_2827	iAF987.Gmet_3023	36.3	432	228	15	456	847	160	584	4.95e-63	226
NC_000913.3_2827	iAF692.Mbar_A0227	35.7	423	247	11	446	847	44	462	2.07e-63	222
NC_000913.3_2827	iLJ478.TM1640	33.7	433	258	14	441	849	30	457	5.91e-59	209
NC_000913.3_2828	iCHOv1.100760443	23.1	273	184	10	55	315	1	259	2.06e-05	46.2
NC_000913.3_2828	iMM1415.14544	22.3	278	190	10	50	315	70	333	1.64e-04	43.5
NC_000913.3_2829	iHN637.CLJU_RS14760	25.0	280	176	11	6	257	4	277	1.95e-11	62.4
NC_000913.3_2830	iCN900.CD630_20990	35.8	797	459	12	169	955	1	754	1.13e-144	448
NC_000913.3_2830	iCN900.CD630_20730	35.1	804	460	14	171	954	1	762	3.82e-142	442
NC_000913.3_2830	iCN900.CD630_20790	34.8	801	464	13	171	956	1	758	1.13e-138	432
NC_000913.3_2831	iML1515.b2882	100	466	0	0	1	466	1	466	0.0	874
NC_000913.3_2832	iML1515.b2883	100	438	0	0	1	438	2	439	0.0	903
NC_000913.3_2833	iML1515.b4464	100	455	0	0	1	455	1	455	6.36e-310	839
NC_000913.3_2834	iML1515.b2481	34.2	202	89	6	1	162	1	198	1.49e-28	104
NC_000913.3_2834	iSSON_1240.SSON_2871	34.4	180	82	4	1	149	1	175	8.77e-27	99.8
NC_000913.3_2834	iML1515.b2724	33.9	180	83	4	1	149	1	175	2.45e-26	98.6
NC_000913.3_2834	iHN637.CLJU_RS03475	33.3	165	93	3	2	150	6	169	3.09e-26	97.8
NC_000913.3_2834	iHN637.CLJU_RS08480	28.7	174	100	3	1	150	3	176	7.64e-26	97.1
NC_000913.3_2834	STM_v1_0.STM2852	33.5	179	83	4	1	148	1	174	9.44e-26	97.1
NC_000913.3_2835	iYL1228.KPN_03625	59.0	449	183	1	187	635	24	471	3.59e-189	541
NC_000913.3_2835	iML1515.b3213	59.7	449	180	1	187	635	24	471	1.44e-188	540
NC_000913.3_2835	STM_v1_0.STM3331	59.0	449	183	1	187	635	24	471	1.44e-188	540
NC_000913.3_2835	iSbBS512_1146.SbBS512_E3557	59.7	449	180	1	187	635	24	471	1.44e-188	540
NC_000913.3_2835	iSF_1195.SF3253	59.7	449	180	1	187	635	24	471	1.44e-188	540
NC_000913.3_2835	iSSON_1240.SSON_3361	59.7	449	180	1	187	635	24	471	1.44e-188	540
NC_000913.3_2835	iSDY_1059.SDY_3394	59.5	449	181	1	187	635	24	471	5.82e-188	538
NC_000913.3_2835	iPC815.YPO3558	57.7	449	189	1	187	635	24	471	3.07e-185	531
NC_000913.3_2835	iJN1463.PP_5075	57.0	460	194	3	176	635	16	471	1.31e-181	522
NC_000913.3_2835	iCN718.ABAYE_RS02030	54.6	456	204	3	176	631	16	468	8.24e-170	492
NC_000913.3_2836	iML1515.b2888	100	482	0	0	1	482	1	482	0.0	909
NC_000913.3_2838	iML1515.b2889	100	182	0	0	1	182	1	182	5.95e-137	379
NC_000913.3_2838	iSDY_1059.SDY_3193	98.4	182	3	0	1	182	1	182	4.70e-134	372
NC_000913.3_2838	iSF_1195.SF2875	97.3	182	5	0	1	182	1	182	6.42e-132	366
NC_000913.3_2838	iSSON_1240.SSON_3042	97.2	180	5	0	1	180	1	180	9.12e-132	366
NC_000913.3_2838	iSbBS512_1146.SbBS512_E3308	95.6	180	8	0	1	180	1	180	3.57e-129	359
NC_000913.3_2839	iSbBS512_1146.SbBS512_E3309	99.8	505	1	0	1	505	1	505	0.0	999
NC_000913.3_2839	iSF_1195.SF2876	99.8	505	1	0	1	505	1	505	0.0	999
NC_000913.3_2839	iSSON_1240.SSON_3043	99.8	505	1	0	1	505	1	505	0.0	999
NC_000913.3_2839	iSDY_1059.SDY_3192	99.6	505	2	0	1	505	1	505	0.0	996
NC_000913.3_2839	iYL1228.KPN_03318	94.9	505	26	0	1	505	1	505	0.0	952
NC_000913.3_2839	STM_v1_0.STM3040	95.0	505	25	0	1	505	1	505	0.0	951
NC_000913.3_2839	iYL1228.KPN_00502	90.9	505	46	0	1	505	1	505	0.0	922
NC_000913.3_2839	iML1515.b4129	88.7	505	57	0	1	505	1	505	0.0	902
NC_000913.3_2842	iML1515.b2893	100	236	0	0	1	236	1	236	1.16e-172	474
NC_000913.3_2842	iSF_1195.SF2879	99.6	236	1	0	1	236	1	236	3.32e-172	473
NC_000913.3_2842	iSDY_1059.SDY_3189	99.2	236	2	0	1	236	1	236	9.52e-172	471
NC_000913.3_2842	iSSON_1240.SSON_3046	99.6	236	1	0	1	236	1	236	3.88e-171	470
NC_000913.3_2842	iSbBS512_1146.SbBS512_E3313	95.7	235	10	0	1	235	1	235	1.02e-166	459
NC_000913.3_2844	iML1515.b2895	100	173	0	0	1	173	1	173	6.52e-132	365
NC_000913.3_2844	iSbBS512_1146.SbBS512_E3315	100	173	0	0	1	173	1	173	6.52e-132	365
NC_000913.3_2844	iSDY_1059.SDY_3187	100	173	0	0	1	173	1	173	6.52e-132	365
NC_000913.3_2844	iSSON_1240.SSON_3048	100	173	0	0	1	173	1	173	6.52e-132	365
NC_000913.3_2844	iSF_1195.SF2881	99.4	173	1	0	1	173	1	173	9.26e-132	365
NC_000913.3_2844	iYL1228.KPN_03323	94.8	173	9	0	1	173	1	173	8.22e-126	350
NC_000913.3_2844	STM_v1_0.STM3045	94.2	173	10	0	1	173	1	173	3.35e-125	348
NC_000913.3_2850	iML1515.b2901	99.8	477	1	0	1	477	3	479	0.0	1014
NC_000913.3_2850	iSSON_1240.SSON_3054	99.2	477	4	0	1	477	3	479	0.0	1007
NC_000913.3_2850	iSF_1195.SF2887	98.7	477	6	0	1	477	1	477	0.0	1002
NC_000913.3_2850	iSbBS512_1146.SbBS512_E3322	98.3	477	8	0	1	477	3	479	0.0	999
NC_000913.3_2850	STM_v1_0.STM3051	95.6	477	21	0	1	477	1	477	0.0	979
NC_000913.3_2850	iYL1228.KPN_03330	94.1	477	28	0	1	477	1	477	0.0	962
NC_000913.3_2851	iIT341.HP0561	38.8	242	142	4	5	246	9	244	2.83e-45	151
NC_000913.3_2851	iYS854.USA300HOU_RS06185	38.7	243	143	4	4	246	5	241	2.61e-45	151
NC_000913.3_2851	iSynCJ816.SGL_RS07245	39.4	246	137	8	3	246	8	243	4.29e-41	140
NC_000913.3_2851	iHN637.CLJU_RS20765	36.9	244	146	6	4	246	9	245	2.45e-40	139
NC_000913.3_2852	iML1515.b2903	100	957	0	0	1	957	1	957	0.0	1889
NC_000913.3_2852	iSSON_1240.SSON_3056	99.7	957	3	0	1	957	1	957	0.0	1883
NC_000913.3_2852	iSDY_1059.SDY_3178	99.6	957	4	0	1	957	1	957	0.0	1883
NC_000913.3_2852	iSF_1195.SF2889	99.6	957	4	0	1	957	1	957	0.0	1880
NC_000913.3_2852	iSbBS512_1146.SbBS512_E3324	99.4	957	6	0	1	957	1	957	0.0	1879
NC_000913.3_2852	STM_v1_0.STM3053	96.1	957	37	0	1	957	1	957	0.0	1820
NC_000913.3_2852	iYL1228.KPN_03339	91.7	957	79	0	1	957	1	957	0.0	1744
NC_000913.3_2853	iML1515.b2904	100	129	0	0	1	129	1	129	3.87e-87	249
NC_000913.3_2853	iSbBS512_1146.SbBS512_E3325	100	129	0	0	1	129	1	129	3.87e-87	249
NC_000913.3_2853	iSF_1195.SF2890	100	129	0	0	1	129	1	129	3.87e-87	249
NC_000913.3_2853	iSSON_1240.SSON_3057	100	129	0	0	1	129	1	129	3.87e-87	249
NC_000913.3_2853	STM_v1_0.STM3054	99.2	129	1	0	1	129	1	129	1.58e-86	247
NC_000913.3_2853	iSDY_1059.SDY_3177	99.2	129	1	0	1	129	1	129	1.58e-86	247
NC_000913.3_2854	iML1515.b2905	100	364	0	0	1	364	1	364	2.47e-270	731
NC_000913.3_2854	iSbBS512_1146.SbBS512_E3326	99.7	364	1	0	1	364	1	364	2.03e-269	729
NC_000913.3_2854	iSF_1195.SF2891	99.5	364	2	0	1	364	1	364	4.10e-269	728
NC_000913.3_2854	iSDY_1059.SDY_3176	99.2	364	3	0	1	364	1	364	3.37e-268	726
NC_000913.3_2854	iSSON_1240.SSON_3058	99.5	364	2	0	1	364	1	364	1.37e-267	724
NC_000913.3_2854	STM_v1_0.STM3055	94.8	364	19	0	1	364	1	364	2.61e-256	696
NC_000913.3_2855	iML1515.b2906	100	400	0	0	1	400	1	400	3.55e-295	797
NC_000913.3_2856	iML1515.b2907	100	392	0	0	1	392	1	392	4.59e-287	776
NC_000913.3_2856	iSbBS512_1146.SbBS512_E3328	98.7	392	5	0	1	392	1	392	7.29e-284	768
NC_000913.3_2856	iSDY_1059.SDY_3174	99.0	392	4	0	1	392	1	392	1.04e-283	768
NC_000913.3_2856	iSF_1195.SF2893	97.7	392	9	0	1	392	1	392	5.74e-281	761
NC_000913.3_2856	iSSON_1240.SSON_3060	97.7	392	9	0	1	392	1	392	2.72e-279	756
NC_000913.3_2857	iYS854.USA300HOU_RS08170	31.0	258	138	5	170	421	120	343	1.90e-28	114
NC_000913.3_2860	iSbBS512_1146.SbBS512_E3332	99.0	200	2	0	1	200	49	248	3.25e-145	403
NC_000913.3_2860	iML1515.b2912	100	182	0	0	19	200	1	182	3.56e-136	378
NC_000913.3_2860	iSSON_1240.SSON_3064	100	182	0	0	19	200	1	182	3.56e-136	378
NC_000913.3_2860	iSF_1195.SF2897	99.5	182	1	0	19	200	1	182	4.15e-135	375
NC_000913.3_2860	iSDY_1059.SDY_3170	98.4	182	3	0	19	200	1	182	1.98e-133	371
NC_000913.3_2861	iML1515.b2913	100	410	0	0	1	410	1	410	4.68e-296	800
NC_000913.3_2861	iSF_1195.SF2898	100	410	0	0	1	410	1	410	4.68e-296	800
NC_000913.3_2861	iSSON_1240.SSON_3065	100	410	0	0	1	410	1	410	4.68e-296	800
NC_000913.3_2861	iSDY_1059.SDY_3169	99.8	410	1	0	1	410	1	410	2.71e-295	798
NC_000913.3_2861	iSbBS512_1146.SbBS512_E3333	99.8	410	1	0	1	410	1	410	3.84e-295	798
NC_000913.3_2861	STM_v1_0.STM3062	96.1	410	16	0	1	410	1	410	1.79e-284	771
NC_000913.3_2861	iYL1228.KPN_03348	92.0	410	33	0	1	410	1	410	3.03e-276	750
NC_000913.3_2862	iML1515.b2914	100	219	0	0	1	219	1	219	1.71e-152	421
NC_000913.3_2862	iSbBS512_1146.SbBS512_E3334	100	219	0	0	1	219	1	219	1.71e-152	421
NC_000913.3_2862	iSDY_1059.SDY_3168	100	219	0	0	1	219	1	219	1.71e-152	421
NC_000913.3_2862	iSF_1195.SF2899	100	219	0	0	1	219	1	219	1.71e-152	421
NC_000913.3_2862	iSSON_1240.SSON_3066	100	219	0	0	1	219	1	219	1.71e-152	421
NC_000913.3_2862	STM_v1_0.STM3063	98.2	219	4	0	1	219	1	219	1.34e-149	414
NC_000913.3_2862	iYL1228.KPN_03349	95.9	219	9	0	1	219	1	219	5.03e-145	402
NC_000913.3_2865	iML1515.b2917	100	714	0	0	1	714	1	714	0.0	1385
NC_000913.3_2865	iSF_1195.SF2902	99.4	714	4	0	1	714	1	714	0.0	1375
NC_000913.3_2865	iSSON_1240.SSON_3068	99.4	714	4	0	1	714	1	714	0.0	1373
NC_000913.3_2866	iML1515.b2918	100	331	0	0	1	331	1	331	3.74e-237	645
NC_000913.3_2867	iML1515.b2919	100	261	0	0	1	261	1	261	1.58e-187	513
NC_000913.3_2867	iSbBS512_1146.SbBS512_E3341	99.6	261	1	0	1	261	1	261	6.43e-187	512
NC_000913.3_2867	iSF_1195.SF2904	99.6	261	1	0	1	261	15	275	1.08e-186	512
NC_000913.3_2867	iSSON_1240.SSON_3070	99.2	261	2	0	1	261	15	275	8.83e-186	509
NC_000913.3_2868	iML1515.b2920	100	492	0	0	1	492	1	492	0.0	974
NC_000913.3_2868	iSSON_1240.SSON_3071	99.6	492	2	0	1	492	1	492	0.0	970
NC_000913.3_2871	iML1515.b2923	100	211	0	0	1	211	1	211	7.90e-154	424
NC_000913.3_2871	iSDY_1059.SDY_3159	98.6	211	3	0	1	211	1	211	1.31e-152	421
NC_000913.3_2871	iSSON_1240.SSON_3075	98.1	211	4	0	1	211	1	211	2.65e-152	420
NC_000913.3_2871	iSbBS512_1146.SbBS512_E3348	98.1	211	4	0	1	211	1	211	5.34e-152	419
NC_000913.3_2871	iSF_1195.SF2908	98.1	211	4	0	1	211	1	211	5.34e-152	419
NC_000913.3_2871	STM_v1_0.STM3066	91.0	211	19	0	1	211	1	211	1.02e-140	391
NC_000913.3_2871	iYL1228.KPN_03352	88.6	211	24	0	1	211	1	211	5.67e-138	384
NC_000913.3_2872	iML1515.b2924	100	286	0	0	1	286	1	286	8.68e-177	488
NC_000913.3_2873	iML1515.b2925	100	359	0	0	1	359	1	359	1.26e-265	719
NC_000913.3_2873	iSDY_1059.SDY_3157	100	359	0	0	1	359	1	359	1.26e-265	719
NC_000913.3_2873	iSF_1195.SF2910	100	359	0	0	1	359	1	359	1.26e-265	719
NC_000913.3_2873	iSSON_1240.SSON_3077	100	359	0	0	1	359	1	359	1.26e-265	719
NC_000913.3_2873	iSbBS512_1146.SbBS512_E3350	99.7	359	1	0	1	359	1	359	7.30e-265	717
NC_000913.3_2873	STM_v1_0.STM3068	98.3	359	6	0	1	359	1	359	1.16e-261	709
NC_000913.3_2873	iYL1228.KPN_03354	95.0	359	18	0	1	359	1	359	2.06e-255	693
NC_000913.3_2873	iPC815.YPO0920	91.4	359	31	0	1	359	1	359	2.88e-246	670
NC_000913.3_2874	iML1515.b2926	100	387	0	0	1	387	1	387	5.42e-272	738
NC_000913.3_2874	iSF_1195.SF2911	100	387	0	0	1	387	1	387	5.42e-272	738
NC_000913.3_2874	iSbBS512_1146.SbBS512_E3351	99.7	387	1	0	1	387	1	387	1.55e-271	736
NC_000913.3_2874	iSDY_1059.SDY_3156	99.7	387	1	0	1	387	1	387	2.21e-271	736
NC_000913.3_2874	iSSON_1240.SSON_3078	99.7	387	1	0	1	387	1	387	8.98e-271	734
NC_000913.3_2874	STM_v1_0.STM3069	97.9	387	8	0	1	387	1	387	4.08e-267	725
NC_000913.3_2874	iYL1228.KPN_03355	95.8	382	16	0	6	387	1	382	4.70e-258	702
NC_000913.3_2874	iPC815.YPO0921	88.6	387	44	0	1	387	1	387	2.39e-243	665
NC_000913.3_2875	iML1515.b2927	100	339	0	0	1	339	1	339	2.21e-249	676
NC_000913.3_2875	iSbBS512_1146.SbBS512_E3352	100	339	0	0	1	339	1	339	2.21e-249	676
NC_000913.3_2875	iSF_1195.SF2912	100	339	0	0	1	339	1	339	2.21e-249	676
NC_000913.3_2875	iSSON_1240.SSON_3079	100	339	0	0	1	339	1	339	2.21e-249	676
NC_000913.3_2875	iSDY_1059.SDY_3155	99.7	339	1	0	1	339	1	339	3.14e-249	676
NC_000913.3_2875	STM_v1_0.STM3070	94.1	339	20	0	1	339	1	339	8.01e-236	642
NC_000913.3_2875	iYL1228.KPN_03356	92.3	339	26	0	1	339	1	339	1.24e-233	637
NC_000913.3_2876	iPC815.YPO3758	24.9	233	148	5	19	224	49	281	2.88e-12	64.7
NC_000913.3_2876	iML1515.b3974	26.2	195	119	4	19	188	49	243	9.82e-12	63.2
NC_000913.3_2876	iYL1228.KPN_04352	25.6	195	120	4	19	188	51	245	9.92e-12	63.2
NC_000913.3_2876	iSbBS512_1146.SbBS512_E4462	26.2	195	119	4	19	188	49	243	9.82e-12	63.2
NC_000913.3_2876	iSDY_1059.SDY_3754	26.2	195	119	4	19	188	49	243	9.82e-12	63.2
NC_000913.3_2876	iSF_1195.SF4052	26.2	195	119	4	19	188	41	235	9.41e-12	63.2
NC_000913.3_2876	iSSON_1240.SSON_4147	26.2	195	119	4	19	188	49	243	9.82e-12	63.2
NC_000913.3_2876	STM_v1_0.STM4139	25.6	195	120	4	19	188	49	243	1.33e-11	62.8
NC_000913.3_2876	iYO844.BSU23760	28.6	185	105	8	19	176	49	233	3.81e-10	58.5
NC_000913.3_2876	iNF517.LLMG_RS05370	24.3	189	124	4	19	188	44	232	3.61e-10	58.5
NC_000913.3_2878	iML1515.b2930	100	321	0	0	1	321	1	321	1.35e-234	637
NC_000913.3_2879	iSDY_1059.SDY_4317	45.2	414	212	4	1	413	1	400	8.65e-127	372
NC_000913.3_2879	iSF_1195.SF4088	44.6	415	215	4	1	414	1	401	7.96e-125	367
NC_000913.3_2880	iML1515.b2933	100	462	0	0	1	462	1	462	0.0	895
NC_000913.3_2881	iML1515.b2934	100	147	0	0	1	147	1	147	3.53e-103	291
NC_000913.3_2882	iML1515.b2935	100	663	0	0	1	663	1	663	0.0	1318
NC_000913.3_2882	iSbBS512_1146.SbBS512_E3367	99.5	663	3	0	1	663	1	663	0.0	1315
NC_000913.3_2882	iSDY_1059.SDY_3141	99.4	663	4	0	1	663	1	663	0.0	1311
NC_000913.3_2882	STM_v1_0.STM3076	95.9	663	27	0	1	663	1	663	0.0	1276
NC_000913.3_2882	iYL1228.KPN_03357	95.3	664	30	1	1	663	1	664	0.0	1268
NC_000913.3_2882	iYL1228.KPN_01127	94.5	659	35	1	6	663	10	668	0.0	1253
NC_000913.3_2883	iAF987.Gmet_1238	27.4	157	107	3	91	243	85	238	3.96e-09	55.5
NC_000913.3_2884	iML1515.b2937	100	306	0	0	1	306	1	306	2.24e-230	625
NC_000913.3_2884	iSF_1195.SF2927	100	306	0	0	1	306	1	306	2.24e-230	625
NC_000913.3_2884	iSSON_1240.SSON_3091	99.7	306	1	0	1	306	1	306	6.42e-230	624
NC_000913.3_2884	iSDY_1059.SDY_3139	99.7	306	1	0	1	306	1	306	1.84e-229	623
NC_000913.3_2884	iSbBS512_1146.SbBS512_E3370	99.7	306	1	0	1	306	1	306	2.61e-229	623
NC_000913.3_2884	STM_v1_0.STM3078	98.0	306	6	0	1	306	1	306	2.51e-227	618
NC_000913.3_2884	iYL1228.KPN_03373	98.7	306	4	0	1	306	1	306	2.06e-226	615
NC_000913.3_2885	iML1515.b2938	100	658	0	0	1	658	1	658	0.0	1315
NC_000913.3_2885	iSbBS512_1146.SbBS512_E3371	99.8	658	1	0	1	658	1	658	0.0	1313
NC_000913.3_2885	iSDY_1059.SDY_3134	99.8	658	1	0	1	658	1	658	0.0	1313
NC_000913.3_2885	iSSON_1240.SSON_3092	99.8	658	1	0	1	658	1	658	0.0	1313
NC_000913.3_2885	iSF_1195.SF2931	99.5	658	3	0	1	658	5	662	0.0	1310
NC_000913.3_2885	STM_v1_0.STM3086	97.6	658	16	0	1	658	1	658	0.0	1285
NC_000913.3_2885	iYL1228.KPN_03374	95.1	658	32	0	1	658	1	658	0.0	1253
NC_000913.3_2887	iML1515.b2942	100	384	0	0	1	384	1	384	6.36e-274	742
NC_000913.3_2887	iSDY_1059.SDY_3130	100	384	0	0	1	384	1	384	6.36e-274	742
NC_000913.3_2887	iSF_1195.SF2933	100	384	0	0	1	384	1	384	6.36e-274	742
NC_000913.3_2887	iSSON_1240.SSON_3096	100	384	0	0	1	384	1	384	6.36e-274	742
NC_000913.3_2887	iSbBS512_1146.SbBS512_E3374	99.7	384	1	0	1	384	1	384	5.22e-273	740
NC_000913.3_2887	iYL1228.KPN_03375	97.7	384	9	0	1	384	1	384	4.79e-269	730
NC_000913.3_2887	STM_v1_0.STM3090	97.1	384	11	0	1	384	1	384	5.59e-268	727
NC_000913.3_2887	iPC815.YPO0931	93.5	384	25	0	1	384	1	384	6.67e-260	707
NC_000913.3_2888	iML1515.b2943	100	464	0	0	1	464	1	464	0.0	897
NC_000913.3_2888	iSbBS512_1146.SbBS512_E3375	100	464	0	0	1	464	1	464	0.0	897
NC_000913.3_2888	iSDY_1059.SDY_3129	100	464	0	0	1	464	1	464	0.0	897
NC_000913.3_2888	iSSON_1240.SSON_3097	100	464	0	0	1	464	1	464	0.0	897
NC_000913.3_2888	STM_v1_0.STM3091	97.4	464	12	0	1	464	1	464	0.0	881
NC_000913.3_2888	iSF_1195.SF2934	99.8	451	1	0	14	464	1	451	0.0	868
NC_000913.3_2888	iYL1228.KPN_03376	93.1	464	32	0	1	464	1	464	5.70e-313	848
NC_000913.3_2892	iML1515.b2947	100	316	0	0	1	316	1	316	7.86e-236	640
NC_000913.3_2892	iSbBS512_1146.SbBS512_E3379	99.7	316	1	0	1	316	1	316	1.59e-235	639
NC_000913.3_2892	iSSON_1240.SSON_3101	99.7	316	1	0	1	316	1	316	9.17e-235	637
NC_000913.3_2892	iSF_1195.SF2938	99.7	316	1	0	1	316	1	316	1.30e-234	637
NC_000913.3_2892	iSDY_1059.SDY_3125	98.7	316	4	0	1	316	1	316	1.78e-232	632
NC_000913.3_2892	iYL1228.KPN_03380	90.5	316	29	1	1	315	1	316	9.95e-214	584
NC_000913.3_2892	STM_v1_0.STM3095	90.1	313	31	0	1	313	1	313	9.59e-214	584
NC_000913.3_2896	iCN900.CD630_26230	35.6	239	144	5	1	234	4	237	1.92e-39	135
NC_000913.3_2896	iMM1415.114863	37.4	243	132	9	8	234	17	255	1.26e-35	127
NC_000913.3_2899	iML1515.b2954	100	197	0	0	1	197	1	197	4.79e-139	385
NC_000913.3_2899	iSbBS512_1146.SbBS512_E3386	98.0	197	4	0	1	197	1	197	9.28e-137	380
NC_000913.3_2899	iSF_1195.SF2945	98.0	197	4	0	1	197	1	197	9.28e-137	380
NC_000913.3_2899	iSSON_1240.SSON_3108	97.5	197	5	0	1	197	1	197	7.63e-136	377
NC_000913.3_2899	iSDY_1059.SDY_3118	97.0	197	6	0	1	197	1	197	8.91e-135	375
NC_000913.3_2899	STM_v1_0.STM3103	91.9	197	16	0	1	197	1	197	9.57e-130	362
NC_000913.3_2899	iYL1228.KPN_03388	89.8	197	20	0	1	197	1	197	3.07e-126	353
NC_000913.3_2900	iYL1228.KPN_03389	89.2	378	41	0	1	378	1	378	7.74e-256	696
NC_000913.3_2900	iPC815.YPO0946	81.6	376	69	0	1	376	1	376	9.27e-236	645
NC_000913.3_2902	iML1515.b2957	100	348	0	0	1	348	1	348	1.74e-246	670
NC_000913.3_2902	iSbBS512_1146.SbBS512_E3389	99.4	348	2	0	1	348	1	348	4.09e-245	666
NC_000913.3_2902	iSSON_1240.SSON_3239	99.4	348	2	0	1	348	1	348	4.09e-245	666
NC_000913.3_2902	iSF_1195.SF2954	99.1	348	3	0	1	348	1	348	2.37e-244	664
NC_000913.3_2902	iSDY_1059.SDY_3115	98.9	348	4	0	1	348	1	348	6.78e-244	663
NC_000913.3_2902	STM_v1_0.STM3106	92.8	348	25	0	1	348	1	348	5.83e-229	625
NC_000913.3_2908	iML1515.b2963	100	359	0	0	1	359	1	359	9.95e-263	712
NC_000913.3_2908	iSbBS512_1146.SbBS512_E3396	99.7	359	1	0	1	359	1	359	4.05e-262	710
NC_000913.3_2908	iSDY_1059.SDY_3109	99.7	359	1	0	1	359	2	360	4.20e-262	710
NC_000913.3_2908	iSF_1195.SF2960	99.7	359	1	0	1	359	2	360	1.21e-261	709
NC_000913.3_2908	iSSON_1240.SSON_3233	99.4	359	2	0	1	359	2	360	4.91e-261	707
NC_000913.3_2908	STM_v1_0.STM3112	91.1	360	31	1	1	359	2	361	1.16e-241	659
NC_000913.3_2909	iML1515.b2964	100	418	0	0	1	418	1	418	1.65e-300	812
NC_000913.3_2909	iSbBS512_1146.SbBS512_E3397	100	418	0	0	1	418	1	418	1.65e-300	812
NC_000913.3_2909	iSF_1195.SF2961	100	418	0	0	1	418	17	434	3.02e-300	812
NC_000913.3_2909	iSSON_1240.SSON_3232	100	418	0	0	1	418	17	434	3.02e-300	812
NC_000913.3_2909	iSDY_1059.SDY_3108	100	417	0	0	1	417	17	433	5.01e-299	809
NC_000913.3_2909	STM_v1_0.STM3113	90.7	418	39	0	1	418	1	418	2.40e-277	754
NC_000913.3_2910	iML1515.b2965	100	711	0	0	1	711	1	711	0.0	1447
NC_000913.3_2910	iSF_1195.SF2962	98.2	711	13	0	1	711	21	731	0.0	1425
NC_000913.3_2910	iSDY_1059.SDY_3107	97.9	711	15	0	1	711	1	711	0.0	1423
NC_000913.3_2918	iML1515.b2975	100	560	0	0	1	560	1	560	0.0	1060
NC_000913.3_2919	iML1515.b2976	100	723	0	0	1	723	1	723	0.0	1450
NC_000913.3_2919	iSF_1195.SF3015	98.8	723	9	0	1	723	1	723	0.0	1429
NC_000913.3_2921	iML1515.b4467	100	407	0	0	1	407	1	407	1.20e-301	814
NC_000913.3_2922	iML1515.b4468	100	350	0	0	1	350	1	350	2.54e-265	717
NC_000913.3_2923	iML1515.b2979	100	499	0	0	1	499	1	499	0.0	1001
NC_000913.3_2931	iML1515.b2987	100	499	0	0	1	499	1	499	0.0	949
NC_000913.3_2931	iSSON_1240.SSON_3132	99.8	499	1	0	1	499	1	499	0.0	947
NC_000913.3_2931	iSDY_1059.SDY_3086	99.4	499	3	0	1	499	1	499	0.0	944
NC_000913.3_2931	iSF_1195.SF3034	99.4	499	3	0	1	499	1	499	0.0	944
NC_000913.3_2932	iML1515.b2988	100	619	0	0	1	619	1	619	0.0	1287
NC_000913.3_2932	iSbBS512_1146.SbBS512_E3415	100	619	0	0	1	619	1	619	0.0	1287
NC_000913.3_2932	iSDY_1059.SDY_3085	100	619	0	0	1	619	1	619	0.0	1287
NC_000913.3_2932	iSF_1195.SF3035	100	619	0	0	1	619	1	619	0.0	1287
NC_000913.3_2932	iSSON_1240.SSON_3133	100	619	0	0	1	619	1	619	0.0	1287
NC_000913.3_2932	STM_v1_0.STM3139	90.1	618	60	1	1	618	1	617	0.0	1166
NC_000913.3_2933	iML1515.b2989	100	288	0	0	1	288	1	288	3.15e-221	601
NC_000913.3_2934	iAF987.Gmet_0118	39.5	76	38	3	1	75	1	69	2.02e-11	53.9
NC_000913.3_2935	iAF987.Gmet_3156	38.9	113	66	1	1	113	1	110	2.71e-18	73.6
NC_000913.3_2937	iAF987.Gmet_3329	42.9	154	87	1	1	154	1	153	4.19e-36	122
NC_000913.3_2938	iML1515.b2994	100	567	0	0	1	567	1	567	0.0	1160
NC_000913.3_2938	iSbBS512_1146.SbBS512_E3421	100	567	0	0	1	567	1	567	0.0	1160
NC_000913.3_2938	iSF_1195.SF3041	100	567	0	0	1	567	1	567	0.0	1160
NC_000913.3_2938	iSSON_1240.SSON_3139	100	567	0	0	1	567	1	567	0.0	1160
NC_000913.3_2938	iSDY_1059.SDY_3079	99.5	567	3	0	1	567	1	567	0.0	1155
NC_000913.3_2938	STM_v1_0.STM3147	94.0	567	34	0	1	567	1	567	0.0	1103
NC_000913.3_2939	iML1515.b2995	100	392	0	0	1	392	1	392	9.26e-287	775
NC_000913.3_2939	iSDY_1059.SDY_3078	100	392	0	0	1	392	1	392	9.26e-287	775
NC_000913.3_2939	iSbBS512_1146.SbBS512_E3422	99.7	392	1	0	1	392	1	392	3.77e-286	774
NC_000913.3_2939	iSSON_1240.SSON_3140	99.7	392	1	0	1	392	1	392	3.77e-286	774
NC_000913.3_2939	iSF_1195.SF3042	99.7	392	1	0	1	392	1	392	1.08e-285	773
NC_000913.3_2940	iML1515.b2996	100	328	0	0	1	328	1	328	4.67e-259	700
NC_000913.3_2940	iSF_1195.SF3043	100	328	0	0	1	328	1	328	4.67e-259	700
NC_000913.3_2940	iSSON_1240.SSON_3141	100	328	0	0	1	328	1	328	4.67e-259	700
NC_000913.3_2940	iSbBS512_1146.SbBS512_E3423	99.7	328	1	0	1	328	1	328	2.70e-258	698
NC_000913.3_2940	iSDY_1059.SDY_3077	99.7	328	1	0	1	328	1	328	5.46e-258	697
NC_000913.3_2941	iML1515.b2997	100	372	0	0	1	372	1	372	3.44e-281	759
NC_000913.3_2941	iSbBS512_1146.SbBS512_E3424	100	372	0	0	1	372	1	372	3.44e-281	759
NC_000913.3_2941	iSSON_1240.SSON_3142	100	372	0	0	1	372	1	372	3.44e-281	759
NC_000913.3_2941	iSDY_1059.SDY_3076	99.7	372	1	0	1	372	1	372	2.82e-280	757
NC_000913.3_2941	iSF_1195.SF3044	99.5	372	2	0	1	372	1	372	4.01e-280	757
NC_000913.3_2941	STM_v1_0.STM3150	96.8	372	12	0	1	372	1	372	5.86e-273	739
NC_000913.3_2946	iML1515.b3001	100	346	0	0	1	346	1	346	1.35e-258	700
NC_000913.3_2946	iSF_1195.SF3047	99.4	346	2	0	1	346	1	346	3.18e-257	697
NC_000913.3_2946	iSSON_1240.SSON_3145	99.1	346	3	0	1	346	1	346	1.29e-256	695
NC_000913.3_2946	iSbBS512_1146.SbBS512_E3430	98.6	346	5	0	1	346	1	346	3.05e-255	692
NC_000913.3_2948	iML1515.b3003	100	294	0	0	1	294	1	294	8.60e-213	580
NC_000913.3_2949	iML1515.b3005	100	141	0	0	1	141	1	141	9.50e-96	271
NC_000913.3_2949	iSbBS512_1146.SbBS512_E3433	100	141	0	0	1	141	1	141	9.50e-96	271
NC_000913.3_2949	iSF_1195.SF3050	100	141	0	0	1	141	1	141	9.50e-96	271
NC_000913.3_2949	iSSON_1240.SSON_3148	100	141	0	0	1	141	1	141	9.50e-96	271
NC_000913.3_2949	iSDY_1059.SDY_3068	98.6	141	2	0	1	141	1	141	1.84e-93	266
NC_000913.3_2949	STM_v1_0.STM3158	93.6	141	9	0	1	141	1	141	4.87e-89	254
NC_000913.3_2950	iML1515.b3006	100	244	0	0	1	244	1	244	3.01e-163	451
NC_000913.3_2950	iSDY_1059.SDY_3067	100	244	0	0	1	244	1	244	3.01e-163	451
NC_000913.3_2950	iSSON_1240.SSON_3149	100	244	0	0	1	244	1	244	3.01e-163	451
NC_000913.3_2950	iSbBS512_1146.SbBS512_E3434	99.6	244	1	0	1	244	1	244	1.22e-162	449
NC_000913.3_2950	iSF_1195.SF3051	99.6	244	1	0	1	244	1	244	2.47e-162	448
NC_000913.3_2951	iML1515.b3008	100	395	0	0	1	395	1	395	2.57e-290	785
NC_000913.3_2951	iSSON_1240.SSON_3151	99.2	395	3	0	1	395	1	395	1.22e-288	780
NC_000913.3_2951	iSF_1195.SF3053	98.7	395	5	0	1	395	1	395	1.00e-287	778
NC_000913.3_2951	iSbBS512_1146.SbBS512_E3435	98.5	395	6	0	1	395	1	395	5.80e-287	776
NC_000913.3_2951	iSDY_1059.SDY_3065	98.2	395	7	0	1	395	1	395	2.36e-286	775
NC_000913.3_2951	iYL1228.KPN_03428	87.8	395	48	0	1	395	1	395	5.46e-260	708
NC_000913.3_2954	iML1515.b3011	100	387	0	0	1	387	1	387	4.41e-287	776
NC_000913.3_2955	iML1515.b3012	100	275	0	0	1	275	1	275	1.22e-207	565
NC_000913.3_2955	iSbBS512_1146.SbBS512_E3440	99.6	275	1	0	1	275	1	275	1.00e-206	563
NC_000913.3_2955	STM_v1_0.STM3165	92.7	275	20	0	1	275	1	275	1.84e-193	530
NC_000913.3_2957	iPC815.YPO2394	40.0	70	42	0	2	71	3	72	6.13e-09	47.8
NC_000913.3_2957	iYL1228.KPN_02134	40.0	70	42	0	2	71	3	72	1.23e-08	47.0
NC_000913.3_2957	STM_v1_0.STM1377	40.0	70	42	0	2	71	3	72	1.23e-08	47.0
NC_000913.3_2957	iML1515.b1677	40.3	67	40	0	3	69	4	70	9.82e-08	44.7
NC_000913.3_2957	iSbBS512_1146.SbBS512_E1878	40.3	67	40	0	3	69	4	70	9.82e-08	44.7
NC_000913.3_2957	iSDY_1059.SDY_1908	40.3	67	40	0	3	69	4	70	9.82e-08	44.7
NC_000913.3_2957	iSF_1195.SF1706	40.3	67	40	0	3	69	4	70	9.82e-08	44.7
NC_000913.3_2957	iSSON_1240.SSON_1479	40.3	67	40	0	3	69	4	70	9.82e-08	44.7
NC_000913.3_2959	iSbBS512_1146.SbBS512_E0116	31.5	517	290	10	1	459	12	522	6.64e-72	236
NC_000913.3_2959	iML1515.b0123	31.7	515	288	10	3	459	1	509	6.84e-72	236
NC_000913.3_2959	iYL1228.KPN_00131	32.3	526	286	11	3	459	1	525	1.96e-71	235
NC_000913.3_2959	iSDY_1059.SDY_0030	31.7	515	288	10	3	459	1	509	7.28e-71	233
NC_000913.3_2959	iSSON_1240.SSON_0131	31.5	515	289	10	3	459	1	509	7.28e-71	233
NC_000913.3_2959	iSF_1195.SF0119	31.3	515	290	10	3	459	1	509	3.94e-70	231
NC_000913.3_2959	STM_v1_0.STM0168	31.1	528	290	8	5	459	3	529	2.54e-68	227
NC_000913.3_2960	iML1515.b3018	100	245	0	0	1	245	1	245	5.52e-180	493
NC_000913.3_2960	iSbBS512_1146.SbBS512_E3455	99.6	245	1	0	1	245	1	245	3.19e-179	491
NC_000913.3_2960	iSF_1195.SF3062	99.6	245	1	0	1	245	1	245	3.19e-179	491
NC_000913.3_2960	iSSON_1240.SSON_3160	99.6	245	1	0	1	245	1	245	3.19e-179	491
NC_000913.3_2960	iSDY_1059.SDY_3219	99.2	245	2	0	1	245	1	245	2.63e-178	489
NC_000913.3_2960	STM_v1_0.STM3173	93.9	245	15	0	1	245	1	245	1.34e-171	472
NC_000913.3_2962	iSbBS512_1146.SbBS512_E1412	44.5	530	290	3	9	535	15	543	1.47e-150	442
NC_000913.3_2962	iML1515.b1243	44.3	530	291	3	9	535	15	543	4.73e-149	438
NC_000913.3_2962	iSF_1195.SF1244	44.3	530	291	3	9	535	15	543	4.73e-149	438
NC_000913.3_2962	iSSON_1240.SSON_1937	44.2	530	292	3	9	535	15	543	1.34e-148	437
NC_000913.3_2962	iSDY_1059.SDY_1301	44.2	530	292	3	9	535	15	543	2.68e-148	436
NC_000913.3_2962	iYL1228.KPN_02197	43.7	531	294	4	9	535	15	544	5.17e-143	422
NC_000913.3_2962	STM_v1_0.STM1679	43.1	529	295	5	9	535	13	537	8.79e-134	399
NC_000913.3_2967	iAF987.Gmet_1919	28.0	150	106	1	3	150	5	154	9.70e-13	65.9
NC_000913.3_2967	iAF987.Gmet_1914	33.3	102	68	0	2	103	3	104	7.43e-12	63.5
NC_000913.3_2967	iAF987.Gmet_2999	29.5	132	91	1	3	132	10	141	3.90e-11	61.2
NC_000913.3_2967	iAF987.Gmet_0069	31.6	136	87	3	3	134	5	138	6.13e-11	60.5
NC_000913.3_2968	iAF987.Gmet_0043	31.3	134	76	6	310	430	116	246	3.10e-07	52.4
NC_000913.3_2969	iML1515.b3028	100	193	0	0	1	193	1	193	2.92e-147	406
NC_000913.3_2969	iSbBS512_1146.SbBS512_E3461	100	193	0	0	1	193	1	193	2.92e-147	406
NC_000913.3_2969	iSDY_1059.SDY_3212	99.5	193	1	0	1	193	1	193	8.36e-147	405
NC_000913.3_2969	iSSON_1240.SSON_3166	99.5	193	1	0	1	193	1	193	1.69e-146	404
NC_000913.3_2969	iSF_1195.SF3068	98.4	193	3	0	1	193	1	193	1.62e-144	399
NC_000913.3_2969	STM_v1_0.STM3179	92.2	193	15	0	1	193	1	193	2.79e-136	378
NC_000913.3_2969	iYL1228.KPN_03442	90.7	193	18	0	1	193	1	193	2.20e-133	371
NC_000913.3_2970	iML1515.b3029	100	104	0	0	1	104	1	104	9.36e-74	213
NC_000913.3_2970	iSbBS512_1146.SbBS512_E3462	100	104	0	0	1	104	1	104	9.36e-74	213
NC_000913.3_2970	iSF_1195.SF3069	100	104	0	0	1	104	1	104	9.36e-74	213
NC_000913.3_2970	iSSON_1240.SSON_3167	100	104	0	0	1	104	1	104	9.36e-74	213
NC_000913.3_2970	iSDY_1059.SDY_3211	99.0	104	1	0	1	104	1	104	5.42e-73	211
NC_000913.3_2970	STM_v1_0.STM3180	90.4	104	10	0	1	104	1	104	2.40e-67	197
NC_000913.3_2970	iYL1228.KPN_03443	87.5	104	13	0	1	104	1	104	1.62e-65	192
NC_000913.3_2973	iML1515.b3032	100	275	0	0	1	275	1	275	1.09e-210	573
NC_000913.3_2975	iML1515.b3034	100	209	0	0	1	209	1	209	2.09e-148	410
NC_000913.3_2975	iSDY_1059.SDY_3206	100	209	0	0	1	209	1	209	2.09e-148	410
NC_000913.3_2975	iSF_1195.SF3074	100	209	0	0	1	209	1	209	2.09e-148	410
NC_000913.3_2975	iSSON_1240.SSON_3172	100	209	0	0	1	209	1	209	2.09e-148	410
NC_000913.3_2975	iSbBS512_1146.SbBS512_E3467	99.5	209	1	0	1	209	1	209	6.00e-148	409
NC_000913.3_2976	iML1515.b3035	100	493	0	0	1	493	1	493	0.0	918
NC_000913.3_2976	iSSON_1240.SSON_3173	100	493	0	0	1	493	3	495	0.0	918
NC_000913.3_2976	iSF_1195.SF3075	99.8	493	1	0	1	493	1	493	0.0	916
NC_000913.3_2976	iSbBS512_1146.SbBS512_E3468	99.6	493	2	0	1	493	3	495	0.0	915
NC_000913.3_2976	iSDY_1059.SDY_3205	99.6	493	2	0	1	493	3	495	0.0	914
NC_000913.3_2978	iML1515.b2988	27.1	376	239	9	37	386	252	618	3.21e-33	130
NC_000913.3_2978	iSbBS512_1146.SbBS512_E3415	27.1	376	239	9	37	386	252	618	3.21e-33	130
NC_000913.3_2978	iSDY_1059.SDY_3085	27.1	376	239	9	37	386	252	618	3.21e-33	130
NC_000913.3_2978	iSF_1195.SF3035	27.1	376	239	9	37	386	252	618	3.21e-33	130
NC_000913.3_2978	iSSON_1240.SSON_3133	27.1	376	239	9	37	386	252	618	3.21e-33	130
NC_000913.3_2978	STM_v1_0.STM3139	26.6	395	243	10	22	386	240	617	5.10e-32	127
NC_000913.3_2978	iYL1228.KPN_03416	26.1	391	250	9	22	386	241	618	4.41e-31	124
NC_000913.3_2980	iML1515.b3040	100	257	0	0	1	257	1	257	1.41e-163	452
NC_000913.3_2980	iSSON_1240.SSON_3177	100	257	0	0	1	257	1	257	1.41e-163	452
NC_000913.3_2980	iSF_1195.SF3080	99.6	257	1	0	1	257	1	257	4.69e-162	449
NC_000913.3_2980	iSDY_1059.SDY_3200	98.8	257	3	0	1	257	1	257	7.77e-161	446
NC_000913.3_2980	iSbBS512_1146.SbBS512_E3472	98.4	257	0	1	1	257	1	253	2.25e-159	442
NC_000913.3_2980	STM_v1_0.STM3190	92.6	257	19	0	1	257	1	257	9.23e-153	425
NC_000913.3_2982	iML1515.b3041	100	217	0	0	1	217	1	217	8.82e-154	424
NC_000913.3_2982	iSbBS512_1146.SbBS512_E3476	100	217	0	0	1	217	1	217	8.82e-154	424
NC_000913.3_2982	iSDY_1059.SDY_3226	100	217	0	0	1	217	1	217	8.82e-154	424
NC_000913.3_2982	iSF_1195.SF3081	100	217	0	0	1	217	1	217	8.82e-154	424
NC_000913.3_2982	iSSON_1240.SSON_3178	100	217	0	0	1	217	1	217	8.82e-154	424
NC_000913.3_2982	STM_v1_0.STM3195	96.3	217	8	0	1	217	1	217	1.11e-147	409
NC_000913.3_2982	iYL1228.KPN_03454	93.1	217	15	0	1	217	1	217	2.91e-143	398
NC_000913.3_2993	iML1515.b3052	100	477	0	0	1	477	1	477	0.0	919
NC_000913.3_2993	iSbBS512_1146.SbBS512_E3483	99.8	477	1	0	1	477	1	477	0.0	916
NC_000913.3_2993	iSDY_1059.SDY_3235	99.6	477	2	0	1	477	1	477	0.0	916
NC_000913.3_2993	iSF_1195.SF3093	99.6	477	2	0	1	477	1	477	0.0	916
NC_000913.3_2993	iSSON_1240.SSON_3189	99.6	477	2	0	1	477	1	477	0.0	915
NC_000913.3_2993	STM_v1_0.STM3200	93.5	476	31	0	1	476	1	476	0.0	870
NC_000913.3_2995	iYS854.USA300HOU_RS04975	36.5	74	36	3	37	101	35	106	2.76e-04	41.6
NC_000913.3_2998	iML1515.b3057	100	273	0	0	1	273	1	273	1.84e-192	527
NC_000913.3_2998	iSbBS512_1146.SbBS512_E3488	99.6	273	1	0	1	273	1	273	5.28e-192	526
NC_000913.3_2998	iSF_1195.SF3098	99.6	273	1	0	1	273	1	273	5.28e-192	526
NC_000913.3_2998	iSSON_1240.SSON_3194	99.3	273	2	0	1	273	1	273	8.76e-191	523
NC_000913.3_2998	STM_v1_0.STM3205	97.1	273	8	0	1	273	2	274	1.44e-187	514
NC_000913.3_2998	iYL1228.KPN_03461	89.4	273	29	0	1	273	1	273	2.53e-174	481
NC_000913.3_2999	iML1515.b3058	100	122	0	0	1	122	1	122	1.01e-81	234
NC_000913.3_2999	iSDY_1059.SDY_3241	100	122	0	0	1	122	2	123	1.05e-81	234
NC_000913.3_2999	iSF_1195.SF3099	100	122	0	0	1	122	1	122	1.01e-81	234
NC_000913.3_2999	iSbBS512_1146.SbBS512_E3489	99.2	122	1	0	1	122	1	122	2.90e-81	233
NC_000913.3_2999	iSSON_1240.SSON_3195	99.2	122	1	0	1	122	2	123	3.00e-81	233
NC_000913.3_2999	STM_v1_0.STM3206	94.1	119	7	0	1	119	2	120	2.07e-76	221
NC_000913.3_3000	iML1515.b3059	100	205	0	0	1	205	1	205	3.78e-149	412
NC_000913.3_3000	iSbBS512_1146.SbBS512_E3490	100	205	0	0	1	205	1	205	3.78e-149	412
NC_000913.3_3000	iSDY_1059.SDY_3242	100	205	0	0	1	205	1	205	3.78e-149	412
NC_000913.3_3000	iSSON_1240.SSON_3196	100	205	0	0	1	205	1	205	3.78e-149	412
NC_000913.3_3000	iSF_1195.SF3100	99.5	205	1	0	1	205	1	205	3.11e-148	409
NC_000913.3_3002	iML1515.b3061	100	303	0	0	1	303	1	303	8.33e-220	598
NC_000913.3_3002	iSSON_1240.SSON_3198	100	303	0	0	1	303	1	303	8.33e-220	598
NC_000913.3_3003	iML1515.b3062	100	201	0	0	1	201	1	201	1.43e-151	417
NC_000913.3_3003	iSF_1195.SF3103	100	201	0	0	1	201	1	201	1.43e-151	417
NC_000913.3_3003	iSSON_1240.SSON_3199	99.5	201	1	0	1	201	1	201	1.67e-150	415
NC_000913.3_3004	iML1515.b3063	100	487	0	0	1	487	1	487	0.0	940
NC_000913.3_3004	iSF_1195.SF3104	99.6	487	2	0	1	487	1	487	0.0	936
NC_000913.3_3004	iSSON_1240.SSON_3200	99.4	487	3	0	1	487	1	487	0.0	936
NC_000913.3_3004	iSDY_1059.SDY_3247	98.8	487	6	0	1	487	1	487	0.0	926
NC_000913.3_3010	iML1515.b3070	100	254	0	0	1	254	1	254	4.94e-192	524
NC_000913.3_3013	iSSON_1240.SSON_3211	99.6	496	2	0	1	496	1	496	0.0	972
NC_000913.3_3013	iML1515.b3073	99.8	459	1	0	38	496	1	459	0.0	905
NC_000913.3_3014	iCN900.CD630_35400	43.2	95	53	1	2	96	539	632	4.08e-20	83.6
NC_000913.3_3014	iAF692.Mbar_A0543	43.5	108	57	3	4	109	604	709	7.67e-20	82.8
NC_000913.3_3014	iHN637.CLJU_RS00840	36.3	102	65	0	8	109	542	643	1.10e-17	76.6
NC_000913.3_3015	iPC815.YPO3908	27.6	123	79	4	204	320	182	300	2.51e-05	45.1
NC_000913.3_3015	iML1515.b4088	24.0	121	83	3	195	312	181	295	5.78e-04	40.8
NC_000913.3_3016	iLJ478.TM1193	36.4	1016	584	23	4	997	8	983	8.55e-204	615
NC_000913.3_3018	iSDY_1059.SDY_1614	22.5	427	314	11	9	427	16	433	1.09e-13	72.8
NC_000913.3_3018	iML1515.b1492	22.2	427	315	11	9	427	16	433	4.48e-13	70.9
NC_000913.3_3018	iSbBS512_1146.SbBS512_E1755	22.2	427	315	11	9	427	16	433	4.48e-13	70.9
NC_000913.3_3018	iSF_1195.SF1735	22.2	427	315	11	9	427	16	433	4.48e-13	70.9
NC_000913.3_3018	iSSON_1240.SSON_1632	22.2	427	315	11	9	427	16	433	4.48e-13	70.9
NC_000913.3_3021	iJN1463.PP_2008	64.6	675	232	5	3	672	21	693	2.76e-302	839
NC_000913.3_3027	iCHOv1.100753544	21.8	340	206	8	2	324	3	299	1.76e-12	66.6
NC_000913.3_3029	iML1515.b3089	100	414	0	0	1	414	1	414	1.35e-281	764
NC_000913.3_3029	iSSON_1240.SSON_3242	100	414	0	0	1	414	1	414	1.35e-281	764
NC_000913.3_3029	iSbBS512_1146.SbBS512_E3525	99.8	414	1	0	1	414	1	414	3.88e-281	763
NC_000913.3_3029	iSF_1195.SF3129	99.8	414	1	0	1	414	1	414	5.51e-281	763
NC_000913.3_3029	iSDY_1059.SDY_3274	99.8	414	1	0	1	414	1	414	1.58e-280	761
NC_000913.3_3029	STM_v1_0.STM3225	93.5	414	27	0	1	414	1	414	1.83e-263	718
NC_000913.3_3031	iML1515.b3091	100	495	0	0	1	495	1	495	0.0	998
NC_000913.3_3031	iSbBS512_1146.SbBS512_E3527	99.4	495	3	0	1	495	1	495	0.0	994
NC_000913.3_3031	iSSON_1240.SSON_3244	99.6	495	2	0	1	495	1	495	0.0	993
NC_000913.3_3031	iSF_1195.SF3131	99.4	495	3	0	1	495	1	495	0.0	989
NC_000913.3_3031	iSDY_1059.SDY_3276	98.8	495	6	0	1	495	1	495	0.0	988
NC_000913.3_3032	iML1515.b3092	100	470	0	0	1	470	1	470	0.0	973
NC_000913.3_3032	iSF_1195.SF3132	100	470	0	0	1	470	1	470	0.0	973
NC_000913.3_3032	iSSON_1240.SSON_3245	100	470	0	0	1	470	1	470	0.0	973
NC_000913.3_3032	iSbBS512_1146.SbBS512_E3528	99.8	470	1	0	1	470	1	470	0.0	972
NC_000913.3_3032	iYL1228.KPN_03520	95.7	466	20	0	5	470	1	466	0.0	929
NC_000913.3_3033	iML1515.b3093	100	432	0	0	1	432	1	432	6.11e-310	837
NC_000913.3_3033	iSF_1195.SF3133	100	432	0	0	1	432	1	432	6.11e-310	837
NC_000913.3_3033	iSDY_1059.SDY_3278	99.1	432	4	0	1	432	41	472	2.09e-304	825
NC_000913.3_3033	iSbBS512_1146.SbBS512_E3529	98.6	432	6	0	1	432	1	432	6.54e-305	825
NC_000913.3_3033	iYL1228.KPN_03521	93.5	417	27	0	1	417	1	417	1.15e-280	763
NC_000913.3_3049	iML1515.b2796	29.1	422	271	11	23	433	14	418	1.52e-34	133
NC_000913.3_3049	iSSON_1240.SSON_2953	29.1	422	271	11	23	433	14	418	1.52e-34	133
NC_000913.3_3049	iSDY_1059.SDY_3013	29.1	422	271	11	23	433	14	418	2.09e-34	132
NC_000913.3_3049	iSbBS512_1146.SbBS512_E3076	29.1	422	271	11	23	433	14	418	3.96e-34	132
NC_000913.3_3049	iYL1228.KPN_03139	27.5	425	280	10	20	433	11	418	1.31e-32	127
NC_000913.3_3049	iSF_1195.SF2810	28.2	422	275	11	23	433	14	418	1.65e-31	124
NC_000913.3_3049	iPC815.YPO1321	28.0	436	288	10	14	440	7	425	3.27e-31	124
NC_000913.3_3049	STM_v1_0.STM2970	28.3	424	272	12	23	433	14	418	4.24e-31	123
NC_000913.3_3050	iML1515.b4471	100	454	0	0	1	454	1	454	0.0	899
NC_000913.3_3051	iML1515.b1010	29.6	125	84	2	2	125	3	124	3.04e-13	61.6
NC_000913.3_3051	iSDY_1059.SDY_0985	29.6	125	84	2	2	125	3	124	3.04e-13	61.6
NC_000913.3_3051	iSF_1195.SF1013	28.8	125	85	2	2	125	3	124	1.29e-11	57.4
NC_000913.3_3052	iML1515.b3114	100	764	0	0	1	764	1	764	0.0	1528
NC_000913.3_3052	iSbBS512_1146.SbBS512_E3243	99.9	764	1	0	1	764	1	764	0.0	1528
NC_000913.3_3052	iSSON_1240.SSON_3271	99.9	764	1	0	1	764	1	764	0.0	1528
NC_000913.3_3052	iSF_1195.SF3154	99.9	764	1	0	1	764	1	764	0.0	1526
NC_000913.3_3052	iSDY_1059.SDY_3306	99.6	764	3	0	1	764	1	764	0.0	1522
NC_000913.3_3052	STM_v1_0.STM3241	93.6	764	49	0	1	764	1	764	0.0	1441
NC_000913.3_3053	iML1515.b3115	100	402	0	0	1	402	1	402	9.36e-292	789
NC_000913.3_3053	iSbBS512_1146.SbBS512_E3242	99.0	402	4	0	1	402	1	402	1.27e-289	783
NC_000913.3_3053	iSDY_1059.SDY_3307	99.3	402	3	0	1	402	5	406	6.03e-289	782
NC_000913.3_3053	iSSON_1240.SSON_3272	99.3	402	3	0	1	402	5	406	1.73e-288	781
NC_000913.3_3053	iSF_1195.SF3155	99.0	402	4	0	1	402	1	402	3.00e-288	780
NC_000913.3_3054	iML1515.b3116	100	443	0	0	1	443	1	443	1.35e-314	850
NC_000913.3_3054	iSSON_1240.SSON_3273	100	443	0	0	1	443	1	443	1.35e-314	850
NC_000913.3_3054	iSbBS512_1146.SbBS512_E3241	99.8	443	1	0	1	443	1	443	1.92e-314	850
NC_000913.3_3054	iSF_1195.SF3156	99.5	443	2	0	1	443	1	443	3.87e-314	849
NC_000913.3_3054	iSDY_1059.SDY_3308	99.3	443	3	0	1	443	1	443	5.49e-314	848
NC_000913.3_3054	STM_v1_0.STM3243	94.8	443	23	0	1	443	1	443	5.75e-300	813
NC_000913.3_3054	iYL1228.KPN_02294	91.2	443	39	0	1	443	1	443	2.66e-289	786
NC_000913.3_3055	iML1515.b3117	100	329	0	0	1	329	1	329	4.55e-237	644
NC_000913.3_3055	iSbBS512_1146.SbBS512_E3240	100	329	0	0	1	329	1	329	4.55e-237	644
NC_000913.3_3055	iSDY_1059.SDY_3309	100	329	0	0	1	329	1	329	4.55e-237	644
NC_000913.3_3055	iSF_1195.SF3157	100	329	0	0	1	329	1	329	4.55e-237	644
NC_000913.3_3055	iSSON_1240.SSON_3274	99.7	329	1	0	1	329	1	329	6.47e-237	644
NC_000913.3_3055	STM_v1_0.STM3244	95.1	329	16	0	1	329	1	329	4.48e-228	622
NC_000913.3_3055	iYL1228.KPN_02295	90.6	329	31	0	1	329	1	329	1.08e-219	600
NC_000913.3_3059	iML1515.b3124	100	381	0	0	1	381	1	381	2.39e-272	738
NC_000913.3_3059	iSSON_1240.SSON_3279	99.5	381	2	0	1	381	28	408	1.55e-270	734
NC_000913.3_3059	iSDY_1059.SDY_3318	99.2	381	3	0	1	381	28	408	2.21e-270	734
NC_000913.3_3059	iSF_1195.SF3161	99.0	381	4	0	1	381	28	408	3.13e-270	734
NC_000913.3_3059	iSbBS512_1146.SbBS512_E3234	99.0	381	4	0	1	381	1	381	2.67e-269	730
NC_000913.3_3060	iML1515.b3125	100	294	0	0	3	296	1	294	7.55e-203	555
NC_000913.3_3060	iSbBS512_1146.SbBS512_E3233	100	294	0	0	3	296	1	294	7.55e-203	555
NC_000913.3_3060	iSF_1195.SF3162	99.3	296	2	0	1	296	4	299	1.29e-202	555
NC_000913.3_3060	iSSON_1240.SSON_3280	99.7	296	1	0	1	296	4	299	1.29e-202	555
NC_000913.3_3060	iSDY_1059.SDY_3319	99.0	296	3	0	1	296	4	299	1.06e-201	552
NC_000913.3_3060	iYL1228.KPN_03537	97.6	296	7	0	1	296	1	296	2.23e-200	549
NC_000913.3_3060	STM_v1_0.STM3248	97.3	296	8	0	1	296	1	296	2.60e-199	546
NC_000913.3_3061	iML1515.b3126	100	256	0	0	1	256	1	256	1.46e-185	508
NC_000913.3_3061	iSSON_1240.SSON_3281	99.2	256	2	0	1	256	1	256	4.89e-184	504
NC_000913.3_3061	iSDY_1059.SDY_3320	99.2	256	2	0	1	256	1	256	9.88e-184	503
NC_000913.3_3061	iSbBS512_1146.SbBS512_E3232	99.2	252	2	0	5	256	6	257	9.42e-180	493
NC_000913.3_3061	STM_v1_0.STM3249	90.6	256	24	0	1	256	1	256	3.64e-170	469
NC_000913.3_3062	iML1515.b3127	100	444	0	0	1	444	1	444	0.0	876
NC_000913.3_3062	iSF_1195.SF3164	99.3	444	3	0	1	444	1	444	0.0	870
NC_000913.3_3062	iSSON_1240.SSON_3282	99.1	444	4	0	1	444	1	444	0.0	867
NC_000913.3_3063	iML1515.b3128	100	523	0	0	1	523	1	523	0.0	987
NC_000913.3_3063	iSF_1195.SF3165	99.2	523	4	0	1	523	1	523	0.0	980
NC_000913.3_3063	iSSON_1240.SSON_3283	98.9	523	6	0	1	523	1	523	0.0	977
NC_000913.3_3063	STM_v1_0.STM3250	93.7	523	33	0	1	523	1	523	0.0	932
NC_000913.3_3063	iYL1228.KPN_03540	92.5	523	39	0	1	523	1	523	0.0	912
NC_000913.3_3067	iML1515.b3132	100	426	0	0	1	426	1	426	3.89e-319	860
NC_000913.3_3068	iSF_1195.SF3168	99.4	157	1	0	1	157	13	169	1.14e-111	313
NC_000913.3_3069	iSF_1195.SF3169	98.4	125	2	0	1	125	1	125	3.59e-80	236
NC_000913.3_3070	iNF517.LLMG_RS05670	40.5	148	87	1	1	147	230	377	6.56e-29	108
NC_000913.3_3070	iCN900.CD630_34530	40.8	147	86	1	1	146	230	376	4.92e-27	103
NC_000913.3_3070	iYS854.USA300HOU_RS03790	39.9	148	82	2	11	151	245	392	2.76e-25	99.0
NC_000913.3_3070	iMM1415.245847	41.5	135	78	1	15	148	266	400	8.45e-25	97.8
NC_000913.3_3072	iML1515.b3137	100	286	0	0	1	286	1	286	4.08e-207	565
NC_000913.3_3073	iSF_1195.SF3168	47.3	148	77	1	4	151	14	160	1.73e-43	141
NC_000913.3_3074	iSF_1195.SF3175	99.6	267	1	0	1	267	1	267	1.19e-185	509
NC_000913.3_3075	iSF_1195.SF3176	99.6	263	1	0	1	263	1	263	1.02e-184	506
NC_000913.3_3076	iSF_1195.SF3177	97.9	233	5	0	1	233	19	251	7.74e-167	459
NC_000913.3_3084	iJN1463.PP_1323	56.4	195	85	0	1	195	1	195	3.18e-74	221
NC_000913.3_3088	iCN900.CD630_33570	26.4	182	113	6	4	170	2	177	6.62e-07	47.0
NC_000913.3_3092	iMM1415.20280	36.9	65	39	1	69	131	458	522	5.10e-05	42.4
NC_000913.3_3092	iCHOv1.100757558	35.4	65	40	1	69	131	474	538	2.30e-04	40.4
NC_000913.3_3096	iML1515.b3161	100	414	0	0	1	414	1	414	1.29e-295	800
NC_000913.3_3096	iSF_1195.SF3202	100	414	0	0	1	414	1	414	1.29e-295	800
NC_000913.3_3096	iSbBS512_1146.SbBS512_E3611	99.5	414	2	0	1	414	1	414	1.51e-294	797
NC_000913.3_3096	iSSON_1240.SSON_3307	99.5	414	2	0	1	414	1	414	1.51e-294	797
NC_000913.3_3096	iSDY_1059.SDY_3340	99.5	414	2	0	1	414	1	414	6.13e-294	795
NC_000913.3_3096	STM_v1_0.STM3279	94.9	414	21	0	1	414	1	414	6.01e-285	773
NC_000913.3_3096	iYL1228.KPN_03569	89.6	414	43	0	1	414	1	414	1.08e-271	739
NC_000913.3_3097	iYS854.USA300HOU_RS07595	21.7	323	228	10	22	335	8	314	3.43e-11	65.5
NC_000913.3_3099	iHN637.CLJU_RS10465	43.1	116	58	4	587	694	521	636	1.30e-13	73.9
NC_000913.3_3101	iEK1008.Rv2793c	42.5	214	118	3	13	221	7	220	7.68e-52	172
NC_000913.3_3101	iYS854.USA300HOU_RS06405	38.3	222	129	2	12	225	3	224	4.36e-49	165
NC_000913.3_3101	iNF517.LLMG_RS07220	36.3	256	145	4	10	256	4	250	1.46e-45	157
NC_000913.3_3101	iSynCJ816.SGL_RS18050	35.9	309	171	11	13	310	3	295	8.82e-46	156
NC_000913.3_3103	iML1515.b3590	31.6	247	155	9	393	630	2	243	3.09e-16	82.8
NC_000913.3_3106	iML1515.b3172	100	447	0	0	1	447	1	447	0.0	905
NC_000913.3_3106	iSSON_1240.SSON_3320	99.8	447	1	0	1	447	1	447	0.0	903
NC_000913.3_3106	iSDY_1059.SDY_3351	99.6	447	2	0	1	447	1	447	0.0	902
NC_000913.3_3106	iSF_1195.SF3213	99.3	447	3	0	1	447	1	447	0.0	901
NC_000913.3_3106	iSbBS512_1146.SbBS512_E3599	99.3	447	3	0	1	447	1	447	0.0	900
NC_000913.3_3106	iYL1228.KPN_03580	95.1	447	22	0	1	447	1	447	0.0	870
NC_000913.3_3106	iPC815.YPO1570	90.5	441	42	0	1	441	1	441	1.65e-303	823
NC_000913.3_3107	STM_v1_0.STM3635	30.8	279	157	11	169	421	229	497	7.02e-24	104
NC_000913.3_3107	iML1515.b3546	29.8	312	176	13	169	454	229	523	1.71e-22	100
NC_000913.3_3107	iSbBS512_1146.SbBS512_E3983	29.8	312	176	13	169	454	229	523	1.71e-22	100
NC_000913.3_3107	iSF_1195.SF3580	29.8	312	176	13	169	454	240	534	1.77e-22	100
NC_000913.3_3107	iSSON_1240.SSON_3844	29.5	312	177	13	169	454	240	534	5.61e-22	99.0
NC_000913.3_3107	iYL1228.KPN_03904	28.1	313	181	12	169	454	223	518	2.94e-21	96.7
NC_000913.3_3109	iML1515.b3176	100	445	0	0	1	445	1	445	2.48e-319	862
NC_000913.3_3109	iSbBS512_1146.SbBS512_E3594	100	445	0	0	1	445	1	445	2.48e-319	862
NC_000913.3_3109	iSSON_1240.SSON_3324	99.8	445	1	0	1	445	1	445	1.24e-318	860
NC_000913.3_3109	iSDY_1059.SDY_3357	99.3	445	3	0	1	445	1	445	1.16e-316	855
NC_000913.3_3109	iSF_1195.SF3216	98.7	445	6	0	1	445	1	445	6.42e-314	848
NC_000913.3_3109	STM_v1_0.STM3294	96.0	445	18	0	1	445	1	445	6.57e-307	831
NC_000913.3_3109	iYL1228.KPN_03586	91.5	445	38	0	1	445	1	445	4.14e-294	798
NC_000913.3_3110	iML1515.b3177	100	282	0	0	1	282	1	282	1.31e-201	551
NC_000913.3_3110	iSF_1195.SF3217	100	282	0	0	1	282	16	297	2.28e-201	551
NC_000913.3_3110	iSSON_1240.SSON_3325	100	282	0	0	1	282	16	297	2.28e-201	551
NC_000913.3_3110	iSbBS512_1146.SbBS512_E3593	99.6	282	1	0	1	282	1	282	2.64e-201	550
NC_000913.3_3110	iSDY_1059.SDY_3358	99.6	282	1	0	1	282	16	297	2.65e-200	548
NC_000913.3_3110	STM_v1_0.STM3295	91.8	282	23	0	1	282	1	282	4.81e-188	516
NC_000913.3_3110	iYL1228.KPN_03587	89.0	282	31	0	1	282	1	282	1.41e-180	498
NC_000913.3_3111	iAT_PLT_636.4905	39.1	235	117	6	177	392	242	469	8.29e-35	140
NC_000913.3_3111	iMM1415.18195	39.1	235	117	6	177	392	242	469	8.29e-35	140
NC_000913.3_3115	iML1515.b3182	100	477	0	0	1	477	1	477	0.0	895
NC_000913.3_3115	iSbBS512_1146.SbBS512_E3588	99.8	477	1	0	1	477	1	477	0.0	895
NC_000913.3_3115	iSDY_1059.SDY_3363	99.6	477	2	0	1	477	1	477	0.0	892
NC_000913.3_3115	iSSON_1240.SSON_3330	99.8	477	1	0	1	477	1	477	0.0	892
NC_000913.3_3115	iSF_1195.SF3222	99.4	477	3	0	1	477	1	477	0.0	891
NC_000913.3_3115	STM_v1_0.STM3300	93.9	477	29	0	1	477	1	477	3.30e-314	852
NC_000913.3_3116	iML1515.b4173	28.8	132	88	2	162	292	200	326	8.71e-09	56.6
NC_000913.3_3120	iML1515.b3187	100	323	0	0	1	323	1	323	3.73e-233	634
NC_000913.3_3120	iSF_1195.SF3227	100	323	0	0	1	323	1	323	3.73e-233	634
NC_000913.3_3120	iSSON_1240.SSON_3335	100	323	0	0	1	323	1	323	3.73e-233	634
NC_000913.3_3120	iSDY_1059.SDY_3368	99.7	323	1	0	1	323	1	323	5.29e-233	634
NC_000913.3_3120	iSbBS512_1146.SbBS512_E3583	100	322	0	0	1	322	1	322	2.16e-232	632
NC_000913.3_3120	STM_v1_0.STM3305	96.0	323	13	0	1	323	1	323	3.14e-225	614
NC_000913.3_3120	iYL1228.KPN_03597	91.6	322	27	0	1	322	1	322	1.03e-214	587
NC_000913.3_3122	iML1515.b3189	100	419	0	0	1	419	1	419	1.78e-300	812
NC_000913.3_3122	iSF_1195.SF3229	100	419	0	0	1	419	1	419	1.78e-300	812
NC_000913.3_3122	iSSON_1240.SSON_3337	100	419	0	0	1	419	1	419	1.78e-300	812
NC_000913.3_3122	iSbBS512_1146.SbBS512_E3581	99.8	419	1	0	1	419	1	419	7.26e-300	811
NC_000913.3_3122	iSDY_1059.SDY_3370	99.5	419	2	0	1	419	1	419	2.08e-299	810
NC_000913.3_3122	STM_v1_0.STM3307	97.1	419	12	0	1	419	1	419	7.44e-293	793
NC_000913.3_3122	iYL1228.KPN_03599	92.1	419	33	0	1	419	1	419	9.05e-278	755
NC_000913.3_3126	iJN1463.PP_0960	46.9	160	80	1	1	160	1	155	8.24e-44	142
NC_000913.3_3127	iJN1463.PP_0959	63.3	259	95	0	2	260	7	265	2.95e-105	305
NC_000913.3_3128	iJN1463.PP_0958	58.3	266	111	0	1	266	1	266	2.35e-112	324
NC_000913.3_3129	iML1515.b3196	100	325	0	0	1	325	1	325	1.60e-219	600
NC_000913.3_3129	iSSON_1240.SSON_3344	99.4	325	2	0	1	325	1	325	9.24e-219	598
NC_000913.3_3129	iSbBS512_1146.SbBS512_E3574	99.1	325	3	0	1	325	1	325	6.23e-217	593
NC_000913.3_3129	iSF_1195.SF3236	98.2	325	2	1	1	325	1	321	2.44e-213	584
NC_000913.3_3129	iSDY_1059.SDY_3377	98.2	325	2	1	1	325	1	321	6.99e-213	583
NC_000913.3_3130	iML1515.b3197	100	328	0	0	1	328	1	328	4.21e-237	644
NC_000913.3_3130	iSbBS512_1146.SbBS512_E3573	100	328	0	0	1	328	1	328	4.21e-237	644
NC_000913.3_3130	iSSON_1240.SSON_3345	100	328	0	0	1	328	1	328	4.21e-237	644
NC_000913.3_3130	iSF_1195.SF3237	99.7	328	1	0	1	328	1	328	3.46e-236	642
NC_000913.3_3130	iSDY_1059.SDY_3378	99.4	328	2	0	1	328	1	328	2.84e-235	640
NC_000913.3_3130	STM_v1_0.STM3315	92.1	328	26	0	1	328	1	328	1.30e-215	590
NC_000913.3_3131	iML1515.b3198	100	188	0	0	1	188	1	188	1.23e-132	369
NC_000913.3_3131	iSDY_1059.SDY_3379	100	188	0	0	1	188	1	188	1.23e-132	369
NC_000913.3_3131	iSSON_1240.SSON_3346	100	188	0	0	1	188	1	188	1.23e-132	369
NC_000913.3_3131	iSF_1195.SF3238	99.5	188	1	0	1	188	1	188	3.54e-132	367
NC_000913.3_3131	iSbBS512_1146.SbBS512_E3572	99.5	188	1	0	1	188	1	188	2.05e-131	365
NC_000913.3_3131	STM_v1_0.STM3316	96.3	188	7	0	1	188	1	188	1.89e-127	355
NC_000913.3_3132	iML1515.b3199	100	191	0	0	1	191	1	191	2.68e-133	370
NC_000913.3_3132	iSbBS512_1146.SbBS512_E3571	100	191	0	0	1	191	1	191	2.68e-133	370
NC_000913.3_3132	iSDY_1059.SDY_3380	100	191	0	0	1	191	1	191	2.68e-133	370
NC_000913.3_3132	iSF_1195.SF3239	100	191	0	0	1	191	1	191	2.68e-133	370
NC_000913.3_3132	iSSON_1240.SSON_3347	99.0	191	2	0	1	191	1	191	8.98e-132	367
NC_000913.3_3133	iML1515.b3200	100	185	0	0	1	185	1	185	4.49e-129	359
NC_000913.3_3133	iSbBS512_1146.SbBS512_E3570	100	185	0	0	1	185	1	185	4.49e-129	359
NC_000913.3_3133	iSDY_1059.SDY_3381	100	185	0	0	1	185	1	185	4.49e-129	359
NC_000913.3_3133	iSF_1195.SF3240	100	185	0	0	1	185	1	185	4.49e-129	359
NC_000913.3_3133	iSSON_1240.SSON_3348	100	185	0	0	1	185	1	185	4.49e-129	359
NC_000913.3_3134	iML1515.b3201	100	241	0	0	1	241	1	241	2.82e-171	471
NC_000913.3_3134	iSbBS512_1146.SbBS512_E3569	100	241	0	0	1	241	1	241	2.82e-171	471
NC_000913.3_3134	iSDY_1059.SDY_3382	100	241	0	0	1	241	1	241	2.82e-171	471
NC_000913.3_3134	iSF_1195.SF3241	100	241	0	0	1	241	1	241	2.82e-171	471
NC_000913.3_3134	iSSON_1240.SSON_3349	100	241	0	0	1	241	1	241	2.82e-171	471
NC_000913.3_3137	iCN900.CD630_30150	30.0	150	102	3	8	155	1	149	9.85e-17	72.4
NC_000913.3_3137	iSbBS512_1146.SbBS512_E0650	29.0	155	106	4	8	159	1	154	1.19e-14	70.1
NC_000913.3_3137	iCN900.CD630_22690	29.1	151	105	2	8	157	1	150	4.08e-14	68.6
NC_000913.3_3137	iML1515.b0731	28.4	155	107	4	8	159	21	174	1.03e-13	67.4
NC_000913.3_3137	iSSON_1240.SSON_0682	28.4	155	107	4	8	159	21	174	1.03e-13	67.4
NC_000913.3_3137	iYO844.BSU14400	27.9	147	104	2	8	153	1	146	1.90e-13	66.6
NC_000913.3_3137	iYO844.BSU12010	31.0	126	85	2	33	157	526	650	1.91e-13	66.6
NC_000913.3_3137	iYS854.USA300HOU_RS03780	34.9	106	68	1	52	157	46	150	3.53e-13	65.9
NC_000913.3_3139	iYL1228.KPN_03497	34.1	88	57	1	2	89	156	242	3.93e-08	48.5
NC_000913.3_3139	iYO844.BSU13900	32.9	82	54	1	4	85	3	83	9.02e-09	47.8
NC_000913.3_3139	iJN1463.PP_0793	30.2	86	58	1	7	90	287	372	5.01e-07	45.4
NC_000913.3_3141	iML1515.b3208	100	242	0	0	1	242	1	242	6.69e-175	480
NC_000913.3_3143	iAF987.Gmet_0043	26.1	387	242	12	268	635	26	387	2.13e-15	79.7
NC_000913.3_3145	iSF_1195.SF3252	99.7	1517	5	0	1	1517	6	1522	0.0	3013
NC_000913.3_3145	iSSON_1240.SSON_3360	99.7	1517	5	0	1	1517	1	1517	0.0	3013
NC_000913.3_3145	iML1515.b3212	100	1486	0	0	32	1517	1	1486	0.0	2961
NC_000913.3_3145	iSbBS512_1146.SbBS512_E3558	99.6	1486	6	0	32	1517	1	1486	0.0	2947
NC_000913.3_3145	iSDY_1059.SDY_3393	99.3	1486	10	0	32	1517	1	1486	0.0	2941
NC_000913.3_3145	STM_v1_0.STM3330	95.6	1486	66	0	32	1517	1	1486	0.0	2846
NC_000913.3_3145	iYL1228.KPN_03624	94.8	1448	75	0	70	1517	1	1448	0.0	2753
NC_000913.3_3146	iML1515.b3213	100	472	0	0	1	472	1	472	0.0	964
NC_000913.3_3146	iSbBS512_1146.SbBS512_E3557	100	472	0	0	1	472	1	472	0.0	964
NC_000913.3_3146	iSSON_1240.SSON_3361	100	472	0	0	1	472	1	472	0.0	964
NC_000913.3_3146	iSF_1195.SF3253	99.8	472	1	0	1	472	1	472	0.0	962
NC_000913.3_3146	iSDY_1059.SDY_3394	98.9	472	5	0	1	472	1	472	0.0	955
NC_000913.3_3146	STM_v1_0.STM3331	95.3	472	22	0	1	472	1	472	0.0	927
NC_000913.3_3146	iYL1228.KPN_03625	93.6	472	30	0	1	472	1	472	0.0	913
NC_000913.3_3156	iML1515.b3222	100	291	0	0	1	291	1	291	6.72e-204	557
NC_000913.3_3156	iSF_1195.SF3258	97.9	291	6	0	1	291	12	302	1.53e-198	544
NC_000913.3_3156	iSSON_1240.SSON_3363	96.6	291	10	0	1	291	12	302	1.03e-196	540
NC_000913.3_3156	iSDY_1059.SDY_3397	96.6	291	10	0	1	291	12	302	5.98e-196	538
NC_000913.3_3156	iSbBS512_1146.SbBS512_E3554	95.2	291	14	0	1	291	1	291	3.82e-194	533
NC_000913.3_3157	iML1515.b3223	100	229	0	0	1	229	1	229	1.77e-159	440
NC_000913.3_3157	iSbBS512_1146.SbBS512_E3553	100	229	0	0	1	229	1	229	1.77e-159	440
NC_000913.3_3157	iSF_1195.SF3259	99.6	229	1	0	1	229	1	229	7.19e-159	438
NC_000913.3_3157	iSSON_1240.SSON_3364	99.1	229	2	0	1	229	1	229	1.02e-158	438
NC_000913.3_3157	iSDY_1059.SDY_3398	98.7	229	3	0	1	229	1	229	1.69e-157	435
NC_000913.3_3158	iML1515.b3224	100	496	0	0	1	496	1	496	0.0	978
NC_000913.3_3158	iSbBS512_1146.SbBS512_E3552	99.8	496	1	0	1	496	1	496	0.0	976
NC_000913.3_3158	iSF_1195.SF3260	99.8	496	1	0	1	496	11	506	0.0	976
NC_000913.3_3158	iSSON_1240.SSON_3365	99.8	496	1	0	1	496	11	506	0.0	976
NC_000913.3_3158	iSDY_1059.SDY_3399	99.6	496	2	0	1	496	11	506	0.0	976
NC_000913.3_3158	STM_v1_0.STM3338	94.8	496	26	0	1	496	1	496	0.0	934
NC_000913.3_3159	iML1515.b3225	100	297	0	0	1	297	1	297	1.61e-214	585
NC_000913.3_3159	iSbBS512_1146.SbBS512_E3551	100	297	0	0	1	297	1	297	1.61e-214	585
NC_000913.3_3159	iSDY_1059.SDY_3400	100	297	0	0	1	297	1	297	1.61e-214	585
NC_000913.3_3159	iSF_1195.SF3261	100	297	0	0	1	297	1	297	1.61e-214	585
NC_000913.3_3159	iSSON_1240.SSON_3366	100	297	0	0	1	297	1	297	1.61e-214	585
NC_000913.3_3159	STM_v1_0.STM3339	90.6	297	28	0	1	297	1	297	1.22e-193	532
NC_000913.3_3161	iML1515.b0621	35.8	447	281	3	4	450	7	447	3.14e-84	266
NC_000913.3_3161	iSF_1195.SF0659	35.8	447	281	3	4	450	7	447	3.14e-84	266
NC_000913.3_3161	iSbBS512_1146.SbBS512_E0536	35.8	447	281	3	4	450	7	447	6.23e-84	265
NC_000913.3_3161	iYL1228.KPN_00654	36.5	447	278	3	4	450	7	447	3.40e-82	260
NC_000913.3_3161	iSSON_1240.SSON_0574	36.0	433	271	3	18	450	7	433	5.11e-82	259
NC_000913.3_3161	STM_v1_0.STM0627	35.8	447	281	3	4	450	7	447	1.06e-81	259
NC_000913.3_3163	iCHOv1.100758427	25.1	187	136	3	21	204	34	219	4.88e-12	62.8
NC_000913.3_3163	iJN1463.PP_4619	26.7	176	117	3	11	174	1	176	8.33e-11	58.9
NC_000913.3_3163	iMM1415.14874	29.7	165	106	4	22	176	17	181	1.23e-10	58.5
NC_000913.3_3163	iCN718.ABAYE_RS00890	34.3	108	68	1	11	115	1	108	4.08e-10	57.0
NC_000913.3_3168	iEK1008.Rv0125	29.3	276	154	8	90	343	77	333	7.02e-19	87.4
NC_000913.3_3169	iEK1008.Rv0125	30.2	351	205	11	20	352	25	353	5.52e-25	103
NC_000913.3_3170	iML1515.b3236	100	312	0	0	1	312	1	312	6.53e-217	592
NC_000913.3_3170	iSbBS512_1146.SbBS512_E3540	100	312	0	0	1	312	1	312	6.53e-217	592
NC_000913.3_3170	iSSON_1240.SSON_3378	100	312	0	0	1	312	1	312	6.53e-217	592
NC_000913.3_3170	iSF_1195.SF3276	99.4	312	2	0	1	312	1	312	1.54e-215	588
NC_000913.3_3170	iSDY_1059.SDY_3412	99.4	312	2	0	1	312	1	312	1.26e-214	586
NC_000913.3_3170	STM_v1_0.STM3359	94.9	312	16	0	1	312	1	312	1.29e-207	568
NC_000913.3_3170	iYL1228.KPN_03644	94.6	312	17	0	1	312	1	312	4.32e-206	565
NC_000913.3_3170	iPC815.YPO3516	89.7	312	32	0	1	312	1	312	6.00e-197	541
NC_000913.3_3174	iML1515.b3240	100	655	0	0	1	655	1	655	0.0	1263
NC_000913.3_3175	iML1515.b3241	100	310	0	0	1	310	1	310	2.28e-216	590
NC_000913.3_3181	iML1515.b3248	100	197	0	0	1	197	1	197	3.78e-136	378
NC_000913.3_3184	iSbBS512_1146.SbBS512_E0599	25.7	342	216	13	13	328	8	337	1.92e-09	58.5
NC_000913.3_3184	iML1515.b0650	25.7	342	216	13	13	328	8	337	2.55e-09	58.2
NC_000913.3_3184	iSSON_1240.SSON_0604	25.7	342	216	13	13	328	8	337	4.51e-09	57.4
NC_000913.3_3184	STM_v1_0.STM0659	23.3	352	212	12	13	328	8	337	5.86e-08	53.9
NC_000913.3_3185	iJN1463.PP_0165	21.2	532	395	12	109	632	131	646	2.31e-25	110
NC_000913.3_3186	iML1515.b3253	100	324	0	0	1	324	1	324	2.08e-235	640
NC_000913.3_3187	iML1515.b3255	100	156	0	0	1	156	1	156	2.71e-100	284
NC_000913.3_3187	iSbBS512_1146.SbBS512_E3287	100	156	0	0	1	156	1	156	2.71e-100	284
NC_000913.3_3187	iSF_1195.SF3293	100	156	0	0	1	156	1	156	2.71e-100	284
NC_000913.3_3187	iSSON_1240.SSON_3396	100	156	0	0	1	156	1	156	2.71e-100	284
NC_000913.3_3187	iSDY_1059.SDY_3432	99.4	156	1	0	1	156	1	156	2.23e-99	282
NC_000913.3_3187	STM_v1_0.STM3379	92.9	156	11	0	1	156	1	156	2.30e-92	264
NC_000913.3_3188	iML1515.b3256	100	449	0	0	1	449	1	449	0.0	899
NC_000913.3_3188	iSbBS512_1146.SbBS512_E3288	100	449	0	0	1	449	1	449	0.0	899
NC_000913.3_3188	iSDY_1059.SDY_3433	100	449	0	0	1	449	1	449	0.0	899
NC_000913.3_3188	iSSON_1240.SSON_3397	99.8	449	1	0	1	449	1	449	0.0	898
NC_000913.3_3188	iSF_1195.SF3294	99.6	449	2	0	1	449	1	449	0.0	894
NC_000913.3_3188	iYL1228.KPN_03665	96.7	449	15	0	1	449	1	449	0.0	871
NC_000913.3_3188	STM_v1_0.STM3380	96.7	449	15	0	1	449	1	449	0.0	870
NC_000913.3_3188	iPC815.YPO3658	92.4	448	34	0	1	448	1	448	2.81e-310	840
NC_000913.3_3190	iML1515.b3258	100	483	0	0	1	483	1	483	0.0	888
NC_000913.3_3190	iSSON_1240.SSON_3399	100	483	0	0	1	483	3	485	0.0	888
NC_000913.3_3190	iSF_1195.SF3296	99.8	483	1	0	1	483	1	483	0.0	887
NC_000913.3_3190	iSbBS512_1146.SbBS512_E3641	99.8	483	1	0	1	483	1	483	0.0	887
NC_000913.3_3190	iSDY_1059.SDY_3435	99.6	483	2	0	1	483	3	485	0.0	885
NC_000913.3_3190	STM_v1_0.STM3382	93.6	483	31	0	1	483	1	483	6.13e-313	849
NC_000913.3_3190	iYL1228.KPN_03667	89.6	483	50	0	1	483	2	484	7.99e-300	816
NC_000913.3_3191	iMM904.YBR034C	35.1	74	44	2	160	230	60	132	9.20e-06	46.2
NC_000913.3_3191	iCN718.ABAYE_RS19010	31.8	85	55	2	142	224	32	115	1.15e-04	42.4
NC_000913.3_3197	iML1515.b3265	100	385	0	0	1	385	1	385	1.81e-269	731
NC_000913.3_3197	iSbBS512_1146.SbBS512_E3648	99.7	385	1	0	1	385	1	385	5.18e-269	730
NC_000913.3_3198	iML1515.b3266	100	1034	0	0	1	1034	1	1034	0.0	1935
NC_000913.3_3202	iJN1463.PP_1297	71.5	263	75	0	1	263	80	342	2.26e-142	402
NC_000913.3_3203	iJN1463.PP_1298	61.9	394	147	3	1	393	1	392	4.35e-162	460
NC_000913.3_3204	iJN1463.PP_1299	66.2	355	120	0	9	363	8	362	2.17e-175	491
NC_000913.3_3205	iJN1463.PP_1300	77.6	254	55	1	1	252	1	254	1.12e-151	422
NC_000913.3_3208	iML1515.b1400	37.3	158	92	1	11	168	9	159	7.31e-18	77.0
NC_000913.3_3208	iJN1463.PP_3285	27.2	158	108	1	11	168	9	159	1.16e-15	71.2
NC_000913.3_3210	iML1515.b3281	100	272	0	0	1	272	1	272	1.12e-197	540
NC_000913.3_3210	iSF_1195.SF3313	98.9	272	3	0	1	272	1	272	2.17e-195	534
NC_000913.3_3210	iSDY_1059.SDY_3458	98.2	272	5	0	1	272	1	272	5.10e-194	531
NC_000913.3_3210	iSSON_1240.SSON_3422	98.2	272	5	0	1	272	1	272	7.24e-194	530
NC_000913.3_3210	iSbBS512_1146.SbBS512_E3666	97.8	272	6	0	1	272	1	272	5.95e-193	528
NC_000913.3_3215	iYO844.BSU15720	48.3	149	74	3	1	148	1	147	1.55e-37	126
NC_000913.3_3216	iSDY_1059.SDY_3464	99.4	315	2	0	1	315	1	315	4.33e-228	620
NC_000913.3_3216	iSF_1195.SF3319	98.7	315	4	0	1	315	1	315	8.74e-228	620
NC_000913.3_3216	iSSON_1240.SSON_3428	99.0	315	3	0	1	315	1	315	2.50e-227	619
NC_000913.3_3216	iSbBS512_1146.SbBS512_E3672	98.7	315	4	0	1	315	1	315	2.92e-226	616
NC_000913.3_3216	STM_v1_0.STM3407	91.7	315	26	0	1	315	1	315	8.82e-212	579
NC_000913.3_3218	iML1515.b3290	100	458	0	0	1	458	1	458	0.0	879
NC_000913.3_3218	iSbBS512_1146.SbBS512_E3674	100	458	0	0	1	458	1	458	0.0	879
NC_000913.3_3218	iSF_1195.SF3321	100	458	0	0	1	458	1	458	0.0	879
NC_000913.3_3218	iSSON_1240.SSON_3430	100	458	0	0	1	458	1	458	0.0	879
NC_000913.3_3218	iSDY_1059.SDY_3466	99.8	458	1	0	1	458	1	458	0.0	877
NC_000913.3_3218	STM_v1_0.STM3409	99.3	458	3	0	1	458	1	458	0.0	874
NC_000913.3_3218	iYL1228.KPN_03690	96.5	458	16	0	1	458	1	458	1.85e-315	853
NC_000913.3_3219	iML1515.b3291	100	136	0	0	1	136	1	136	1.17e-89	256
NC_000913.3_3221	iSynCJ816.SGL_RS16080	42.9	56	32	0	13	68	19	74	3.25e-07	47.8
NC_000913.3_3265	iML1515.b3336	100	158	0	0	1	158	1	158	1.40e-112	315
NC_000913.3_3268	iSynCJ816.SGL_RS10925	73.9	398	99	1	1	393	1	398	1.32e-217	601
NC_000913.3_3269	iEK1008.Rv0684	59.2	696	275	3	5	699	8	695	2.75e-288	805
NC_000913.3_3269	iSynCJ816.SGL_RS10930	59.2	704	271	7	1	703	1	689	2.40e-284	795
NC_000913.3_3276	iAF987.Gmet_2161	34.8	224	124	8	35	249	381	591	7.93e-24	100
NC_000913.3_3280	iML1515.b3350	100	601	0	0	1	601	1	601	0.0	1121
NC_000913.3_3280	iSSON_1240.SSON_3481	99.8	601	1	0	1	601	1	601	0.0	1121
NC_000913.3_3280	iSbBS512_1146.SbBS512_E3725	99.7	601	2	0	1	601	1	601	0.0	1118
NC_000913.3_3280	STM_v1_0.STM3457	93.5	601	39	0	1	601	1	601	0.0	1055
NC_000913.3_3280	iSF_1195.SF3369	97.0	566	4	1	36	601	1	553	0.0	1029
NC_000913.3_3281	iML1515.b0046	40.6	165	94	2	7	170	2	163	2.84e-34	119
NC_000913.3_3282	iYL1228.KPN_02373	34.7	190	118	3	312	497	4	191	1.29e-23	100
NC_000913.3_3282	iPC815.YPO2060	34.4	192	116	5	312	497	4	191	8.38e-23	97.8
NC_000913.3_3282	iSDY_1059.SDY_1145	33.2	190	121	3	312	497	4	191	3.77e-22	95.9
NC_000913.3_3282	iML1515.b1858	33.2	190	121	3	312	497	4	191	5.11e-22	95.5
NC_000913.3_3282	iSSON_1240.SSON_1283	33.2	190	121	3	312	497	4	191	5.11e-22	95.5
NC_000913.3_3282	iSbBS512_1146.SbBS512_E0954	32.6	190	122	3	312	497	4	191	2.34e-21	93.6
NC_000913.3_3282	iSF_1195.SF1867	32.6	190	122	3	312	497	4	191	5.83e-21	92.4
NC_000913.3_3285	iSynCJ816.SGL_RS11625	27.2	206	121	10	7	210	10	188	1.14e-06	48.9
NC_000913.3_3289	iML1515.b3359	100	406	0	0	1	406	1	406	6.72e-303	817
NC_000913.3_3289	iSSON_1240.SSON_3490	99.5	406	2	0	1	406	1	406	4.53e-301	813
NC_000913.3_3289	iSbBS512_1146.SbBS512_E3735	98.5	406	6	0	1	406	1	406	8.77e-299	807
NC_000913.3_3289	iSF_1195.SF3378	98.8	406	5	0	1	406	1	406	8.77e-299	807
NC_000913.3_3289	iSDY_1059.SDY_3521	98.8	406	5	0	1	406	1	406	2.51e-298	806
NC_000913.3_3289	STM_v1_0.STM3468	91.8	404	33	0	1	404	1	404	2.34e-280	760
NC_000913.3_3290	iML1515.b3360	100	187	0	0	1	187	1	187	7.77e-140	387
NC_000913.3_3290	iSDY_1059.SDY_3522	99.5	187	1	0	1	187	1	187	3.17e-139	385
NC_000913.3_3290	iSSON_1240.SSON_3491	99.5	187	1	0	1	187	1	187	4.50e-139	385
NC_000913.3_3290	iSF_1195.SF3379	99.5	186	1	0	1	186	1	186	2.60e-138	383
NC_000913.3_3290	iSbBS512_1146.SbBS512_E3736	99.5	186	1	0	1	186	1	186	5.26e-138	382
NC_000913.3_3295	iML1515.b3365	100	847	0	0	1	847	1	847	0.0	1707
NC_000913.3_3295	iSbBS512_1146.SbBS512_E3741	99.9	847	1	0	1	847	1	847	0.0	1706
NC_000913.3_3295	iSF_1195.SF3384	99.9	847	1	0	1	847	1	847	0.0	1706
NC_000913.3_3295	iSSON_1240.SSON_3496	99.9	847	1	0	1	847	1	847	0.0	1706
NC_000913.3_3295	iSDY_1059.SDY_3527	99.6	847	3	0	1	847	1	847	0.0	1700
NC_000913.3_3295	STM_v1_0.STM3474	95.4	847	39	0	1	847	1	847	0.0	1647
NC_000913.3_3295	iYL1228.KPN_03752	93.4	847	56	0	1	847	1	847	0.0	1623
NC_000913.3_3296	iML1515.b3366	100	108	0	0	1	108	1	108	3.33e-78	224
NC_000913.3_3296	iSbBS512_1146.SbBS512_E3742	100	108	0	0	1	108	1	108	3.33e-78	224
NC_000913.3_3296	iSDY_1059.SDY_3528	100	108	0	0	1	108	1	108	3.33e-78	224
NC_000913.3_3296	iSSON_1240.SSON_3497	100	108	0	0	1	108	1	108	3.33e-78	224
NC_000913.3_3296	iSF_1195.SF3385	99.1	108	1	0	1	108	1	108	1.36e-77	223
NC_000913.3_3296	STM_v1_0.STM3475	93.5	108	7	0	1	108	1	108	7.28e-73	211
NC_000913.3_3297	iML1515.b3367	100	268	0	0	1	268	1	268	9.98e-199	542
NC_000913.3_3297	iSbBS512_1146.SbBS512_E3743	99.6	268	1	0	1	268	1	268	2.86e-198	541
NC_000913.3_3297	iSSON_1240.SSON_3498	99.6	268	1	0	1	268	1	268	5.77e-198	540
NC_000913.3_3297	iSDY_1059.SDY_3529	99.3	268	2	0	1	268	1	268	3.34e-197	538
NC_000913.3_3297	STM_v1_0.STM3476	92.9	267	19	0	1	267	1	267	2.70e-185	508
NC_000913.3_3298	iML1515.b3368	100	457	0	0	1	457	1	457	0.0	898
NC_000913.3_3298	iSF_1195.SF3387	99.6	457	2	0	1	457	1	457	0.0	894
NC_000913.3_3298	iSSON_1240.SSON_3499	99.6	457	2	0	1	457	1	457	0.0	894
NC_000913.3_3298	iSDY_1059.SDY_3530	99.6	457	2	0	1	457	1	457	0.0	894
NC_000913.3_3298	iSbBS512_1146.SbBS512_E3744	99.3	457	3	0	1	457	1	457	0.0	893
NC_000913.3_3298	STM_v1_0.STM3477	90.4	457	44	0	1	457	1	457	1.13e-304	826
NC_000913.3_3300	iML1515.b3370	100	445	0	0	1	445	1	445	1.24e-319	863
NC_000913.3_3300	iSSON_1240.SSON_3502	100	445	0	0	1	445	1	445	1.24e-319	863
NC_000913.3_3300	iSbBS512_1146.SbBS512_E3748	99.1	445	4	0	1	445	18	462	1.56e-316	856
NC_000913.3_3301	iML1515.b3371	100	340	0	0	1	340	1	340	1.40e-257	697
NC_000913.3_3301	iSF_1195.SF3390	100	340	0	0	1	340	1	340	1.40e-257	697
NC_000913.3_3301	iSSON_1240.SSON_3503	99.7	340	1	0	1	340	8	347	1.50e-256	695
NC_000913.3_3302	iML1515.b4474	100	276	0	0	1	276	1	276	2.38e-210	572
NC_000913.3_3302	iSbBS512_1146.SbBS512_E3750	99.6	276	1	0	1	276	1	276	1.13e-208	568
NC_000913.3_3302	iSF_1195.SF3391	98.9	276	3	0	1	276	1	276	9.29e-208	566
NC_000913.3_3303	iML1515.b3374	100	261	0	0	1	261	1	261	1.22e-200	546
NC_000913.3_3303	iSbBS512_1146.SbBS512_E3751	99.6	261	1	0	1	261	1	261	3.49e-200	545
NC_000913.3_3303	iSF_1195.SF3392	99.2	261	2	0	1	261	1	261	2.02e-199	543
NC_000913.3_3303	iSSON_1240.SSON_3505	98.9	261	3	0	1	261	1	261	1.94e-197	538
NC_000913.3_3305	iJN1463.PP_1308	27.9	201	128	8	29	217	40	235	2.57e-04	42.4
NC_000913.3_3309	iSbBS512_1146.SbBS512_E3757	97.5	408	10	0	1	408	1	408	6.92e-297	802
NC_000913.3_3309	iSF_1195.SF3398	97.5	408	10	0	1	408	1	408	5.69e-296	800
NC_000913.3_3309	iSDY_1059.SDY_3701	97.3	408	11	0	1	408	1	408	1.34e-294	796
NC_000913.3_3313	iSDY_1059.SDY_3695	99.7	334	1	0	1	334	1	334	3.94e-245	665
NC_000913.3_3313	iSSON_1240.SSON_3515	99.7	334	1	0	1	334	1	334	5.60e-245	665
NC_000913.3_3313	iSbBS512_1146.SbBS512_E3761	99.4	334	2	0	1	334	1	334	3.24e-244	663
NC_000913.3_3313	iSF_1195.SF3402	99.4	334	2	0	1	334	1	334	6.53e-244	662
NC_000913.3_3313	STM_v1_0.STM3481	96.7	334	11	0	1	334	1	334	4.05e-238	647
NC_000913.3_3313	iYL1228.KPN_03755	94.3	334	19	0	1	334	1	334	4.34e-233	635
NC_000913.3_3314	iML1515.b3385	100	252	0	0	1	252	1	252	8.82e-185	506
NC_000913.3_3314	iSSON_1240.SSON_3516	99.6	252	1	0	1	252	1	252	1.25e-184	505
NC_000913.3_3314	iSF_1195.SF3403	99.6	252	1	0	1	252	1	252	1.03e-183	503
NC_000913.3_3314	iSbBS512_1146.SbBS512_E3762	98.8	252	3	0	1	252	1	252	4.90e-182	499
NC_000913.3_3314	iSDY_1059.SDY_3694	98.4	252	4	0	1	252	1	252	1.99e-181	497
NC_000913.3_3314	STM_v1_0.STM3482	90.5	252	24	0	1	252	1	252	1.48e-167	462
NC_000913.3_3315	iML1515.b3386	100	225	0	0	1	225	1	225	2.73e-161	444
NC_000913.3_3315	iSbBS512_1146.SbBS512_E3763	100	225	0	0	1	225	1	225	2.73e-161	444
NC_000913.3_3315	iSF_1195.SF3404	100	225	0	0	1	225	1	225	2.73e-161	444
NC_000913.3_3315	iSSON_1240.SSON_3517	100	225	0	0	1	225	1	225	2.73e-161	444
NC_000913.3_3315	iSDY_1059.SDY_3693	99.6	225	1	0	1	225	1	225	4.53e-160	441
NC_000913.3_3315	STM_v1_0.STM3483	97.3	224	6	0	1	224	1	224	1.45e-156	432
NC_000913.3_3315	iYL1228.KPN_03757	94.6	224	12	0	1	224	1	224	6.63e-153	423
NC_000913.3_3318	iML1515.b3389	100	362	0	0	1	362	1	362	4.20e-261	708
NC_000913.3_3318	iSSON_1240.SSON_3520	99.7	362	1	0	1	362	1	362	1.71e-260	706
NC_000913.3_3318	iSDY_1059.SDY_3690	99.7	362	1	0	1	362	1	362	2.43e-260	706
NC_000913.3_3318	iSbBS512_1146.SbBS512_E3766	99.2	362	3	0	1	362	1	362	2.84e-259	703
NC_000913.3_3318	iSF_1195.SF3407	99.2	362	3	0	1	362	1	362	8.13e-259	702
NC_000913.3_3318	STM_v1_0.STM3486	92.5	362	27	0	1	362	1	362	8.17e-243	662
NC_000913.3_3318	iYL1228.KPN_03760	88.7	362	41	0	1	362	1	362	3.00e-234	640
NC_000913.3_3319	iML1515.b3390	100	173	0	0	1	173	1	173	5.99e-119	333
NC_000913.3_3319	iSbBS512_1146.SbBS512_E3767	100	173	0	0	1	173	1	173	5.99e-119	333
NC_000913.3_3319	iSDY_1059.SDY_3689	100	173	0	0	1	173	1	173	5.99e-119	333
NC_000913.3_3319	iSF_1195.SF3408	100	173	0	0	1	173	68	240	6.24e-118	333
NC_000913.3_3319	iSSON_1240.SSON_3521	100	173	0	0	1	173	1	173	5.99e-119	333
NC_000913.3_3319	STM_v1_0.STM3487	97.1	173	5	0	1	173	1	173	2.74e-115	323
NC_000913.3_3319	iYL1228.KPN_03761	96.5	173	6	0	1	173	1	173	3.89e-115	323
NC_000913.3_3325	iML1515.b3396	100	850	0	0	1	850	1	850	0.0	1691
NC_000913.3_3325	iSbBS512_1146.SbBS512_E3773	99.8	850	2	0	1	850	1	850	0.0	1687
NC_000913.3_3325	iSDY_1059.SDY_3682	99.6	849	3	0	2	850	10	858	0.0	1685
NC_000913.3_3325	iSF_1195.SF3414	99.5	850	4	0	1	850	1	850	0.0	1685
NC_000913.3_3325	iSSON_1240.SSON_3527	99.5	849	4	0	2	850	10	858	0.0	1684
NC_000913.3_3325	STM_v1_0.STM3493	92.7	849	62	0	2	850	10	858	0.0	1588
NC_000913.3_3326	iML1515.b3397	100	186	0	0	1	186	1	186	2.14e-132	368
NC_000913.3_3326	iSbBS512_1146.SbBS512_E3774	100	186	0	0	1	186	1	186	2.14e-132	368
NC_000913.3_3326	iSDY_1059.SDY_3681	99.5	186	1	0	1	186	1	186	6.13e-132	367
NC_000913.3_3326	iSF_1195.SF3415	99.5	186	1	0	1	186	1	186	6.13e-132	367
NC_000913.3_3326	iSSON_1240.SSON_3528	99.5	186	1	0	1	186	1	186	1.24e-131	366
NC_000913.3_3328	iML1515.b3399	100	222	0	0	1	222	1	222	1.48e-168	462
NC_000913.3_3332	iML1515.b3403	100	540	0	0	1	540	1	540	0.0	1105
NC_000913.3_3332	iSbBS512_1146.SbBS512_E3782	100	540	0	0	1	540	1	540	0.0	1105
NC_000913.3_3332	iSSON_1240.SSON_3534	100	540	0	0	1	540	1	540	0.0	1105
NC_000913.3_3332	iSDY_1059.SDY_3673	99.6	540	2	0	1	540	1	540	0.0	1101
NC_000913.3_3332	iSF_1195.SF3422	99.6	540	2	0	1	540	1	540	0.0	1101
NC_000913.3_3332	STM_v1_0.STM3500	93.5	540	33	2	1	540	1	538	0.0	1036
NC_000913.3_3332	iYL1228.KPN_03773	92.0	539	43	0	1	539	1	539	0.0	1026
NC_000913.3_3333	iAF987.Gmet_0043	35.8	81	51	1	358	437	186	266	1.66e-06	50.1
NC_000913.3_3334	iAF987.Gmet_1706	39.8	118	67	2	6	121	2	117	1.88e-19	85.1
NC_000913.3_3336	iHN637.CLJU_RS10465	41.8	79	43	2	643	720	470	546	1.94e-10	63.9
NC_000913.3_3337	iHN637.CLJU_RS06855	39.2	51	31	0	23	73	28	78	5.62e-07	42.4
NC_000913.3_3337	iCN900.CD630_14780	37.3	51	32	0	21	71	23	73	1.01e-06	41.6
NC_000913.3_3337	iHN637.CLJU_RS10630	42.6	47	27	0	24	70	25	71	2.11e-06	40.8
NC_000913.3_3337	iCN900.CD630_32730	46.3	41	22	0	24	64	25	65	2.81e-06	40.4
NC_000913.3_3338	iML1515.b3409	100	773	0	0	1	773	1	773	0.0	1484
NC_000913.3_3338	iSbBS512_1146.SbBS512_E3790	99.9	773	1	0	1	773	1	773	0.0	1483
NC_000913.3_3338	iSDY_1059.SDY_3667	99.6	773	3	0	1	773	1	773	0.0	1481
NC_000913.3_3338	iSSON_1240.SSON_3540	99.6	773	3	0	1	773	1	773	0.0	1480
NC_000913.3_3338	iSF_1195.SF3428	99.2	773	6	0	1	773	1	773	0.0	1476
NC_000913.3_3338	STM_v1_0.STM3506	92.5	773	57	1	1	773	1	772	0.0	1395
NC_000913.3_3338	iYL1228.KPN_03779	88.1	773	91	1	1	773	1	772	0.0	1338
NC_000913.3_3341	iML1515.b3412	100	256	0	0	1	256	1	256	5.77e-192	524
NC_000913.3_3341	iSF_1195.SF3435	99.6	256	1	0	1	256	1	256	2.93e-191	523
NC_000913.3_3341	iSbBS512_1146.SbBS512_E3793	97.7	256	6	0	1	256	1	256	1.07e-187	513
NC_000913.3_3341	iSSON_1240.SSON_3545	97.7	256	6	0	1	256	1	256	1.07e-187	513
NC_000913.3_3341	iSDY_1059.SDY_3663	97.7	256	6	0	1	256	1	256	1.25e-186	511
NC_000913.3_3342	iAF692.Mbar_A0363	47.5	40	21	0	183	222	197	236	1.49e-04	41.6
NC_000913.3_3343	iLB1027_lipid.PHATRDRAFT_16693	30.3	76	52	1	103	177	120	195	2.85e-08	51.2
NC_000913.3_3344	iML1515.b3415	100	438	0	0	1	438	1	438	1.58e-299	811
NC_000913.3_3344	iSbBS512_1146.SbBS512_E3796	100	438	0	0	1	438	1	438	1.58e-299	811
NC_000913.3_3344	iSF_1195.SF3438	99.8	438	1	0	1	438	1	438	4.54e-299	810
NC_000913.3_3344	iSDY_1059.SDY_3661	99.8	438	1	0	1	438	1	438	1.30e-298	809
NC_000913.3_3344	iSSON_1240.SSON_3547	99.5	438	2	0	1	438	1	438	7.52e-298	807
NC_000913.3_3344	STM_v1_0.STM3512	97.5	438	11	0	1	438	1	438	2.40e-294	798
NC_000913.3_3344	iYL1228.KPN_03785	91.8	438	36	0	1	438	1	438	1.31e-275	751
NC_000913.3_3345	iML1515.b3416	100	694	0	0	1	694	1	694	0.0	1435
NC_000913.3_3345	iSF_1195.SF3439	99.6	694	3	0	1	694	1	694	0.0	1427
NC_000913.3_3345	iSSON_1240.SSON_3548	99.4	694	4	0	1	694	1	694	0.0	1425
NC_000913.3_3345	iSDY_1059.SDY_3660	99.1	694	6	0	1	694	1	694	0.0	1425
NC_000913.3_3345	iSbBS512_1146.SbBS512_E3797	99.4	693	4	0	1	693	1	693	0.0	1424
NC_000913.3_3346	iML1515.b3417	100	797	0	0	1	797	1	797	0.0	1622
NC_000913.3_3346	iSSON_1240.SSON_3549	100	797	0	0	1	797	1	797	0.0	1622
NC_000913.3_3346	iSbBS512_1146.SbBS512_E3798	99.6	797	3	0	1	797	1	797	0.0	1618
NC_000913.3_3346	iSDY_1059.SDY_3659	99.6	797	3	0	1	797	1	797	0.0	1617
NC_000913.3_3346	iSF_1195.SF3440	99.4	797	5	0	1	797	1	797	0.0	1609
NC_000913.3_3346	STM_v1_0.STM3514	91.1	797	71	0	1	797	1	797	0.0	1494
NC_000913.3_3353	iML1515.b3425	100	108	0	0	1	108	1	108	5.74e-79	226
NC_000913.3_3353	iSF_1195.SF3447	100	108	0	0	1	108	1	108	5.74e-79	226
NC_000913.3_3353	iSSON_1240.SSON_3662	100	108	0	0	1	108	1	108	5.74e-79	226
NC_000913.3_3353	iSDY_1059.SDY_3650	99.1	108	1	0	1	108	1	108	2.34e-78	225
NC_000913.3_3353	iSbBS512_1146.SbBS512_E3807	99.1	108	1	0	1	108	1	108	6.72e-78	224
NC_000913.3_3354	iML1515.b3426	100	501	0	0	1	501	1	501	0.0	1018
NC_000913.3_3354	iSF_1195.SF3448	98.8	501	6	0	1	501	6	506	0.0	1008
NC_000913.3_3354	iSDY_1059.SDY_3649	98.8	501	6	0	1	501	1	501	0.0	1007
NC_000913.3_3354	iSSON_1240.SSON_3663	98.8	501	6	0	1	501	1	501	0.0	1007
NC_000913.3_3354	iSbBS512_1146.SbBS512_E3808	98.6	501	7	0	1	501	1	501	0.0	1007
NC_000913.3_3354	STM_v1_0.STM3526	90.4	502	47	1	1	501	1	502	0.0	934
NC_000913.3_3354	iYL1228.KPN_03792	89.2	502	53	1	1	501	1	502	0.0	922
NC_000913.3_3356	iML1515.b3428	100	815	0	0	1	815	1	815	0.0	1642
NC_000913.3_3356	iSDY_1059.SDY_3574	100	815	0	0	1	815	1	815	0.0	1642
NC_000913.3_3356	STM_v1_0.STM3534	93.0	815	57	0	1	815	1	815	0.0	1540
NC_000913.3_3356	iYL1228.KPN_03794	90.7	815	76	0	1	815	1	815	0.0	1502
NC_000913.3_3357	iML1515.b3429	100	477	0	0	1	477	1	477	0.0	966
NC_000913.3_3357	iSSON_1240.SSON_3669	99.8	477	1	0	1	477	1	477	0.0	964
NC_000913.3_3357	iSDY_1059.SDY_3575	99.8	477	1	0	1	477	1	477	0.0	964
NC_000913.3_3357	iSF_1195.SF3452	99.6	477	2	0	1	477	1	477	0.0	962
NC_000913.3_3357	iSbBS512_1146.SbBS512_E3895	99.6	477	2	0	1	477	1	477	0.0	961
NC_000913.3_3357	STM_v1_0.STM3535	94.3	477	27	0	1	477	1	477	0.0	920
NC_000913.3_3357	iYL1228.KPN_03795	91.2	476	42	0	1	476	1	476	0.0	887
NC_000913.3_3358	iML1515.b3430	100	431	0	0	1	431	1	431	0.0	873
NC_000913.3_3358	iSDY_1059.SDY_3576	100	431	0	0	1	431	1	431	0.0	873
NC_000913.3_3358	iSF_1195.SF3453	100	431	0	0	1	431	1	431	0.0	873
NC_000913.3_3358	iSSON_1240.SSON_3670	100	431	0	0	1	431	1	431	0.0	873
NC_000913.3_3358	iSbBS512_1146.SbBS512_E3894	99.8	431	1	0	1	431	1	431	0.0	872
NC_000913.3_3358	iYL1228.KPN_03796	94.0	431	26	0	1	431	1	431	1.49e-305	826
NC_000913.3_3358	STM_v1_0.STM3536	92.3	431	33	0	1	431	1	431	1.12e-300	814
NC_000913.3_3359	iML1515.b3431	100	657	0	0	1	657	1	657	0.0	1398
NC_000913.3_3359	iSbBS512_1146.SbBS512_E3893	99.8	657	1	0	1	657	1	657	0.0	1397
NC_000913.3_3359	iSDY_1059.SDY_3577	99.4	657	4	0	1	657	1	657	0.0	1390
NC_000913.3_3359	iSF_1195.SF3454	99.2	657	5	0	1	657	1	657	0.0	1389
NC_000913.3_3359	iSSON_1240.SSON_3671	99.2	657	5	0	1	657	1	657	0.0	1387
NC_000913.3_3360	iML1515.b3432	100	728	0	0	1	728	1	728	0.0	1553
NC_000913.3_3360	iSSON_1240.SSON_3672	100	728	0	0	1	728	1	728	0.0	1553
NC_000913.3_3360	iSbBS512_1146.SbBS512_E3892	99.9	728	1	0	1	728	1	728	0.0	1550
NC_000913.3_3360	iSF_1195.SF3455	99.6	728	3	0	1	728	1	728	0.0	1550
NC_000913.3_3360	iSDY_1059.SDY_3578	99.6	728	3	0	1	728	1	728	0.0	1548
NC_000913.3_3360	STM_v1_0.STM3538	93.3	728	49	0	1	728	1	728	0.0	1474
NC_000913.3_3360	iYL1228.KPN_03798	90.5	728	69	0	1	728	1	728	0.0	1433
NC_000913.3_3361	iML1515.b3433	100	367	0	0	1	367	1	367	3.26e-272	736
NC_000913.3_3361	iSF_1195.SF3456	100	367	0	0	1	367	1	367	3.26e-272	736
NC_000913.3_3361	iSSON_1240.SSON_3673	100	367	0	0	1	367	1	367	3.26e-272	736
NC_000913.3_3361	iSbBS512_1146.SbBS512_E3891	99.7	367	1	0	1	367	1	367	1.88e-271	734
NC_000913.3_3361	iSDY_1059.SDY_3579	99.7	367	1	0	1	367	1	367	3.80e-271	734
NC_000913.3_3361	STM_v1_0.STM3539	95.9	368	14	1	1	367	1	368	1.11e-261	710
NC_000913.3_3361	iYL1228.KPN_03799	94.6	368	19	1	1	367	1	368	6.90e-256	695
NC_000913.3_3363	iML1515.b4476	100	446	0	0	1	446	1	446	2.71e-311	842
NC_000913.3_3363	iSDY_1059.SDY_3587	100	446	0	0	1	446	1	446	2.71e-311	842
NC_000913.3_3363	iSbBS512_1146.SbBS512_E3889	99.8	446	1	0	1	446	1	446	1.56e-310	840
NC_000913.3_3363	iSSON_1240.SSON_3678	99.1	446	4	0	1	446	1	446	3.02e-308	834
NC_000913.3_3363	STM_v1_0.STM3541	97.5	446	11	0	1	446	1	446	2.04e-306	830
NC_000913.3_3363	iSF_1195.SF3458	99.5	425	2	0	22	446	1	425	1.90e-299	811
NC_000913.3_3363	iYL1228.KPN_03800	96.0	421	17	0	26	446	1	421	1.07e-288	784
NC_000913.3_3364	iML1515.b3437	100	175	0	0	1	175	1	175	1.16e-126	352
NC_000913.3_3364	iSbBS512_1146.SbBS512_E3888	99.4	175	1	0	1	175	1	175	1.93e-125	349
NC_000913.3_3364	STM_v1_0.STM3542	96.6	174	6	0	1	174	1	174	9.48e-122	340
NC_000913.3_3364	iYL1228.KPN_03801	93.7	174	11	0	1	174	16	189	1.74e-118	332
NC_000913.3_3364	iSDY_1059.SDY_3588	100	162	0	0	14	175	1	162	1.42e-115	324
NC_000913.3_3364	iSSON_1240.SSON_3679	100	162	0	0	14	175	1	162	1.42e-115	324
NC_000913.3_3364	iSF_1195.SF3459	98.8	162	2	0	14	175	1	162	1.66e-114	321
NC_000913.3_3365	iYL1228.KPN_04156	21.8	271	192	10	57	314	19	282	1.69e-08	54.7
NC_000913.3_3365	STM_v1_0.STM3884	21.9	274	194	10	57	317	19	285	3.03e-08	53.9
NC_000913.3_3365	iML1515.b3751	21.5	274	195	10	57	317	19	285	5.44e-08	53.1
NC_000913.3_3367	iAF692.Mbar_A1138	27.4	208	138	4	65	266	63	263	2.49e-10	60.5
NC_000913.3_3367	iAT_PLT_636.644	32.6	132	80	3	57	188	59	181	5.46e-10	59.3
NC_000913.3_3367	STM_v1_0.STM4425	28.9	128	86	3	55	181	56	179	2.17e-09	57.8
NC_000913.3_3367	STM_v1_0.STM4433	29.5	149	92	5	3	144	4	146	2.23e-08	54.7
NC_000913.3_3368	iNF517.LLMG_RS04495	26.4	163	109	3	6	162	12	169	7.34e-13	62.8
NC_000913.3_3371	STM_v1_0.STM0861	40.3	67	40	0	1	67	1	67	6.08e-14	63.9
NC_000913.3_3375	iML1515.b3447	100	580	0	0	1	580	1	580	0.0	1142
NC_000913.3_3375	iSF_1195.SF3464	99.7	580	2	0	1	580	1	580	0.0	1139
NC_000913.3_3375	iSDY_1059.SDY_3595	97.9	581	11	1	1	580	1	581	0.0	1117
NC_000913.3_3375	STM_v1_0.STM3551	91.2	580	50	1	2	580	1	580	0.0	1047
NC_000913.3_3377	iML1515.b3449	100	247	0	0	1	247	1	247	3.09e-187	511
NC_000913.3_3377	iSSON_1240.SSON_3687	98.4	247	4	0	1	247	1	247	1.21e-184	505
NC_000913.3_3377	iSF_1195.SF3466	98.0	247	5	0	1	247	1	247	6.99e-184	503
NC_000913.3_3377	iSbBS512_1146.SbBS512_E3875	98.0	247	5	0	1	247	1	247	1.41e-183	502
NC_000913.3_3378	iML1515.b3450	100	356	0	0	1	356	1	356	1.03e-258	701
NC_000913.3_3378	iSbBS512_1146.SbBS512_E3873	99.2	356	3	0	1	356	1	356	1.40e-256	696
NC_000913.3_3379	iML1515.b3451	100	281	0	0	1	281	1	281	1.58e-197	540
NC_000913.3_3379	iSbBS512_1146.SbBS512_E3872	99.3	281	2	0	1	281	1	281	2.62e-196	537
NC_000913.3_3379	STM_v1_0.STM3555	91.1	281	25	0	1	281	1	281	5.93e-177	488
NC_000913.3_3380	iML1515.b3452	100	295	0	0	1	295	1	295	3.48e-208	568
NC_000913.3_3380	iSbBS512_1146.SbBS512_E3871	99.7	295	1	0	1	295	1	295	2.01e-207	566
NC_000913.3_3380	STM_v1_0.STM3556	93.6	295	19	0	1	295	1	295	4.86e-199	545
NC_000913.3_3380	iYL1228.KPN_03812	93.2	295	20	0	1	295	1	295	1.62e-197	541
NC_000913.3_3381	iML1515.b3453	100	438	0	0	1	438	1	438	0.0	894
NC_000913.3_3381	iSbBS512_1146.SbBS512_E3870	99.5	438	2	0	1	438	1	438	0.0	890
NC_000913.3_3381	STM_v1_0.STM3557	91.3	438	38	0	1	438	1	438	3.64e-305	826
NC_000913.3_3381	iYL1228.KPN_03813	90.2	438	43	0	1	438	1	438	1.93e-300	814
NC_000913.3_3382	iML1515.b3454	100	237	0	0	1	237	1	237	6.67e-168	462
NC_000913.3_3382	iSSON_1240.SSON_3692	99.6	237	1	0	1	237	5	241	1.10e-167	461
NC_000913.3_3382	iSbBS512_1146.SbBS512_E3868	99.2	237	2	0	1	237	5	241	6.33e-167	459
NC_000913.3_3382	iSDY_1059.SDY_3603	99.2	237	2	0	1	237	5	241	1.28e-166	459
NC_000913.3_3382	iSF_1195.SF3472	99.2	237	2	0	1	237	1	237	1.11e-166	459
NC_000913.3_3382	STM_v1_0.STM3560	96.2	237	9	0	1	237	1	237	2.05e-162	448
NC_000913.3_3382	iYL1228.KPN_03816	94.9	237	12	0	1	237	1	237	4.63e-159	439
NC_000913.3_3383	iML1515.b3455	100	255	0	0	1	255	1	255	1.58e-184	505
NC_000913.3_3383	iSbBS512_1146.SbBS512_E3867	100	255	0	0	1	255	1	255	1.58e-184	505
NC_000913.3_3383	iSF_1195.SF3473	100	255	0	0	1	255	1	255	1.58e-184	505
NC_000913.3_3383	iSDY_1059.SDY_3604	99.6	255	1	0	1	255	1	255	4.53e-184	504
NC_000913.3_3383	iSSON_1240.SSON_3693	99.6	255	1	0	1	255	1	255	9.14e-184	503
NC_000913.3_3383	iYL1228.KPN_03817	97.3	255	7	0	1	255	1	255	6.91e-179	491
NC_000913.3_3383	STM_v1_0.STM3561	96.1	255	10	0	1	255	1	255	3.28e-177	487
NC_000913.3_3384	iML1515.b3456	100	425	0	0	1	425	1	425	2.50e-294	797
NC_000913.3_3384	iSbBS512_1146.SbBS512_E3866	99.5	425	2	0	1	425	1	425	1.45e-293	795
NC_000913.3_3384	iSDY_1059.SDY_3605	99.1	425	4	0	1	425	1	425	5.88e-293	794
NC_000913.3_3384	iSF_1195.SF3474	99.1	425	4	0	1	425	1	425	5.88e-293	794
NC_000913.3_3384	iSSON_1240.SSON_3694	99.3	425	3	0	1	425	1	425	1.19e-292	793
NC_000913.3_3384	STM_v1_0.STM3562	94.8	425	22	0	1	425	1	425	9.52e-283	768
NC_000913.3_3384	iYL1228.KPN_03818	94.6	425	23	0	1	425	1	425	2.24e-281	764
NC_000913.3_3385	iML1515.b3457	100	308	0	0	1	308	1	308	5.74e-209	572
NC_000913.3_3385	iSbBS512_1146.SbBS512_E3865	100	308	0	0	1	308	1	308	5.74e-209	572
NC_000913.3_3385	iSSON_1240.SSON_3695	100	308	0	0	1	308	1	308	5.74e-209	572
NC_000913.3_3385	iSF_1195.SF3475	99.7	308	1	0	1	308	1	308	1.35e-207	568
NC_000913.3_3385	STM_v1_0.STM3563	98.1	308	6	0	1	308	1	308	4.51e-206	564
NC_000913.3_3385	iYL1228.KPN_03819	96.8	308	10	0	1	308	1	308	8.71e-204	558
NC_000913.3_3386	iML1515.b3458	100	369	0	0	1	369	1	369	4.45e-271	734
NC_000913.3_3386	iSbBS512_1146.SbBS512_E3864	100	369	0	0	1	369	1	369	4.45e-271	734
NC_000913.3_3386	iSSON_1240.SSON_3696	100	369	0	0	1	369	1	369	4.45e-271	734
NC_000913.3_3386	iSF_1195.SF3476	99.7	369	1	0	1	369	1	369	1.81e-270	732
NC_000913.3_3386	iSDY_1059.SDY_3607	99.5	369	2	0	1	369	1	369	3.00e-269	729
NC_000913.3_3386	STM_v1_0.STM3564	91.6	369	31	0	1	369	1	369	9.68e-250	680
NC_000913.3_3386	iYL1228.KPN_03820	90.2	369	36	0	1	369	1	369	7.60e-247	672
NC_000913.3_3388	iML1515.b3460	100	367	0	0	1	367	1	367	2.57e-269	729
NC_000913.3_3388	iSSON_1240.SSON_3698	100	367	0	0	1	367	20	386	5.25e-269	729
NC_000913.3_3388	iSbBS512_1146.SbBS512_E3862	99.7	367	1	0	1	367	1	367	7.36e-269	728
NC_000913.3_3388	iSF_1195.SF3478	99.7	367	1	0	1	367	20	386	2.14e-268	728
NC_000913.3_3388	iSDY_1059.SDY_3611	99.7	367	1	0	1	367	20	386	4.31e-268	727
NC_000913.3_3388	iYL1228.KPN_03822	95.6	367	16	0	1	367	1	367	5.95e-259	703
NC_000913.3_3388	STM_v1_0.STM3567	94.0	365	22	0	3	367	1	365	5.91e-254	690
NC_000913.3_3391	iPC815.YPO1073	42.9	219	121	2	1	215	1	219	4.22e-54	176
NC_000913.3_3391	iYL1228.KPN_00213	42.5	219	122	2	1	215	1	219	4.69e-53	173
NC_000913.3_3391	STM_v1_0.STM0247	42.5	219	122	2	1	215	1	219	4.69e-53	173
NC_000913.3_3391	iSDY_1059.SDY_0218	42.5	219	122	2	1	215	1	219	1.31e-52	172
NC_000913.3_3391	iSbBS512_1146.SbBS512_E0193	42.5	219	122	2	1	215	1	219	1.85e-52	172
NC_000913.3_3391	iSSON_1240.SSON_0213	42.5	219	122	2	1	215	1	219	1.85e-52	172
NC_000913.3_3391	iML1515.b0199	42.0	219	123	2	1	215	1	219	2.61e-52	171
NC_000913.3_3391	iSF_1195.SF0190	42.5	219	122	2	1	215	1	219	5.19e-52	171
NC_000913.3_3391	iJN1463.PP_0114	43.6	220	119	4	1	215	1	220	8.45e-52	170
NC_000913.3_3391	iYS854.USA300HOU_RS02325	41.5	217	123	2	1	213	1	217	9.38e-49	162
NC_000913.3_3391	iYO844.BSU32750	40.6	217	125	2	1	213	1	217	1.86e-48	161
NC_000913.3_3391	iJN1463.PP_0220	41.6	214	123	2	2	213	33	246	7.08e-48	160
NC_000913.3_3393	iCN718.ABAYE_RS13845	42.5	179	101	1	11	189	4	180	2.18e-39	132
NC_000913.3_3397	iML1515.b3469	100	732	0	0	1	732	1	732	0.0	1359
NC_000913.3_3397	iSSON_1240.SSON_3707	99.0	732	7	0	1	732	1	732	0.0	1349
NC_000913.3_3397	iSF_1195.SF3487	98.9	732	8	0	1	732	1	732	0.0	1348
NC_000913.3_3397	iSbBS512_1146.SbBS512_E3853	98.6	732	10	0	1	732	1	732	0.0	1342
NC_000913.3_3397	iSDY_1059.SDY_3620	97.7	732	17	0	1	732	1	732	0.0	1326
NC_000913.3_3401	iJN1463.PP_4492	52.7	351	166	0	29	379	14	364	6.70e-111	331
NC_000913.3_3402	iML1515.b1601	46.2	338	182	0	1	338	1	338	5.24e-92	278
NC_000913.3_3403	iML1515.b3475	100	195	0	0	1	195	1	195	1.62e-145	402
NC_000913.3_3403	iSSON_1240.SSON_3713	99.5	195	1	0	1	195	1	195	1.33e-144	399
NC_000913.3_3403	iSDY_1059.SDY_3630	99.0	195	2	0	1	195	1	195	7.70e-144	397
NC_000913.3_3403	iSF_1195.SF3493	98.5	195	3	0	1	195	1	195	2.21e-143	396
NC_000913.3_3403	iSbBS512_1146.SbBS512_E3847	99.4	178	1	0	1	178	1	178	1.63e-130	363
NC_000913.3_3404	iML1515.b3476	100	524	0	0	1	524	1	524	0.0	1051
NC_000913.3_3404	iSF_1195.SF3494	99.4	524	3	0	1	524	1	524	0.0	1046
NC_000913.3_3404	iSSON_1240.SSON_3714	99.4	524	3	0	1	524	1	524	0.0	1045
NC_000913.3_3404	iSbBS512_1146.SbBS512_E3845	99.2	524	4	0	1	524	1	524	0.0	1044
NC_000913.3_3404	iSDY_1059.SDY_3631	98.5	524	8	0	1	524	1	524	0.0	1035
NC_000913.3_3405	iML1515.b3477	100	314	0	0	1	314	1	314	5.23e-224	610
NC_000913.3_3405	iSbBS512_1146.SbBS512_E3844	100	314	0	0	1	314	1	314	5.23e-224	610
NC_000913.3_3405	iSSON_1240.SSON_3715	100	314	0	0	1	314	1	314	5.23e-224	610
NC_000913.3_3405	iSF_1195.SF3495	99.7	314	1	0	1	314	1	314	4.30e-223	608
NC_000913.3_3405	iSDY_1059.SDY_3632	99.4	314	2	0	1	314	1	314	6.10e-223	607
NC_000913.3_3406	iML1515.b3478	100	277	0	0	1	277	1	277	6.71e-197	538
NC_000913.3_3406	iSSON_1240.SSON_3716	100	277	0	0	1	277	1	277	6.71e-197	538
NC_000913.3_3406	iSbBS512_1146.SbBS512_E3843	99.6	277	1	0	1	277	1	277	1.92e-196	537
NC_000913.3_3406	iSDY_1059.SDY_3633	99.3	277	2	0	1	277	1	277	7.83e-196	536
NC_000913.3_3406	iSF_1195.SF3496	98.9	277	3	0	1	277	1	277	5.28e-194	531
NC_000913.3_3407	iML1515.b3479	100	254	0	0	1	254	1	254	2.05e-175	482
NC_000913.3_3407	iSDY_1059.SDY_3634	98.8	254	3	0	1	254	1	254	3.97e-173	476
NC_000913.3_3407	iSF_1195.SF3497	98.8	254	3	0	1	254	1	254	3.26e-172	474
NC_000913.3_3407	iSbBS512_1146.SbBS512_E3842	98.4	254	4	0	1	254	1	254	9.34e-172	473
NC_000913.3_3407	iSSON_1240.SSON_3717	98.4	254	4	0	1	254	1	254	1.33e-171	473
NC_000913.3_3408	iML1515.b3480	100	268	0	0	1	268	1	268	1.10e-186	512
NC_000913.3_3408	iSSON_1240.SSON_3718	99.3	268	2	0	1	268	1	268	4.50e-186	510
NC_000913.3_3408	iSDY_1059.SDY_3635	97.0	268	8	0	1	268	1	268	2.05e-182	501
NC_000913.3_3408	iSbBS512_1146.SbBS512_E3841	97.0	268	8	0	1	268	1	268	1.18e-181	499
NC_000913.3_3408	iSF_1195.SF3498	95.9	268	11	0	1	268	1	268	3.25e-179	493
NC_000913.3_3415	iCN900.CD630_16140	35.3	224	137	3	289	508	37	256	2.37e-37	140
NC_000913.3_3415	iPC815.YPO1332	35.9	237	147	3	264	496	4	239	2.01e-35	138
NC_000913.3_3415	iYO844.BSU02750	32.3	223	148	3	291	511	20	241	2.02e-35	134
NC_000913.3_3415	STM_v1_0.STM0878	37.4	222	135	3	277	496	20	239	4.11e-34	134
NC_000913.3_3415	iYL1228.KPN_00886	36.9	222	136	3	277	496	36	255	4.56e-33	132
NC_000913.3_3415	iSDY_1059.SDY_0740	36.5	222	137	3	277	496	20	239	1.52e-32	130
NC_000913.3_3415	iML1515.b0855	36.5	222	137	3	277	496	20	239	2.06e-32	129
NC_000913.3_3415	iJN1463.PP_5179	36.1	230	141	4	269	496	17	242	2.18e-32	129
NC_000913.3_3415	iSbBS512_1146.SbBS512_E2476	36.5	222	137	3	277	496	20	239	2.06e-32	129
NC_000913.3_3415	iSF_1195.SF0809	36.5	222	137	3	277	496	47	266	3.34e-32	129
NC_000913.3_3415	iSSON_1240.SSON_0840	36.5	222	137	3	277	496	47	266	3.34e-32	129
NC_000913.3_3415	iYO844.BSU33730	33.0	212	139	3	287	495	13	224	3.00e-32	129
NC_000913.3_3415	iCN900.CD630_09000	32.3	226	148	4	277	497	2	227	3.83e-32	129
NC_000913.3_3417	iML1515.b3488	100	540	0	0	1	540	1	540	0.0	1083
NC_000913.3_3418	iML1515.b3488	31.0	100	59	2	1	100	398	487	4.73e-06	43.9
NC_000913.3_3419	iML1515.b3488	32.5	332	193	6	90	398	60	383	3.85e-49	174
NC_000913.3_3422	iML1515.b3493	100	499	0	0	1	499	1	499	0.0	947
NC_000913.3_3422	iSbBS512_1146.SbBS512_E3829	99.8	499	1	0	1	499	1	499	0.0	945
NC_000913.3_3422	STM_v1_0.STM3589	92.8	497	35	1	1	497	1	496	0.0	886
NC_000913.3_3425	iML1515.b3496	100	489	0	0	1	489	1	489	0.0	947
NC_000913.3_3425	iSSON_1240.SSON_3731	99.6	489	2	0	1	489	1	489	0.0	945
NC_000913.3_3425	iSbBS512_1146.SbBS512_E3826	99.6	489	2	0	1	489	1	489	0.0	943
NC_000913.3_3427	iCHOv1.100774083	31.0	639	412	11	48	678	84	701	5.21e-93	303
NC_000913.3_3429	iML1515.b3500	100	450	0	0	1	450	1	450	0.0	911
NC_000913.3_3429	iSF_1195.SF3531	99.6	450	2	0	1	450	1	450	0.0	907
NC_000913.3_3429	iSSON_1240.SSON_3735	99.6	450	2	0	1	450	1	450	0.0	907
NC_000913.3_3429	iSbBS512_1146.SbBS512_E3822	99.6	450	2	0	1	450	1	450	0.0	907
NC_000913.3_3429	iSDY_1059.SDY_3562	99.3	450	3	0	1	450	1	450	0.0	905
NC_000913.3_3429	STM_v1_0.STM3597	94.7	450	24	0	1	450	1	450	0.0	873
NC_000913.3_3429	iYL1228.KPN_03866	92.7	450	33	0	1	450	3	452	3.20e-317	857
NC_000913.3_3432	iML1515.b3502	100	429	0	0	1	429	1	429	6.74e-301	814
NC_000913.3_3432	iSF_1195.SF3535	100	429	0	0	1	429	1	429	6.74e-301	814
NC_000913.3_3432	iSSON_1240.SSON_3737	100	429	0	0	1	429	8	436	8.78e-301	814
NC_000913.3_3432	iSbBS512_1146.SbBS512_E3819	99.8	429	1	0	1	429	1	429	5.53e-300	812
NC_000913.3_3432	iSDY_1059.SDY_3560	99.1	429	4	0	1	429	8	436	8.40e-299	809
NC_000913.3_3433	iML1515.b3503	100	141	0	0	1	141	1	141	1.03e-99	281
NC_000913.3_3433	iSbBS512_1146.SbBS512_E3818	100	141	0	0	1	141	1	141	1.03e-99	281
NC_000913.3_3433	iSF_1195.SF3536	100	141	0	0	1	141	1	141	1.03e-99	281
NC_000913.3_3433	iSSON_1240.SSON_3738	100	141	0	0	1	141	1	141	1.03e-99	281
NC_000913.3_3433	iSDY_1059.SDY_3559	95.7	141	6	0	1	141	1	141	1.35e-95	271
NC_000913.3_3438	iCN900.CD630_32700	33.9	186	118	4	6	188	34	217	7.42e-24	93.6
NC_000913.3_3444	iML1515.b0463	54.5	382	170	2	1	378	1	382	8.75e-134	388
NC_000913.3_3444	iPC815.YPO3132	56.4	362	156	2	11	370	14	375	1.64e-133	387
NC_000913.3_3444	iSSON_1240.SSON_0450	54.2	382	171	2	1	378	1	382	2.49e-133	387
NC_000913.3_3444	iSDY_1059.SDY_0456	54.2	382	171	2	1	378	1	382	7.09e-133	385
NC_000913.3_3444	iSF_1195.SF0408	54.5	382	170	2	1	378	1	382	7.09e-133	385
NC_000913.3_3444	STM_v1_0.STM3390	51.2	361	176	0	11	371	14	374	1.51e-121	356
NC_000913.3_3444	iYL1228.KPN_03672	51.1	370	177	1	2	371	4	369	1.42e-120	353
NC_000913.3_3444	iSbBS512_1146.SbBS512_E3648	50.4	369	181	1	5	371	6	374	1.98e-119	351
NC_000913.3_3444	iML1515.b3265	50.1	369	182	1	5	371	6	374	7.96e-119	349
NC_000913.3_3445	iYL1228.KPN_03673	71.7	1033	292	0	1	1033	1	1033	0.0	1415
NC_000913.3_3445	iML1515.b0462	71.1	1035	297	1	1	1033	1	1035	0.0	1412
NC_000913.3_3445	STM_v1_0.STM3391	71.8	1034	291	1	1	1033	1	1034	0.0	1405
NC_000913.3_3445	iML1515.b3266	70.1	1032	308	1	1	1031	1	1032	0.0	1370
NC_000913.3_3448	iML1515.b3517	100	466	0	0	1	466	1	466	0.0	975
NC_000913.3_3448	iML1515.b1493	98.9	466	5	0	1	466	1	466	0.0	967
NC_000913.3_3448	iSF_1195.SF1734	98.9	466	5	0	1	466	1	466	0.0	967
NC_000913.3_3448	iSbBS512_1146.SbBS512_E1756	98.7	466	6	0	1	466	1	466	0.0	965
NC_000913.3_3448	iSDY_1059.SDY_1615	98.3	466	8	0	1	466	1	466	0.0	963
NC_000913.3_3448	iSSON_1240.SSON_1631	98.5	466	7	0	1	466	1	466	0.0	963
NC_000913.3_3449	iJN1463.PP_2943	42.7	295	166	2	161	453	31	324	6.80e-76	240
NC_000913.3_3449	iAF987.Gmet_3091	42.8	290	156	3	175	455	35	323	1.40e-68	222
NC_000913.3_3450	iML1515.b3519	100	549	0	0	1	549	1	549	0.0	1143
NC_000913.3_3450	iSbBS512_1146.SbBS512_E3922	100	549	0	0	1	549	1	549	0.0	1143
NC_000913.3_3450	iSF_1195.SF3550	99.8	549	1	0	1	549	1	549	0.0	1142
NC_000913.3_3450	iSSON_1240.SSON_3567	99.8	549	1	0	1	549	1	549	0.0	1142
NC_000913.3_3450	STM_v1_0.STM3603	92.0	550	42	2	1	549	1	549	0.0	1058
NC_000913.3_3454	iEK1008.Rv1200	39.2	426	246	6	22	440	3	422	1.69e-89	278
NC_000913.3_3454	iSSON_1240.SSON_4052	37.7	422	252	7	22	438	19	434	1.28e-78	250
NC_000913.3_3456	iML1515.b3525	100	255	0	0	1	255	1	255	2.09e-189	518
NC_000913.3_3457	iML1515.b3526	100	309	0	0	1	309	1	309	1.24e-224	611
NC_000913.3_3457	iSSON_1240.SSON_3865	99.4	309	2	0	1	309	74	382	1.77e-221	606
NC_000913.3_3457	iSbBS512_1146.SbBS512_E3932	99.0	309	3	0	1	309	1	309	4.83e-222	605
NC_000913.3_3457	iSF_1195.SF3557	98.7	309	4	0	1	309	74	382	5.91e-220	602
NC_000913.3_3457	STM_v1_0.STM3612	92.5	308	23	0	1	308	1	308	5.94e-207	566
NC_000913.3_3459	iML1515.b3528	100	428	0	0	1	428	1	428	1.18e-289	786
NC_000913.3_3459	iSbBS512_1146.SbBS512_E3934	100	428	0	0	1	428	1	428	1.18e-289	786
NC_000913.3_3459	iSSON_1240.SSON_3863	100	428	0	0	1	428	1	428	1.18e-289	786
NC_000913.3_3459	iSDY_1059.SDY_4548	99.8	428	1	0	1	428	1	428	6.81e-289	784
NC_000913.3_3459	iSF_1195.SF3560	99.8	428	1	0	1	428	1	428	9.67e-289	783
NC_000913.3_3459	STM_v1_0.STM3614	94.9	428	22	0	1	428	1	428	6.35e-278	756
NC_000913.3_3459	iYL1228.KPN_03878	93.7	428	27	0	1	428	1	428	2.02e-274	747
NC_000913.3_3460	iPC815.YPO3996	47.9	649	333	3	2	645	72	720	9.82e-202	583
NC_000913.3_3461	iJN1463.PP_2638	39.0	1157	666	14	28	1157	28	1171	6.70e-218	658
NC_000913.3_3462	iJN1463.PP_2637	47.7	363	186	1	7	365	7	369	7.63e-124	361
NC_000913.3_3463	iJN1463.PP_2636	47.1	729	371	8	47	763	32	757	1.75e-223	645
NC_000913.3_3464	iJN1463.PP_2635	57.3	848	347	3	31	866	22	866	0.0	992
NC_000913.3_3471	iJN1463.PP_3589	25.1	390	278	6	15	400	23	402	3.04e-28	115
NC_000913.3_3471	iML1515.b2796	25.3	411	285	10	2	400	5	405	1.10e-27	113
NC_000913.3_3471	iSSON_1240.SSON_2953	25.3	411	285	10	2	400	5	405	1.10e-27	113
NC_000913.3_3471	iSbBS512_1146.SbBS512_E3076	25.3	411	285	10	2	400	5	405	2.79e-27	112
NC_000913.3_3471	iSDY_1059.SDY_3013	25.1	411	286	10	2	400	5	405	3.80e-27	112
NC_000913.3_3471	iSF_1195.SF2810	24.6	411	288	10	2	400	5	405	1.33e-24	104
NC_000913.3_3472	iML1515.b3540	100	334	0	0	1	334	1	334	5.60e-245	665
NC_000913.3_3472	iSSON_1240.SSON_3850	99.7	334	1	0	1	334	1	334	4.60e-244	662
NC_000913.3_3472	iSDY_1059.SDY_4563	99.1	334	3	0	1	334	1	334	3.10e-242	658
NC_000913.3_3472	iSF_1195.SF3575	98.8	334	4	0	1	334	1	334	4.41e-242	657
NC_000913.3_3472	iYL1228.KPN_03895	96.4	334	12	0	1	334	1	334	1.85e-237	646
NC_000913.3_3472	STM_v1_0.STM3626	95.2	334	16	0	1	334	1	334	1.45e-234	639
NC_000913.3_3473	iML1515.b3541	100	327	0	0	1	327	1	327	3.90e-237	644
NC_000913.3_3473	iSF_1195.SF3576	100	327	0	0	1	327	1	327	3.90e-237	644
NC_000913.3_3473	iSSON_1240.SSON_3849	99.7	327	1	0	1	327	1	327	4.55e-236	642
NC_000913.3_3473	iSDY_1059.SDY_4564	98.8	327	4	0	1	327	1	327	1.25e-233	635
NC_000913.3_3473	STM_v1_0.STM3627	95.1	327	16	0	1	327	1	327	1.43e-223	610
NC_000913.3_3473	iYL1228.KPN_03896	93.9	327	20	0	1	327	1	327	7.93e-221	603
NC_000913.3_3474	iML1515.b3542	100	300	0	0	1	300	1	300	5.37e-194	533
NC_000913.3_3474	iSDY_1059.SDY_4565	98.7	300	4	0	1	300	1	300	5.37e-194	533
NC_000913.3_3474	iSF_1195.SF3577	99.3	300	2	0	1	300	1	300	6.26e-193	530
NC_000913.3_3474	iSSON_1240.SSON_3848	99.0	300	3	0	1	300	1	300	8.90e-193	530
NC_000913.3_3474	STM_v1_0.STM3628	94.7	300	16	0	1	300	1	300	1.50e-184	509
NC_000913.3_3474	iYL1228.KPN_03897	93.3	300	20	0	1	300	1	300	8.67e-184	507
NC_000913.3_3475	iML1515.b3543	100	339	0	0	1	339	1	339	3.23e-242	658
NC_000913.3_3475	iSDY_1059.SDY_4566	100	339	0	0	1	339	1	339	3.23e-242	658
NC_000913.3_3475	iSSON_1240.SSON_3847	100	339	0	0	1	339	1	339	3.23e-242	658
NC_000913.3_3475	iSF_1195.SF3578	99.7	339	1	0	1	339	1	339	1.31e-241	657
NC_000913.3_3475	STM_v1_0.STM3629	97.6	339	8	0	1	339	1	339	5.98e-238	647
NC_000913.3_3475	iYL1228.KPN_03898	94.1	339	20	0	1	339	1	339	1.18e-228	624
NC_000913.3_3476	iML1515.b3544	100	535	0	0	1	535	1	535	0.0	1091
NC_000913.3_3476	iSDY_1059.SDY_4567	99.8	535	1	0	1	535	1	535	0.0	1090
NC_000913.3_3476	iSF_1195.SF3579	99.8	535	1	0	1	535	1	535	0.0	1090
NC_000913.3_3476	iSSON_1240.SSON_3846	99.8	535	1	0	1	535	1	535	0.0	1089
NC_000913.3_3476	STM_v1_0.STM3630	93.3	535	36	0	1	535	1	535	0.0	1035
NC_000913.3_3476	iYL1228.KPN_03899	92.0	526	42	0	10	535	1	526	0.0	1009
NC_000913.3_3477	iML1515.b3546	100	563	0	0	1	563	1	563	0.0	1126
NC_000913.3_3477	iSbBS512_1146.SbBS512_E3983	99.8	563	1	0	1	563	1	563	0.0	1126
NC_000913.3_3477	iSF_1195.SF3580	99.6	563	2	0	1	563	12	574	0.0	1124
NC_000913.3_3477	iSSON_1240.SSON_3844	99.5	563	3	0	1	563	12	574	0.0	1123
NC_000913.3_3477	STM_v1_0.STM3635	88.8	562	63	0	1	562	1	562	0.0	1028
NC_000913.3_3478	iAF987.Gmet_2465	29.7	374	217	10	12	352	12	372	6.76e-41	150
NC_000913.3_3482	iML1515.b3551	100	777	0	0	1	777	1	777	0.0	1609
NC_000913.3_3482	iSbBS512_1146.SbBS512_E3976	98.3	777	13	0	1	777	1	777	0.0	1575
NC_000913.3_3482	iSF_1195.SF3585	98.8	759	9	0	19	777	1	759	0.0	1556
NC_000913.3_3482	iSDY_1059.SDY_4352	98.8	739	9	0	39	777	1	739	0.0	1510
NC_000913.3_3482	iSSON_1240.SSON_3839	98.1	739	8	1	39	777	1	733	0.0	1503
NC_000913.3_3483	iAF987.Gmet_2727	38.2	102	63	0	116	217	295	396	2.78e-22	93.2
NC_000913.3_3484	iML1515.b3553	100	324	0	0	1	324	1	324	9.89e-234	635
NC_000913.3_3484	iSbBS512_1146.SbBS512_E3973	99.7	324	1	0	1	324	1	324	5.72e-233	634
NC_000913.3_3484	iSSON_1240.SSON_3835	99.4	324	2	0	1	324	5	328	3.84e-232	632
NC_000913.3_3484	iSF_1195.SF3587	98.8	324	4	0	1	324	1	324	2.23e-230	627
NC_000913.3_3484	iSDY_1059.SDY_4350	98.5	324	5	0	1	324	5	328	3.68e-230	627
NC_000913.3_3491	iSSON_1240.SSON_3830	99.7	689	2	0	1	689	1	689	0.0	1308
NC_000913.3_3491	iSF_1195.SF3602	99.6	689	3	0	1	689	1	689	0.0	1306
NC_000913.3_3491	iSbBS512_1146.SbBS512_E3966	99.4	689	4	0	1	689	1	689	0.0	1305
NC_000913.3_3491	iSDY_1059.SDY_4345	99.1	689	6	0	1	689	1	689	0.0	1298
NC_000913.3_3491	STM_v1_0.STM3655	90.9	689	63	0	1	689	1	689	0.0	1220
NC_000913.3_3491	iYL1228.KPN_03922	90.1	689	68	0	1	689	1	689	0.0	1211
NC_000913.3_3492	iSbBS512_1146.SbBS512_E3965	99.7	303	1	0	1	303	1	303	4.35e-231	627
NC_000913.3_3492	iSDY_1059.SDY_4344	99.7	303	1	0	1	303	1	303	4.35e-231	627
NC_000913.3_3492	iSF_1195.SF3603	99.7	303	1	0	1	303	1	303	4.35e-231	627
NC_000913.3_3492	iSSON_1240.SSON_3829	99.7	303	1	0	1	303	1	303	4.35e-231	627
NC_000913.3_3492	STM_v1_0.STM3656	99.3	303	2	0	1	303	1	303	1.77e-230	625
NC_000913.3_3492	iYL1228.KPN_03923	98.7	303	4	0	1	303	1	303	8.42e-229	621
NC_000913.3_3492	iPC815.YPO4072	93.7	303	19	0	1	303	1	303	5.21e-221	602
NC_000913.3_3497	iML1515.b3564	100	484	0	0	1	484	1	484	0.0	959
NC_000913.3_3497	iSF_1195.SF3608	99.6	484	2	0	1	484	1	484	0.0	956
NC_000913.3_3498	iML1515.b3565	100	440	0	0	1	440	1	440	0.0	910
NC_000913.3_3498	iSbBS512_1146.SbBS512_E3959	99.5	440	2	0	1	440	1	440	0.0	905
NC_000913.3_3498	iSSON_1240.SSON_3820	99.5	440	2	0	1	440	1	440	0.0	905
NC_000913.3_3498	STM_v1_0.STM3661	92.5	440	33	0	1	440	1	440	2.73e-317	857
NC_000913.3_3498	iYL1228.KPN_03929	90.5	440	42	0	1	440	5	444	2.92e-313	847
NC_000913.3_3499	iML1515.b3566	100	330	0	0	1	330	1	330	1.76e-230	628
NC_000913.3_3499	iSF_1195.SF3610	99.4	330	2	0	1	330	1	330	2.92e-229	625
NC_000913.3_3499	iSbBS512_1146.SbBS512_E3956	97.2	326	2	1	5	330	17	335	2.32e-218	597
NC_000913.3_3500	iML1515.b3567	100	513	0	0	1	513	1	513	0.0	996
NC_000913.3_3500	iSbBS512_1146.SbBS512_E3955	99.4	513	3	0	1	513	1	513	0.0	991
NC_000913.3_3500	iSF_1195.SF3611	98.8	513	6	0	1	513	1	513	0.0	983
NC_000913.3_3501	iML1515.b3568	100	393	0	0	1	393	1	393	1.43e-270	734
NC_000913.3_3501	iSbBS512_1146.SbBS512_E3954	100	393	0	0	1	393	1	393	1.43e-270	734
NC_000913.3_3501	iSF_1195.SF3612	100	393	0	0	1	393	1	393	1.43e-270	734
NC_000913.3_3504	iML1515.b3571	100	676	0	0	1	676	1	676	0.0	1416
NC_000913.3_3504	iSF_1195.SF3615	97.8	676	15	0	1	676	1	676	0.0	1393
NC_000913.3_3504	iSbBS512_1146.SbBS512_E3951	97.2	676	19	0	1	676	1	676	0.0	1385
NC_000913.3_3505	iML1515.b3572	100	417	0	0	1	417	1	417	0.0	862
NC_000913.3_3505	iSbBS512_1146.SbBS512_E3950	99.8	417	1	0	1	417	1	417	1.32e-319	860
NC_000913.3_3505	iSF_1195.SF3616	99.5	417	2	0	1	417	1	417	5.29e-319	859
NC_000913.3_3505	iSDY_1059.SDY_3707	99.3	417	3	0	1	417	1	417	2.61e-317	855
NC_000913.3_3505	STM_v1_0.STM3665	92.5	415	31	0	1	415	1	415	1.11e-295	800
NC_000913.3_3505	iYL1228.KPN_03936	90.6	415	39	0	1	415	1	415	6.33e-291	788
NC_000913.3_3506	iHN637.CLJU_RS08480	42.5	174	77	2	1	151	3	176	1.69e-43	142
NC_000913.3_3506	iML1515.b2724	39.8	181	70	2	1	149	1	174	1.88e-39	132
NC_000913.3_3506	STM_v1_0.STM2852	38.7	181	72	2	1	149	1	174	7.31e-39	130
NC_000913.3_3506	iSSON_1240.SSON_2871	39.2	181	71	2	1	149	1	174	1.06e-38	130
NC_000913.3_3508	iML1515.b3575	100	332	0	0	1	332	1	332	4.10e-246	667
NC_000913.3_3508	iSF_1195.SF3619	99.7	332	1	0	1	332	1	332	1.18e-245	666
NC_000913.3_3508	iSbBS512_1146.SbBS512_E3947	99.7	329	1	0	1	329	1	329	1.43e-243	661
NC_000913.3_3508	STM_v1_0.STM3668	89.5	332	35	0	1	332	1	332	3.65e-224	612
NC_000913.3_3510	iML1515.b3577	100	157	0	0	1	157	1	157	3.44e-108	304
NC_000913.3_3511	iML1515.b3578	100	425	0	0	1	425	1	425	1.61e-290	788
NC_000913.3_3511	STM_v1_0.STM3672	90.8	425	39	0	1	425	1	425	4.46e-265	723
NC_000913.3_3512	iML1515.b3579	100	328	0	0	1	328	1	328	2.72e-233	635
NC_000913.3_3513	iML1515.b3580	100	498	0	0	1	498	1	498	0.0	1030
NC_000913.3_3514	iML1515.b3581	100	220	0	0	1	220	1	220	5.12e-159	438
NC_000913.3_3514	STM_v1_0.STM3675	91.7	216	18	0	1	216	1	216	3.66e-143	398
NC_000913.3_3515	iML1515.b3582	100	286	0	0	1	286	1	286	9.32e-213	579
NC_000913.3_3516	iML1515.b3583	100	231	0	0	1	231	1	231	6.74e-174	476
NC_000913.3_3516	STM_v1_0.STM3677	93.1	231	16	0	1	231	1	231	2.92e-159	439
NC_000913.3_3519	iML1515.b3241	22.2	257	136	6	33	280	12	213	3.09e-09	57.4
NC_000913.3_3522	iML1515.b3588	100	512	0	0	1	512	1	512	0.0	1033
NC_000913.3_3522	iSbBS512_1146.SbBS512_E4003	99.8	512	1	0	1	512	1	512	0.0	1031
NC_000913.3_3522	iSF_1195.SF3626	99.6	512	2	0	1	512	31	542	0.0	1030
NC_000913.3_3522	STM_v1_0.STM3680	96.7	512	17	0	1	512	1	512	0.0	1007
NC_000913.3_3523	iML1515.b3589	100	383	0	0	1	383	1	383	8.36e-274	742
NC_000913.3_3523	iSbBS512_1146.SbBS512_E4004	99.2	383	3	0	1	383	1	383	1.14e-271	736
NC_000913.3_3523	iSF_1195.SF3627	99.2	383	3	0	1	383	1	383	1.14e-271	736
NC_000913.3_3524	iML1515.b3590	100	614	0	0	1	614	1	614	0.0	1231
NC_000913.3_3525	iSF_1195.SF3629	99.8	463	1	0	1	463	1	463	0.0	868
NC_000913.3_3525	iSbBS512_1146.SbBS512_E4006	99.8	463	1	0	1	463	1	463	0.0	867
NC_000913.3_3525	iSSON_1240.SSON_3817	99.6	463	2	0	1	463	1	463	0.0	866
NC_000913.3_3525	iSDY_1059.SDY_4212	99.1	463	4	0	1	463	1	463	4.77e-319	863
NC_000913.3_3526	iJN1463.PP_4619	34.3	102	58	2	1	96	1	99	7.34e-08	50.4
NC_000913.3_3531	iML1515.b3241	25.1	231	122	5	50	280	34	213	1.12e-12	67.8
NC_000913.3_3533	iML1515.b3599	100	637	0	0	1	637	1	637	0.0	1218
NC_000913.3_3533	iSbBS512_1146.SbBS512_E4016	99.5	637	3	0	1	637	1	637	0.0	1212
NC_000913.3_3533	iSSON_1240.SSON_3809	99.5	637	3	0	1	637	1	637	0.0	1212
NC_000913.3_3533	iSF_1195.SF3633	99.4	637	4	0	1	637	1	637	0.0	1211
NC_000913.3_3533	STM_v1_0.STM3685	95.6	637	28	0	1	637	1	637	0.0	1169
NC_000913.3_3533	iYL1228.KPN_03942	94.8	633	33	0	1	633	1	633	0.0	1149
NC_000913.3_3534	iML1515.b3600	100	382	0	0	1	382	1	382	1.28e-272	739
NC_000913.3_3534	iSF_1195.SF3634	99.0	382	4	0	1	382	1	382	1.43e-269	731
NC_000913.3_3534	iSbBS512_1146.SbBS512_E4017	98.7	382	5	0	1	382	1	382	1.18e-268	729
NC_000913.3_3534	iSSON_1240.SSON_3808	98.7	382	5	0	1	382	1	382	1.67e-268	728
NC_000913.3_3534	STM_v1_0.STM3686	93.4	380	25	0	1	380	1	380	1.01e-253	691
NC_000913.3_3534	iYL1228.KPN_03943	91.6	380	32	0	1	380	1	380	4.38e-248	677
NC_000913.3_3538	iML1515.b3603	100	551	0	0	1	551	1	551	0.0	1065
NC_000913.3_3538	iSbBS512_1146.SbBS512_E4029	99.8	551	1	0	1	551	1	551	0.0	1063
NC_000913.3_3538	iSDY_1059.SDY_4036	99.6	551	2	0	1	551	1	551	0.0	1062
NC_000913.3_3538	iSF_1195.SF3642	99.6	551	2	0	1	551	1	551	0.0	1061
NC_000913.3_3538	iSSON_1240.SSON_3802	99.5	551	3	0	1	551	1	551	0.0	1061
NC_000913.3_3538	STM_v1_0.STM3692	94.4	551	31	0	1	551	1	551	0.0	1019
NC_000913.3_3538	iYL1228.KPN_03947	90.2	551	54	0	1	551	1	551	0.0	965
NC_000913.3_3540	iML1515.b3605	100	396	0	0	1	396	1	396	1.32e-288	780
NC_000913.3_3540	iSbBS512_1146.SbBS512_E4031	100	396	0	0	1	396	1	396	1.32e-288	780
NC_000913.3_3540	iSDY_1059.SDY_4038	99.7	396	1	0	1	396	1	396	3.78e-288	779
NC_000913.3_3540	iSF_1195.SF3644	99.7	396	1	0	1	396	1	396	5.38e-288	779
NC_000913.3_3540	iSSON_1240.SSON_3800	99.7	396	1	0	1	396	1	396	5.38e-288	779
NC_000913.3_3540	STM_v1_0.STM3694	94.2	396	23	0	1	396	1	396	1.09e-271	738
NC_000913.3_3540	iYL1228.KPN_03949	93.9	377	23	0	1	377	1	377	6.38e-259	705
NC_000913.3_3542	iML1515.b3607	100	273	0	0	1	273	1	273	4.92e-197	538
NC_000913.3_3542	iSbBS512_1146.SbBS512_E4035	100	273	0	0	1	273	1	273	4.92e-197	538
NC_000913.3_3542	iSF_1195.SF3646	100	273	0	0	1	273	1	273	4.92e-197	538
NC_000913.3_3542	iSSON_1240.SSON_3798	100	273	0	0	1	273	1	273	4.92e-197	538
NC_000913.3_3542	iSDY_1059.SDY_4040	99.3	273	2	0	1	273	1	273	1.16e-195	535
NC_000913.3_3542	iYL1228.KPN_03951	95.6	273	12	0	1	273	1	273	4.16e-189	518
NC_000913.3_3542	STM_v1_0.STM3699	96.0	273	11	0	1	273	1	273	5.91e-189	518
NC_000913.3_3543	iML1515.b3608	100	339	0	0	1	339	1	339	3.23e-242	658
NC_000913.3_3543	iSDY_1059.SDY_4041	100	339	0	0	1	339	1	339	3.23e-242	658
NC_000913.3_3543	iSF_1195.SF3647	100	339	0	0	1	339	1	339	3.23e-242	658
NC_000913.3_3543	iSSON_1240.SSON_3797	100	339	0	0	1	339	1	339	3.23e-242	658
NC_000913.3_3543	iSbBS512_1146.SbBS512_E4036	99.7	339	1	0	1	339	1	339	1.31e-241	657
NC_000913.3_3543	STM_v1_0.STM3700	95.0	339	17	0	1	339	1	339	3.54e-230	628
NC_000913.3_3543	iYL1228.KPN_03952	92.6	339	25	0	1	339	1	339	4.22e-222	607
NC_000913.3_3545	iML1515.b3610	100	83	0	0	1	83	1	83	2.60e-59	175
NC_000913.3_3545	iSbBS512_1146.SbBS512_E4038	100	83	0	0	1	83	1	83	2.60e-59	175
NC_000913.3_3545	iSDY_1059.SDY_4043	100	83	0	0	1	83	1	83	2.60e-59	175
NC_000913.3_3545	iSSON_1240.SSON_3795	100	83	0	0	1	83	1	83	2.60e-59	175
NC_000913.3_3545	iSF_1195.SF3649	98.8	83	1	0	1	83	1	83	4.33e-58	172
NC_000913.3_3545	STM_v1_0.STM3702	89.2	83	9	0	1	83	1	83	8.13e-54	161
NC_000913.3_3546	iJN1463.PP_0398	33.0	100	60	2	35	132	2	96	4.53e-06	42.7
NC_000913.3_3546	iEK1008.Rv3116	28.7	87	61	1	46	132	293	378	2.14e-04	39.7
NC_000913.3_3547	iML1515.b3612	100	514	0	0	1	514	1	514	0.0	1013
NC_000913.3_3547	iSbBS512_1146.SbBS512_E4040	99.6	514	2	0	1	514	1	514	0.0	1009
NC_000913.3_3547	iSSON_1240.SSON_3793	99.6	514	2	0	1	514	1	514	0.0	1009
NC_000913.3_3547	iSDY_1059.SDY_4045	99.2	514	4	0	1	514	1	514	0.0	1006
NC_000913.3_3547	iSF_1195.SF3651	99.2	514	4	0	1	514	1	514	0.0	1004
NC_000913.3_3547	STM_v1_0.STM3704	94.7	514	27	0	1	514	1	514	0.0	971
NC_000913.3_3547	iYL1228.KPN_03956	92.7	507	37	0	8	514	1	507	0.0	934
NC_000913.3_3548	iAF987.Gmet_1854	37.4	131	78	1	290	416	262	392	7.62e-19	87.4
NC_000913.3_3549	iML1515.b3614	100	319	0	0	1	319	1	319	3.72e-231	629
NC_000913.3_3550	iSbBS512_1146.SbBS512_E4050	33.1	139	93	0	1	139	1	139	1.33e-19	87.8
NC_000913.3_3550	iSSON_1240.SSON_3782	33.1	139	93	0	1	139	1	139	1.33e-19	87.8
NC_000913.3_3551	iML1515.b3616	100	341	0	0	1	341	1	341	2.61e-258	699
NC_000913.3_3551	iSbBS512_1146.SbBS512_E4044	99.7	341	1	0	1	341	1	341	7.49e-258	698
NC_000913.3_3551	iSF_1195.SF3656	99.7	341	1	0	1	341	1	341	7.49e-258	698
NC_000913.3_3551	iSSON_1240.SSON_3788	99.1	341	3	0	1	341	1	341	6.16e-257	696
NC_000913.3_3551	iSDY_1059.SDY_4049	99.1	341	3	0	1	341	1	341	3.56e-256	694
NC_000913.3_3551	iYL1228.KPN_03961	97.1	341	10	0	1	341	1	341	1.98e-253	687
NC_000913.3_3551	STM_v1_0.STM3708	97.4	341	9	0	1	341	1	341	1.98e-253	687
NC_000913.3_3551	iPC815.YPO0060	92.1	341	27	0	1	341	1	341	5.35e-242	658
NC_000913.3_3552	iML1515.b3617	100	398	0	0	1	398	1	398	1.80e-287	778
NC_000913.3_3552	iSF_1195.SF3657	100	398	0	0	1	398	1	398	1.80e-287	778
NC_000913.3_3552	iSbBS512_1146.SbBS512_E4045	99.7	398	1	0	1	398	1	398	7.33e-287	776
NC_000913.3_3552	iSDY_1059.SDY_4050	99.7	398	1	0	1	398	1	398	7.33e-287	776
NC_000913.3_3552	iSSON_1240.SSON_3787	99.7	398	1	0	1	398	1	398	1.48e-286	775
NC_000913.3_3552	STM_v1_0.STM3709	97.7	398	9	0	1	398	1	398	1.12e-281	763
NC_000913.3_3552	iYL1228.KPN_03962	94.0	398	23	1	1	398	1	397	5.83e-270	733
NC_000913.3_3554	iML1515.b3619	100	310	0	0	1	310	1	310	1.84e-231	629
NC_000913.3_3554	iSDY_1059.SDY_4051	99.7	310	1	0	1	310	1	310	5.29e-231	627
NC_000913.3_3554	iSbBS512_1146.SbBS512_E4046	99.7	310	1	0	1	310	1	310	1.07e-230	627
NC_000913.3_3554	iSF_1195.SF3659	99.7	310	1	0	1	310	1	310	1.07e-230	627
NC_000913.3_3554	iSSON_1240.SSON_3786	99.7	310	1	0	1	310	1	310	1.07e-230	627
NC_000913.3_3554	iYL1228.KPN_03963	97.4	310	8	0	1	310	1	310	2.81e-226	615
NC_000913.3_3554	STM_v1_0.STM3710	97.4	310	8	0	1	310	1	310	2.31e-225	613
NC_000913.3_3555	iML1515.b3620	100	348	0	0	1	348	1	348	9.91e-262	708
NC_000913.3_3555	iSDY_1059.SDY_4052	100	348	0	0	1	348	1	348	9.91e-262	708
NC_000913.3_3555	iSF_1195.SF3660	99.7	348	1	0	1	348	1	348	1.41e-261	708
NC_000913.3_3555	iSbBS512_1146.SbBS512_E4047	99.4	348	2	0	1	348	1	348	5.73e-261	706
NC_000913.3_3555	iSSON_1240.SSON_3785	98.9	348	4	0	1	348	1	348	2.33e-260	705
NC_000913.3_3555	STM_v1_0.STM3711	92.5	346	26	0	1	346	1	346	3.36e-244	664
NC_000913.3_3555	iYL1228.KPN_03964	87.9	346	42	0	1	346	1	346	3.14e-234	639
NC_000913.3_3556	iML1515.b3621	100	319	0	0	1	319	1	319	8.50e-237	643
NC_000913.3_3556	iSDY_1059.SDY_4053	95.9	317	13	0	1	317	1	317	2.81e-226	616
NC_000913.3_3556	iSSON_1240.SSON_3784	97.4	312	8	0	1	312	1	312	1.88e-225	614
NC_000913.3_3556	iSbBS512_1146.SbBS512_E4048	96.5	312	11	0	1	312	1	312	8.22e-223	608
NC_000913.3_3556	iSF_1195.SF3661	94.1	307	18	0	11	317	1	307	1.93e-215	589
NC_000913.3_3557	iML1515.b3622	100	419	0	0	1	419	1	419	4.40e-285	773
NC_000913.3_3558	iML1515.b3623	100	357	0	0	1	357	1	357	6.51e-267	722
NC_000913.3_3559	iML1515.b3624	100	283	0	0	1	283	1	283	1.08e-205	561
NC_000913.3_3560	iML1515.b3625	100	232	0	0	1	232	1	232	2.16e-166	457
NC_000913.3_3561	iML1515.b3626	100	338	0	0	1	338	1	338	1.90e-254	689
NC_000913.3_3562	iML1515.b3627	100	339	0	0	1	339	1	339	7.79e-259	700
NC_000913.3_3563	iML1515.b3628	100	359	0	0	1	359	1	359	1.55e-275	744
NC_000913.3_3564	iML1515.b3629	100	311	0	0	1	311	1	311	1.91e-229	624
NC_000913.3_3565	iML1515.b3630	100	265	0	0	1	265	1	265	3.61e-195	533
NC_000913.3_3566	iML1515.b3631	100	374	0	0	1	374	1	374	4.50e-278	752
NC_000913.3_3566	iSSON_1240.SSON_3776	90.1	374	37	0	1	374	1	374	6.06e-251	683
NC_000913.3_3566	iSF_1195.SF3668	89.8	374	38	0	1	374	1	374	1.22e-250	682
NC_000913.3_3566	iSbBS512_1146.SbBS512_E4056	89.8	374	38	0	1	374	1	374	2.88e-249	679
NC_000913.3_3566	iSDY_1059.SDY_4061	89.3	374	40	0	1	374	1	374	4.08e-249	679
NC_000913.3_3567	iML1515.b3632	100	344	0	0	13	356	1	344	5.60e-260	704
NC_000913.3_3568	iML1515.b3633	100	425	0	0	1	425	1	425	1.44e-309	836
NC_000913.3_3568	iSSON_1240.SSON_3774	100	425	0	0	1	425	1	425	1.44e-309	836
NC_000913.3_3568	iSbBS512_1146.SbBS512_E4058	99.5	425	2	0	1	425	1	425	2.38e-308	833
NC_000913.3_3568	iSF_1195.SF3672	99.8	425	1	0	1	425	1	425	3.38e-308	832
NC_000913.3_3568	iSDY_1059.SDY_4063	99.3	425	3	0	1	425	1	425	9.70e-308	831
NC_000913.3_3568	STM_v1_0.STM3724	96.7	425	14	0	1	425	1	425	7.00e-301	814
NC_000913.3_3569	iML1515.b3634	100	159	0	0	1	159	1	159	1.06e-112	316
NC_000913.3_3569	iSbBS512_1146.SbBS512_E4059	100	159	0	0	1	159	1	159	1.06e-112	316
NC_000913.3_3569	iSF_1195.SF3673	100	159	0	0	1	159	1	159	1.06e-112	316
NC_000913.3_3569	iSSON_1240.SSON_3773	98.7	159	2	0	1	159	1	159	1.77e-111	313
NC_000913.3_3569	iSDY_1059.SDY_4064	98.1	159	3	0	1	159	1	159	8.41e-110	308
NC_000913.3_3569	STM_v1_0.STM3725	93.0	158	11	0	1	158	1	158	2.22e-105	297
NC_000913.3_3574	iML1515.b3639	100	406	0	0	1	406	1	406	1.74e-289	783
NC_000913.3_3574	iSSON_1240.SSON_3767	99.8	406	1	0	1	406	25	430	1.75e-288	782
NC_000913.3_3574	iSDY_1059.SDY_4069	99.3	406	3	0	1	406	25	430	2.49e-288	781
NC_000913.3_3574	iSF_1195.SF3678	99.8	406	1	0	1	406	25	430	3.54e-288	781
NC_000913.3_3574	iSbBS512_1146.SbBS512_E4064	99.0	406	4	0	1	406	1	406	5.58e-286	775
NC_000913.3_3574	STM_v1_0.STM3730	93.1	406	28	0	1	406	2	407	9.59e-269	731
NC_000913.3_3574	iYL1228.KPN_03979	90.2	407	36	2	1	406	2	405	9.07e-262	713
NC_000913.3_3575	iML1515.b3640	100	151	0	0	2	152	1	151	1.13e-108	305
NC_000913.3_3575	iSbBS512_1146.SbBS512_E4065	99.3	151	1	0	2	152	1	151	6.54e-108	303
NC_000913.3_3575	iSDY_1059.SDY_4070	99.3	151	1	0	2	152	1	151	6.54e-108	303
NC_000913.3_3575	iSF_1195.SF3679	98.7	152	2	0	1	152	1	152	1.94e-107	302
NC_000913.3_3575	iSSON_1240.SSON_3766	98.7	151	2	0	2	152	1	151	2.66e-107	301
NC_000913.3_3575	STM_v1_0.STM3731	92.1	151	12	0	2	152	1	151	1.17e-101	287
NC_000913.3_3575	iYL1228.KPN_03980	90.1	152	15	0	1	152	1	152	2.01e-100	284
NC_000913.3_3577	iML1515.b3642	100	213	0	0	1	213	1	213	7.58e-153	422
NC_000913.3_3577	iSbBS512_1146.SbBS512_E4067	99.1	213	2	0	1	213	1	213	6.23e-152	419
NC_000913.3_3577	iSDY_1059.SDY_4073	99.5	213	1	0	1	213	1	213	8.85e-152	419
NC_000913.3_3577	iSF_1195.SF3681	99.5	213	1	0	1	213	1	213	1.26e-151	419
NC_000913.3_3577	iSSON_1240.SSON_3764	99.1	213	2	0	1	213	1	213	3.60e-151	417
NC_000913.3_3577	STM_v1_0.STM3733	96.7	213	7	0	1	213	1	213	4.04e-148	410
NC_000913.3_3577	iYL1228.KPN_03983	94.4	213	12	0	1	213	1	213	3.71e-144	400
NC_000913.3_3578	iCN900.CD630_33080	57.8	223	94	0	6	228	7	229	5.84e-84	256
NC_000913.3_3582	iYS854.USA300HOU_RS10340	24.3	457	308	11	124	546	112	564	3.29e-30	125
NC_000913.3_3583	iML1515.b3648	100	207	0	0	1	207	1	207	2.98e-147	407
NC_000913.3_3583	iSbBS512_1146.SbBS512_E4099	100	207	0	0	1	207	1	207	2.98e-147	407
NC_000913.3_3583	iSF_1195.SF3688	100	207	0	0	1	207	1	207	2.98e-147	407
NC_000913.3_3583	iSSON_1240.SSON_3757	100	207	0	0	1	207	1	207	2.98e-147	407
NC_000913.3_3583	iSDY_1059.SDY_4080	99.5	207	1	0	1	207	1	207	3.48e-146	404
NC_000913.3_3583	STM_v1_0.STM3740	95.7	207	9	0	1	207	1	207	1.52e-140	390
NC_000913.3_3583	iYL1228.KPN_03996	92.8	207	15	0	1	207	1	207	1.63e-135	377
NC_000913.3_3585	iML1515.b3650	100	702	0	0	1	702	1	702	0.0	1372
NC_000913.3_3585	iSbBS512_1146.SbBS512_E4101	100	702	0	0	1	702	1	702	0.0	1372
NC_000913.3_3585	iSF_1195.SF3690	100	702	0	0	1	702	1	702	0.0	1372
NC_000913.3_3585	iSSON_1240.SSON_3755	100	702	0	0	1	702	1	702	0.0	1372
NC_000913.3_3585	iSDY_1059.SDY_4082	99.7	702	2	0	1	702	1	702	0.0	1367
NC_000913.3_3585	STM_v1_0.STM3742	98.2	703	12	1	1	702	1	703	0.0	1343
NC_000913.3_3585	iYL1228.KPN_03998	96.3	706	22	2	1	702	1	706	0.0	1321
NC_000913.3_3585	iPC815.YPO0038	91.5	702	60	0	1	702	1	702	0.0	1258
NC_000913.3_3588	iML1515.b3653	100	401	0	0	1	401	1	401	2.39e-273	742
NC_000913.3_3588	iSbBS512_1146.SbBS512_E4104	100	401	0	0	1	401	1	401	2.39e-273	742
NC_000913.3_3588	iSDY_1059.SDY_4085	100	401	0	0	1	401	1	401	2.39e-273	742
NC_000913.3_3588	iSF_1195.SF3693	100	401	0	0	1	401	1	401	2.39e-273	742
NC_000913.3_3588	iSSON_1240.SSON_3752	100	401	0	0	1	401	1	401	2.39e-273	742
NC_000913.3_3588	STM_v1_0.STM3746	92.8	401	29	0	1	401	1	401	7.94e-256	698
NC_000913.3_3589	iML1515.b3654	100	463	0	0	1	463	1	463	0.0	867
NC_000913.3_3589	iSF_1195.SF3694	100	463	0	0	1	463	1	463	0.0	867
NC_000913.3_3589	iSSON_1240.SSON_3751	100	463	0	0	1	463	1	463	0.0	867
NC_000913.3_3589	iSbBS512_1146.SbBS512_E4105	99.8	463	1	0	1	463	1	463	0.0	866
NC_000913.3_3589	iSDY_1059.SDY_4086	99.8	463	1	0	1	463	1	463	1.19e-319	865
NC_000913.3_3589	STM_v1_0.STM3747	95.2	462	22	0	1	462	1	462	1.61e-307	834
NC_000913.3_3589	iYL1228.KPN_04013	93.5	462	30	0	1	462	1	462	1.91e-299	813
NC_000913.3_3591	iML1515.b3656	100	772	0	0	1	772	1	772	0.0	1638
NC_000913.3_3592	iHN637.CLJU_RS00610	33.2	431	272	6	4	427	11	432	2.83e-74	240
NC_000913.3_3592	iYO844.BSU06160	33.4	449	286	9	6	448	22	463	2.61e-68	224
NC_000913.3_3593	iSbBS512_1146.SbBS512_E0792	72.6	390	105	2	5	394	6	393	4.49e-198	551
NC_000913.3_3593	iML1515.b2170	71.8	390	108	2	5	394	6	393	1.05e-196	548
NC_000913.3_3593	iSDY_1059.SDY_0909	72.1	390	107	2	5	394	6	393	1.05e-196	548
NC_000913.3_3593	iSSON_1240.SSON_2226	72.1	390	107	2	5	394	6	393	2.12e-196	547
NC_000913.3_3593	iSF_1195.SF2255	73.5	377	98	2	5	381	6	380	3.90e-194	541
NC_000913.3_3593	iYL1228.KPN_02601	67.6	392	125	2	3	394	4	393	9.33e-186	520
NC_000913.3_3595	STM_v1_0.STM0245	63.6	258	94	0	15	272	14	271	1.75e-120	345
NC_000913.3_3595	iSbBS512_1146.SbBS512_E0191	62.8	258	96	0	15	272	14	271	7.10e-120	343
NC_000913.3_3595	iSF_1195.SF0188	62.8	258	96	0	15	272	14	271	7.10e-120	343
NC_000913.3_3595	iSSON_1240.SSON_0211	62.8	258	96	0	15	272	14	271	7.10e-120	343
NC_000913.3_3595	iML1515.b0197	62.8	258	96	0	15	272	14	271	1.01e-119	343
NC_000913.3_3595	iYL1228.KPN_00211	62.8	258	96	0	15	272	14	271	2.35e-118	339
NC_000913.3_3595	iSDY_1059.SDY_0216	62.0	258	98	0	15	272	14	271	2.35e-118	339
NC_000913.3_3597	iML1515.b3662	100	396	0	0	17	412	1	396	4.00e-269	732
NC_000913.3_3599	iML1515.b3664	100	444	0	0	1	444	1	444	2.88e-305	827
NC_000913.3_3600	iML1515.b3665	100	588	0	0	1	588	1	588	0.0	1166
NC_000913.3_3600	iSSON_1240.SSON_3619	99.5	588	3	0	1	588	1	588	0.0	1159
NC_000913.3_3600	iSF_1195.SF3796	98.3	588	10	0	1	588	1	588	0.0	1145
NC_000913.3_3600	iSDY_1059.SDY_4146	98.0	588	8	1	1	588	1	584	0.0	1138
NC_000913.3_3600	iSbBS512_1146.SbBS512_E4254	99.3	569	4	0	20	588	1	569	0.0	1120
NC_000913.3_3601	iML1515.b3666	100	463	0	0	1	463	1	463	0.0	901
NC_000913.3_3601	iSF_1195.SF3795	100	463	0	0	1	463	1	463	0.0	901
NC_000913.3_3601	iSSON_1240.SSON_3620	100	463	0	0	1	463	1	463	0.0	901
NC_000913.3_3601	iSDY_1059.SDY_4147	99.8	463	1	0	1	463	1	463	0.0	900
NC_000913.3_3601	iSbBS512_1146.SbBS512_E4253	99.8	463	1	0	1	463	1	463	0.0	900
NC_000913.3_3601	STM_v1_0.STM3787	95.7	463	20	0	1	463	1	463	0.0	874
NC_000913.3_3601	iYL1228.KPN_04069	95.0	463	23	0	1	463	1	463	1.19e-318	862
NC_000913.3_3602	iYO844.BSU02140	35.6	419	262	5	16	428	15	431	7.99e-89	276
NC_000913.3_3602	STM_v1_0.STM2283	38.3	431	256	6	4	428	5	431	8.75e-87	271
NC_000913.3_3602	iSDY_1059.SDY_2435	37.9	419	251	5	4	416	5	420	9.67e-86	269
NC_000913.3_3602	iML1515.b2240	37.9	419	251	5	4	416	5	420	1.92e-85	268
NC_000913.3_3602	iSbBS512_1146.SbBS512_E2622	37.9	419	251	5	4	416	5	420	1.92e-85	268
NC_000913.3_3602	iSSON_1240.SSON_2301	37.9	419	251	5	4	416	5	420	1.92e-85	268
NC_000913.3_3602	iYL1228.KPN_02646	37.9	404	244	4	19	416	18	420	4.81e-85	267
NC_000913.3_3602	iSF_1195.SF2322	37.7	419	252	5	4	416	5	420	5.94e-84	264
NC_000913.3_3602	iYS854.USA300HOU_RS01785	36.9	442	260	7	4	431	3	439	4.65e-83	262
NC_000913.3_3604	iAF987.Gmet_1914	31.0	116	72	3	4	116	4	114	2.15e-05	43.9
NC_000913.3_3604	iEK1008.Rv0386	36.4	55	35	0	136	190	1025	1079	3.61e-04	40.4
NC_000913.3_3605	iML1515.b3670	100	96	0	0	1	96	1	96	3.83e-67	196
NC_000913.3_3605	iSSON_1240.SSON_3624	100	96	0	0	1	96	1	96	3.83e-67	196
NC_000913.3_3605	iSDY_1059.SDY_4154	99.0	96	1	0	1	96	1	96	3.16e-66	193
NC_000913.3_3605	iSbBS512_1146.SbBS512_E4249	97.9	96	2	0	1	96	1	96	6.37e-66	192
NC_000913.3_3605	iSF_1195.SF3791	97.9	96	2	0	1	96	1	96	3.69e-65	191
NC_000913.3_3605	STM_v1_0.STM3795	90.6	96	9	0	1	96	1	96	1.15e-59	177
NC_000913.3_3606	iML1515.b3671	100	562	0	0	1	562	1	562	0.0	1107
NC_000913.3_3606	iSbBS512_1146.SbBS512_E4248	99.6	562	2	0	1	562	1	562	0.0	1103
NC_000913.3_3606	iSDY_1059.SDY_4155	98.6	562	8	0	1	562	1	562	0.0	1093
NC_000913.3_3606	iSSON_1240.SSON_3625	98.6	562	8	0	1	562	1	562	0.0	1092
NC_000913.3_3606	iSF_1195.SF3790	98.5	532	8	0	31	562	1	532	0.0	1036
NC_000913.3_3606	STM_v1_0.STM3796	92.0	562	45	0	1	562	1	562	0.0	1025
NC_000913.3_3608	iJN1463.PP_3588	25.1	363	260	7	12	368	16	372	2.03e-18	85.9
NC_000913.3_3613	iJN1463.PP_0077	27.1	435	279	15	1	414	1	418	7.81e-35	136
NC_000913.3_3614	iML1515.b3679	100	571	0	0	1	571	1	571	0.0	1108
NC_000913.3_3614	iSF_1195.SF3783	98.6	571	8	0	1	571	1	571	0.0	1095
NC_000913.3_3616	iYL1228.KPN_04085	89.5	57	6	0	1	57	383	439	3.31e-28	103
NC_000913.3_3617	iYL1228.KPN_04085	90.8	207	17	1	1	205	1	207	1.37e-135	387
NC_000913.3_3618	iYL1228.KPN_04086	66.0	162	54	1	1	161	421	582	3.23e-64	206
NC_000913.3_3619	iYL1228.KPN_04086	87.8	368	45	0	1	368	44	411	2.91e-235	652
NC_000913.3_3626	iAF692.Mbar_A1602	25.2	309	203	13	1	300	4	293	1.14e-10	62.0
NC_000913.3_3627	iML1515.b3691	100	430	0	0	1	430	1	430	0.0	863
NC_000913.3_3627	iSSON_1240.SSON_3642	100	430	0	0	1	430	16	445	0.0	863
NC_000913.3_3627	iSF_1195.SF3772	99.5	430	2	0	1	430	16	445	1.36e-318	860
NC_000913.3_3627	iYL1228.KPN_04094	93.3	430	29	0	1	430	16	445	2.13e-299	811
NC_000913.3_3627	STM_v1_0.STM3827	91.4	430	37	0	1	430	16	445	1.67e-296	804
NC_000913.3_3628	iML1515.b4478	100	382	0	0	1	382	1	382	1.32e-290	784
NC_000913.3_3628	iYL1228.KPN_04095	92.7	382	28	0	1	382	1	382	5.44e-274	742
NC_000913.3_3628	STM_v1_0.STM3828	92.4	382	29	0	1	382	1	382	2.12e-271	736
NC_000913.3_3629	iML1515.b4477	100	205	0	0	1	205	1	205	4.95e-145	401
NC_000913.3_3629	iYL1228.KPN_04096	89.2	204	22	0	1	204	1	204	6.12e-130	363
NC_000913.3_3630	iML1515.b3693	100	292	0	0	1	292	1	292	2.68e-215	586
NC_000913.3_3630	iSSON_1240.SSON_3644	99.3	292	2	0	1	292	1	292	1.05e-212	580
NC_000913.3_3630	iSF_1195.SF3770	97.9	292	6	0	1	292	1	292	8.24e-210	572
NC_000913.3_3633	iML1515.b3697	100	270	0	0	1	270	1	270	1.25e-193	530
NC_000913.3_3641	iCHOv1.100768660	26.0	288	146	14	295	531	23	294	7.73e-05	44.7
NC_000913.3_3643	iML1515.b3708	100	471	0	0	1	471	1	471	0.0	947
NC_000913.3_3643	iSF_1195.SF3754	100	471	0	0	1	471	1	471	0.0	947
NC_000913.3_3643	iSbBS512_1146.SbBS512_E4214	99.8	471	1	0	1	471	1	471	0.0	945
NC_000913.3_3644	iML1515.b3709	100	415	0	0	1	415	1	415	9.58e-303	818
NC_000913.3_3644	iSF_1195.SF3753	99.0	415	4	0	1	415	1	415	9.18e-301	813
NC_000913.3_3644	iSbBS512_1146.SbBS512_E4213	99.0	415	2	1	1	415	1	413	5.74e-299	808
NC_000913.3_3644	iSDY_1059.SDY_4204	98.2	384	5	1	32	415	14	395	3.19e-271	737
NC_000913.3_3645	iML1515.b4337	28.4	225	158	2	20	241	30	254	2.68e-19	88.6
NC_000913.3_3645	iPC815.YPO4048	27.9	226	155	4	20	238	34	258	5.28e-18	84.7
NC_000913.3_3647	iSbBS512_1146.SbBS512_E3847	33.3	93	54	2	15	107	12	96	5.55e-08	51.2
NC_000913.3_3647	iSDY_1059.SDY_3630	33.3	93	54	2	15	107	12	96	5.96e-08	51.2
NC_000913.3_3647	iSSON_1240.SSON_3713	33.3	93	54	2	15	107	12	96	5.96e-08	51.2
NC_000913.3_3647	iML1515.b3475	33.3	93	54	2	15	107	12	96	1.10e-07	50.4
NC_000913.3_3647	iSF_1195.SF3493	33.3	93	54	2	15	107	12	96	1.10e-07	50.4
NC_000913.3_3648	iML1515.b3713	100	188	0	0	1	188	1	188	2.13e-133	370
NC_000913.3_3649	iML1515.b3714	100	445	0	0	1	445	1	445	2.98e-303	822
NC_000913.3_3649	iSSON_1240.SSON_3558	99.6	445	2	0	1	445	1	445	6.02e-303	821
NC_000913.3_3649	iSDY_1059.SDY_4199	99.3	445	3	0	1	445	1	445	4.73e-300	813
NC_000913.3_3649	iSF_1195.SF3746	98.9	445	5	0	1	445	1	445	1.92e-299	812
NC_000913.3_3649	iSbBS512_1146.SbBS512_E4208	98.4	445	7	0	1	445	1	445	1.84e-297	807
NC_000913.3_3650	iML1515.b3715	100	221	0	0	1	221	1	221	5.34e-166	456
NC_000913.3_3653	iYO844.BSU02360	30.4	247	158	7	1	237	1	243	1.54e-26	102
NC_000913.3_3653	iCN900.CD630_10110	30.4	250	152	7	1	237	1	241	8.59e-25	98.2
NC_000913.3_3654	iEK1008.Rv1288	27.4	146	86	4	161	304	192	319	2.35e-04	42.7
NC_000913.3_3656	iML1515.b3721	100	470	0	0	1	470	1	470	0.0	969
NC_000913.3_3657	iML1515.b3722	100	625	0	0	1	625	1	625	0.0	1222
NC_000913.3_3657	iSSON_1240.SSON_3912	99.2	625	5	0	1	625	1	625	0.0	1213
NC_000913.3_3657	iSF_1195.SF3733	98.4	625	10	0	1	625	1	625	0.0	1197
NC_000913.3_3660	iML1515.b3725	100	257	0	0	1	257	1	257	8.50e-190	519
NC_000913.3_3660	iSbBS512_1146.SbBS512_E4203	100	257	0	0	1	257	1	257	8.50e-190	519
NC_000913.3_3660	iSDY_1059.SDY_4025	100	257	0	0	1	257	1	257	8.50e-190	519
NC_000913.3_3660	iSF_1195.SF3730	100	257	0	0	1	257	1	257	8.50e-190	519
NC_000913.3_3660	iSSON_1240.SSON_3909	100	257	0	0	1	257	1	257	8.50e-190	519
NC_000913.3_3660	STM_v1_0.STM3854	98.4	257	4	0	1	257	1	257	2.34e-187	513
NC_000913.3_3660	iYL1228.KPN_04130	98.1	257	5	0	1	257	1	257	1.35e-186	511
NC_000913.3_3660	iPC815.YPO4114	90.7	258	23	1	1	257	1	258	8.59e-172	473
NC_000913.3_3661	iML1515.b3726	100	296	0	0	1	296	1	296	2.43e-204	559
NC_000913.3_3661	iSF_1195.SF3729	99.7	296	1	0	1	296	1	296	8.13e-203	555
NC_000913.3_3661	iSbBS512_1146.SbBS512_E4202	99.3	296	2	0	1	296	1	296	3.31e-202	553
NC_000913.3_3661	iSDY_1059.SDY_4024	99.3	296	2	0	1	296	1	296	3.31e-202	553
NC_000913.3_3661	iSSON_1240.SSON_3908	99.3	296	2	0	1	296	1	296	3.31e-202	553
NC_000913.3_3661	STM_v1_0.STM3855	95.6	296	13	0	1	296	1	296	1.18e-195	537
NC_000913.3_3661	iYL1228.KPN_04131	94.3	296	17	0	1	296	1	296	9.29e-193	530
NC_000913.3_3662	iML1515.b3727	100	319	0	0	1	319	1	319	2.12e-221	604
NC_000913.3_3662	iSbBS512_1146.SbBS512_E4201	100	319	0	0	1	319	1	319	2.12e-221	604
NC_000913.3_3662	iSSON_1240.SSON_3907	100	319	0	0	1	319	1	319	2.12e-221	604
NC_000913.3_3662	STM_v1_0.STM3856	97.8	319	7	0	1	319	1	319	1.37e-217	594
NC_000913.3_3662	iYL1228.KPN_04132	94.7	319	17	0	1	319	1	319	1.20e-211	579
NC_000913.3_3662	iSDY_1059.SDY_4023	93.4	333	8	1	1	319	1	333	1.93e-209	574
NC_000913.3_3662	iSF_1195.SF3728	100	298	0	0	22	319	2	299	4.13e-205	562
NC_000913.3_3663	iML1515.b3728	100	346	0	0	1	346	1	346	2.92e-253	687
NC_000913.3_3663	iSbBS512_1146.SbBS512_E4200	100	346	0	0	1	346	1	346	2.92e-253	687
NC_000913.3_3663	iSF_1195.SF3727	100	346	0	0	1	346	1	346	2.92e-253	687
NC_000913.3_3663	iSDY_1059.SDY_4022	99.4	346	2	0	1	346	1	346	3.98e-251	681
NC_000913.3_3663	iSSON_1240.SSON_3906	98.8	346	4	0	1	346	1	346	8.02e-251	681
NC_000913.3_3663	STM_v1_0.STM3857	92.8	346	25	0	1	346	1	346	2.42e-236	644
NC_000913.3_3663	iYL1228.KPN_04133	89.9	346	35	0	1	346	1	346	1.50e-230	629
NC_000913.3_3664	iML1515.b3729	100	609	0	0	1	609	1	609	0.0	1183
NC_000913.3_3664	iSF_1195.SF3809	99.8	609	1	0	1	609	1	609	0.0	1182
NC_000913.3_3664	iSDY_1059.SDY_4019	99.8	609	1	0	1	609	1	609	0.0	1181
NC_000913.3_3664	iSbBS512_1146.SbBS512_E4192	99.5	609	3	0	1	609	1	609	0.0	1178
NC_000913.3_3664	iSSON_1240.SSON_3890	99.7	609	2	0	1	609	1	609	0.0	1178
NC_000913.3_3664	STM_v1_0.STM3861	99.0	609	6	0	1	609	1	609	0.0	1173
NC_000913.3_3664	iYL1228.KPN_04134	90.6	609	57	0	1	609	1	609	0.0	1079
NC_000913.3_3665	iML1515.b3730	100	456	0	0	1	456	1	456	0.0	895
NC_000913.3_3665	iSDY_1059.SDY_4018	99.8	456	1	0	1	456	1	456	0.0	894
NC_000913.3_3665	iSF_1195.SF3810	99.8	456	1	0	1	456	1	456	0.0	894
NC_000913.3_3665	iSSON_1240.SSON_3889	99.8	456	1	0	1	456	1	456	0.0	893
NC_000913.3_3665	iSbBS512_1146.SbBS512_E4191	99.6	456	2	0	1	456	1	456	0.0	890
NC_000913.3_3665	STM_v1_0.STM3862	91.0	456	41	0	1	456	1	456	2.99e-304	825
NC_000913.3_3666	iML1515.b3731	100	139	0	0	1	139	1	139	2.25e-93	265
NC_000913.3_3666	iSDY_1059.SDY_4017	100	139	0	0	1	139	1	139	2.25e-93	265
NC_000913.3_3666	iSSON_1240.SSON_3888	100	139	0	0	1	139	1	139	2.25e-93	265
NC_000913.3_3666	iSbBS512_1146.SbBS512_E4190	99.3	139	1	0	1	139	1	139	3.74e-92	262
NC_000913.3_3666	iSF_1195.SF3811	100	137	0	0	3	139	1	137	3.50e-92	262
NC_000913.3_3666	iYL1228.KPN_04136	97.1	139	4	0	1	139	1	139	6.21e-91	259
NC_000913.3_3666	STM_v1_0.STM3864	97.1	139	4	0	1	139	1	139	6.21e-91	259
NC_000913.3_3667	iML1515.b3732	100	460	0	0	1	460	1	460	0.0	890
NC_000913.3_3667	iSbBS512_1146.SbBS512_E4189	100	460	0	0	1	460	1	460	0.0	890
NC_000913.3_3667	iSF_1195.SF3812	100	460	0	0	1	460	1	460	0.0	890
NC_000913.3_3667	iSSON_1240.SSON_3887	100	460	0	0	1	460	1	460	0.0	890
NC_000913.3_3667	STM_v1_0.STM3865	99.6	460	2	0	1	460	1	460	0.0	887
NC_000913.3_3667	iSDY_1059.SDY_4016	99.8	460	1	0	1	460	1	460	0.0	887
NC_000913.3_3667	iYL1228.KPN_04137	98.5	460	7	0	1	460	1	460	0.0	879
NC_000913.3_3667	iPC815.YPO4121	93.3	460	31	0	1	460	1	460	1.14e-310	842
NC_000913.3_3668	iML1515.b3733	100	287	0	0	1	287	1	287	1.11e-200	549
NC_000913.3_3668	iSbBS512_1146.SbBS512_E4188	100	287	0	0	1	287	1	287	1.11e-200	549
NC_000913.3_3668	iSDY_1059.SDY_4015	100	287	0	0	1	287	1	287	1.11e-200	549
NC_000913.3_3668	iSF_1195.SF3813	100	287	0	0	1	287	1	287	1.11e-200	549
NC_000913.3_3668	iSSON_1240.SSON_3886	99.7	287	1	0	1	287	1	287	9.15e-200	546
NC_000913.3_3668	STM_v1_0.STM3866	96.5	287	10	0	1	287	1	287	8.05e-194	531
NC_000913.3_3668	iYL1228.KPN_04138	96.2	287	11	0	1	287	1	287	6.61e-193	529
NC_000913.3_3668	iPC815.YPO4122	90.6	287	27	0	1	287	1	287	7.22e-181	499
NC_000913.3_3669	iML1515.b3734	100	513	0	0	1	513	1	513	0.0	983
NC_000913.3_3669	iSDY_1059.SDY_4014	100	513	0	0	1	513	1	513	0.0	983
NC_000913.3_3669	iSF_1195.SF3814	100	513	0	0	1	513	1	513	0.0	983
NC_000913.3_3669	iSSON_1240.SSON_3885	100	513	0	0	1	513	1	513	0.0	983
NC_000913.3_3669	iSbBS512_1146.SbBS512_E4187	99.8	513	1	0	1	513	1	513	0.0	981
NC_000913.3_3669	STM_v1_0.STM3867	98.6	513	7	0	1	513	1	513	0.0	972
NC_000913.3_3669	iYL1228.KPN_04139	98.2	513	9	0	1	513	1	513	0.0	971
NC_000913.3_3669	iPC815.YPO4123	93.6	513	33	0	1	513	1	513	0.0	932
NC_000913.3_3670	iML1515.b3735	100	177	0	0	1	177	1	177	7.78e-117	328
NC_000913.3_3670	iSbBS512_1146.SbBS512_E4186	100	177	0	0	1	177	1	177	7.78e-117	328
NC_000913.3_3670	iSSON_1240.SSON_3884	100	177	0	0	1	177	1	177	7.78e-117	328
NC_000913.3_3670	iSDY_1059.SDY_4013	99.4	177	1	0	1	177	1	177	6.40e-116	325
NC_000913.3_3670	iSF_1195.SF3815	98.9	177	2	0	1	177	1	177	9.09e-116	325
NC_000913.3_3670	STM_v1_0.STM3868	94.9	177	9	0	1	177	1	177	8.36e-112	315
NC_000913.3_3670	iYL1228.KPN_04140	88.1	177	21	0	1	177	1	177	8.58e-105	297
NC_000913.3_3671	iML1515.b3736	100	156	0	0	1	156	1	156	5.88e-79	230
NC_000913.3_3671	iSbBS512_1146.SbBS512_E4185	100	156	0	0	1	156	1	156	5.88e-79	230
NC_000913.3_3671	iSDY_1059.SDY_4012	100	156	0	0	1	156	1	156	5.88e-79	230
NC_000913.3_3671	iSF_1195.SF3816	100	156	0	0	1	156	1	156	5.88e-79	230
NC_000913.3_3671	iSSON_1240.SSON_3883	100	156	0	0	1	156	1	156	5.88e-79	230
NC_000913.3_3671	STM_v1_0.STM3869	94.9	156	8	0	1	156	1	156	7.98e-77	225
NC_000913.3_3671	iYL1228.KPN_04141	94.2	154	9	0	3	156	1	154	6.80e-73	215
NC_000913.3_3671	iPC815.YPO4125	91.0	156	14	0	1	156	1	156	1.20e-71	212
NC_000913.3_3672	iML1515.b3737	100	79	0	0	1	79	1	79	3.17e-47	144
NC_000913.3_3672	iYL1228.KPN_04142	100	79	0	0	1	79	1	79	3.17e-47	144
NC_000913.3_3672	STM_v1_0.STM3870	100	79	0	0	1	79	1	79	3.17e-47	144
NC_000913.3_3672	iSbBS512_1146.SbBS512_E4184	100	79	0	0	1	79	1	79	3.17e-47	144
NC_000913.3_3672	iSDY_1059.SDY_4011	100	79	0	0	1	79	1	79	3.17e-47	144
NC_000913.3_3672	iSF_1195.SF3817	100	79	0	0	1	79	1	79	3.17e-47	144
NC_000913.3_3672	iSSON_1240.SSON_3882	100	79	0	0	1	79	1	79	3.17e-47	144
NC_000913.3_3672	iPC815.YPO4126	100	79	0	0	1	79	1	79	3.17e-47	144
NC_000913.3_3673	iML1515.b3738	100	271	0	0	1	271	1	271	1.58e-192	527
NC_000913.3_3673	iSbBS512_1146.SbBS512_E4183	100	271	0	0	1	271	1	271	1.58e-192	527
NC_000913.3_3673	iSSON_1240.SSON_3881	100	271	0	0	1	271	1	271	1.58e-192	527
NC_000913.3_3673	iSF_1195.SF3818	99.6	271	1	0	1	271	1	271	4.53e-192	526
NC_000913.3_3673	iSDY_1059.SDY_4010	99.6	271	1	0	1	271	1	271	1.84e-191	524
NC_000913.3_3673	STM_v1_0.STM3871	96.3	271	10	0	1	271	1	271	1.69e-187	514
NC_000913.3_3673	iYL1228.KPN_04143	92.1	266	21	0	6	271	1	266	1.97e-178	491
NC_000913.3_3674	iML1515.b3739	100	126	0	0	1	126	1	126	1.79e-77	224
NC_000913.3_3674	iSbBS512_1146.SbBS512_E4182	100	126	0	0	1	126	1	126	1.79e-77	224
NC_000913.3_3674	iSDY_1059.SDY_4009	100	126	0	0	1	126	5	130	2.04e-77	224
NC_000913.3_3674	iSF_1195.SF3819	100	126	0	0	1	126	5	130	2.04e-77	224
NC_000913.3_3674	iSSON_1240.SSON_3880	99.2	126	1	0	1	126	5	130	1.67e-76	222
NC_000913.3_3674	STM_v1_0.STM3872	91.3	126	11	0	1	126	1	126	1.58e-71	209
NC_000913.3_3676	iSynCJ816.SGL_RS13580	43.0	86	48	1	311	395	292	377	3.71e-08	55.8
NC_000913.3_3677	iJN1463.PP_4628	33.3	147	94	3	4	146	3	149	6.34e-20	80.1
NC_000913.3_3677	iYS854.USA300HOU_RS14220	31.6	152	85	5	4	146	89	230	6.03e-18	79.0
NC_000913.3_3677	iYO844.BSU33440	31.4	140	89	4	3	139	67	202	9.70e-17	75.5
NC_000913.3_3679	iML1515.b3744	100	330	0	0	1	330	1	330	3.01e-247	670
NC_000913.3_3679	iSDY_1059.SDY_4004	99.7	330	1	0	1	330	1	330	8.62e-247	669
NC_000913.3_3679	iSSON_1240.SSON_3875	99.4	330	2	0	1	330	1	330	2.47e-246	668
NC_000913.3_3679	iSbBS512_1146.SbBS512_E4177	99.4	330	2	0	1	330	1	330	1.43e-245	666
NC_000913.3_3679	iSF_1195.SF3824	99.1	330	3	0	1	330	1	330	2.03e-245	665
NC_000913.3_3679	STM_v1_0.STM3877	94.2	330	19	0	1	330	1	330	3.87e-234	637
NC_000913.3_3679	iYL1228.KPN_04149	90.0	330	33	0	1	330	1	330	8.58e-222	606
NC_000913.3_3682	iML1515.b3747	100	622	0	0	1	622	1	622	0.0	1211
NC_000913.3_3682	iSSON_1240.SSON_3917	99.8	622	1	0	1	622	1	622	0.0	1210
NC_000913.3_3682	iSbBS512_1146.SbBS512_E4173	99.8	622	1	0	1	622	1	622	0.0	1207
NC_000913.3_3682	iSF_1195.SF3828	99.5	622	3	0	1	622	1	622	0.0	1204
NC_000913.3_3682	iSDY_1059.SDY_4001	99.2	624	3	1	1	622	1	624	0.0	1200
NC_000913.3_3682	STM_v1_0.STM3880	96.8	622	20	0	1	622	1	622	0.0	1180
NC_000913.3_3682	iYL1228.KPN_04152	92.6	622	46	0	1	622	1	622	0.0	1143
NC_000913.3_3683	iML1515.b3748	100	139	0	0	1	139	1	139	1.16e-95	271
NC_000913.3_3684	iML1515.b3749	100	501	0	0	1	501	1	501	0.0	971
NC_000913.3_3684	STM_v1_0.STM3882	96.8	501	16	0	1	501	1	501	0.0	946
NC_000913.3_3684	iYL1228.KPN_04154	95.8	501	21	0	1	501	1	501	0.0	930
NC_000913.3_3685	iML1515.b3750	100	321	0	0	1	321	1	321	8.10e-211	577
NC_000913.3_3685	iYL1228.KPN_04155	95.6	321	14	0	1	321	1	321	4.99e-205	563
NC_000913.3_3685	STM_v1_0.STM3883	95.0	321	16	0	1	321	1	321	2.26e-201	553
NC_000913.3_3686	iML1515.b3751	100	296	0	0	1	296	1	296	1.35e-201	552
NC_000913.3_3686	STM_v1_0.STM3884	97.3	296	8	0	1	296	1	296	5.03e-197	540
NC_000913.3_3686	iYL1228.KPN_04156	94.6	296	16	0	1	296	1	296	5.37e-192	528
NC_000913.3_3687	iML1515.b3752	100	309	0	0	1	309	1	309	2.26e-211	578
NC_000913.3_3687	iSSON_1240.SSON_3922	100	309	0	0	1	309	1	309	2.26e-211	578
NC_000913.3_3687	iSF_1195.SF3835	99.7	309	1	0	1	309	6	314	7.79e-211	577
NC_000913.3_3687	iSbBS512_1146.SbBS512_E4167	99.7	309	1	0	1	309	1	309	9.19e-211	576
NC_000913.3_3687	iSDY_1059.SDY_3995	99.0	309	3	0	1	309	1	309	5.09e-208	569
NC_000913.3_3687	STM_v1_0.STM3885	89.0	308	34	0	1	308	1	308	9.79e-190	523
NC_000913.3_3688	iYO844.BSU35960	27.7	249	166	7	61	302	39	280	3.23e-20	89.0
NC_000913.3_3688	STM_v1_0.STM3884	27.9	251	167	7	61	303	28	272	1.25e-18	84.3
NC_000913.3_3688	iML1515.b3751	26.8	250	169	7	61	302	28	271	2.85e-17	80.5
NC_000913.3_3689	iYO844.BSU03070	27.2	408	274	13	18	413	20	416	1.23e-30	124
NC_000913.3_3694	iAF692.Mbar_A1776	24.3	185	111	5	188	346	9	190	8.58e-06	48.1
NC_000913.3_3694	iEK1008.Rv2850c	35.0	60	39	0	287	346	94	153	1.44e-05	47.4
NC_000913.3_3694	iSynCJ816.SGL_RS02940	24.2	190	112	4	186	346	10	196	2.57e-05	46.6
NC_000913.3_3695	STM_v1_0.STM3901	93.5	325	21	0	1	325	1	325	1.66e-217	603
NC_000913.3_3695	iYL1228.KPN_04267	89.2	325	35	0	1	325	1	325	6.23e-208	579
NC_000913.3_3696	STM_v1_0.STM3901	94.9	178	9	0	1	178	371	548	1.54e-118	345
NC_000913.3_3696	iYL1228.KPN_04267	94.4	178	10	0	1	178	371	548	8.73e-118	343
NC_000913.3_3697	STM_v1_0.STM3902	93.0	86	6	0	2	87	1	86	5.01e-52	157
NC_000913.3_3698	iML1515.b3770	100	309	0	0	1	309	1	309	1.15e-229	624
NC_000913.3_3698	iSbBS512_1146.SbBS512_E4150	100	309	0	0	1	309	1	309	1.15e-229	624
NC_000913.3_3698	iSDY_1059.SDY_3978	100	309	0	0	1	309	1	309	1.15e-229	624
NC_000913.3_3698	iSF_1195.SF3845	99.7	309	1	0	1	309	1	309	1.64e-229	624
NC_000913.3_3698	iSSON_1240.SSON_3941	99.7	309	1	0	1	309	1	309	1.91e-228	621
NC_000913.3_3698	STM_v1_0.STM3903	98.1	308	6	0	1	308	1	308	6.13e-225	612
NC_000913.3_3698	iYL1228.KPN_04269	94.8	309	16	0	1	309	1	309	6.31e-218	594
NC_000913.3_3698	iPC815.YPO3899	91.5	306	26	0	3	308	2	307	1.53e-211	578
NC_000913.3_3699	iML1515.b3771	100	616	0	0	1	616	1	616	0.0	1202
NC_000913.3_3699	iSbBS512_1146.SbBS512_E4149	99.8	616	1	0	1	616	1	616	0.0	1201
NC_000913.3_3699	iSSON_1240.SSON_3942	99.5	616	3	0	1	616	1	616	0.0	1198
NC_000913.3_3699	iSF_1195.SF3846	99.5	616	3	0	1	616	1	616	0.0	1196
NC_000913.3_3699	iSDY_1059.SDY_3977	99.4	616	4	0	1	616	1	616	0.0	1195
NC_000913.3_3699	iYL1228.KPN_04270	96.6	616	21	0	1	616	1	616	0.0	1169
NC_000913.3_3699	STM_v1_0.STM3904	95.9	616	25	0	1	616	1	616	0.0	1162
NC_000913.3_3700	iML1515.b3772	100	514	0	0	1	514	1	514	0.0	1016
NC_000913.3_3700	iSF_1195.SF3847	99.6	514	2	0	1	514	1	514	0.0	1011
NC_000913.3_3700	iSSON_1240.SSON_3943	99.6	514	2	0	1	514	1	514	0.0	1011
NC_000913.3_3700	iSbBS512_1146.SbBS512_E4147	99.4	514	3	0	1	514	1	514	0.0	1010
NC_000913.3_3700	iSDY_1059.SDY_3976	99.4	514	3	0	1	514	1	514	0.0	1010
NC_000913.3_3700	STM_v1_0.STM3905	95.5	514	23	0	1	514	1	514	0.0	974
NC_000913.3_3700	iYL1228.KPN_04271	95.1	514	25	0	1	514	1	514	0.0	973
NC_000913.3_3702	iML1515.b3774	100	491	0	0	1	491	1	491	0.0	973
NC_000913.3_3702	iSF_1195.SF3848	99.4	491	3	0	1	491	1	491	0.0	969
NC_000913.3_3702	iSbBS512_1146.SbBS512_E4146	99.4	491	3	0	1	491	1	491	0.0	968
NC_000913.3_3702	iSDY_1059.SDY_3974	99.4	491	3	0	1	491	1	491	0.0	968
NC_000913.3_3702	iSSON_1240.SSON_3945	99.4	491	3	0	1	491	1	491	0.0	968
NC_000913.3_3702	STM_v1_0.STM3909	98.6	491	7	0	1	491	1	491	0.0	962
NC_000913.3_3702	iYL1228.KPN_04273	97.6	491	12	0	1	491	1	491	0.0	946
NC_000913.3_3702	iPC815.YPO3888	92.1	492	38	1	1	491	1	492	0.0	892
NC_000913.3_3706	iML1515.b3779	100	494	0	0	1	494	1	494	0.0	961
NC_000913.3_3706	iSbBS512_1146.SbBS512_E4142	99.8	494	1	0	1	494	1	494	0.0	958
NC_000913.3_3706	iSF_1195.SF3852	99.6	494	2	0	1	494	1	494	0.0	957
NC_000913.3_3706	iSSON_1240.SSON_3950	99.6	494	2	0	1	494	1	494	0.0	956
NC_000913.3_3706	iSDY_1059.SDY_3970	99.6	494	2	0	1	494	1	494	0.0	956
NC_000913.3_3708	iML1515.b3781	100	109	0	0	1	109	1	109	1.03e-77	223
NC_000913.3_3708	STM_v1_0.STM3915	100	109	0	0	1	109	1	109	1.03e-77	223
NC_000913.3_3708	iSbBS512_1146.SbBS512_E4140	100	109	0	0	1	109	1	109	1.03e-77	223
NC_000913.3_3708	iSDY_1059.SDY_3968	100	109	0	0	1	109	19	127	1.85e-77	223
NC_000913.3_3708	iSF_1195.SF3854	100	109	0	0	1	109	19	127	1.85e-77	223
NC_000913.3_3708	iSSON_1240.SSON_3952	100	109	0	0	1	109	19	127	1.85e-77	223
NC_000913.3_3708	iYL1228.KPN_04282	97.2	109	3	0	1	109	1	109	1.41e-75	218
NC_000913.3_3709	iCN900.CD630_02510	27.6	254	159	6	160	401	151	391	6.24e-11	63.5
NC_000913.3_3711	iML1515.b3784	100	367	0	0	1	367	1	367	7.89e-264	715
NC_000913.3_3711	iSbBS512_1146.SbBS512_E4137	100	367	0	0	1	367	1	367	7.89e-264	715
NC_000913.3_3711	iSF_1195.SF3858	100	367	0	0	1	367	1	367	7.89e-264	715
NC_000913.3_3711	iSSON_1240.SSON_3956	100	367	0	0	1	367	1	367	7.89e-264	715
NC_000913.3_3711	iSDY_1059.SDY_3964	99.5	367	2	0	1	367	1	367	1.31e-262	712
NC_000913.3_3712	iML1515.b3785	100	348	0	0	1	348	1	348	3.41e-253	687
NC_000913.3_3712	iSbBS512_1146.SbBS512_E4136	100	348	0	0	1	348	1	348	3.41e-253	687
NC_000913.3_3712	iSDY_1059.SDY_3963	100	348	0	0	1	348	2	349	3.54e-253	687
NC_000913.3_3712	iSF_1195.SF3859	100	348	0	0	1	348	1	348	3.41e-253	687
NC_000913.3_3712	iSSON_1240.SSON_3957	100	348	0	0	1	348	2	349	3.54e-253	687
NC_000913.3_3712	STM_v1_0.STM3919	91.3	345	30	0	1	345	1	345	2.13e-231	632
NC_000913.3_3713	iML1515.b3786	100	376	0	0	1	376	1	376	3.86e-280	757
NC_000913.3_3713	iSDY_1059.SDY_3962	99.2	376	3	0	1	376	15	390	8.93e-278	752
NC_000913.3_3713	iSSON_1240.SSON_3958	99.2	376	3	0	1	376	15	390	8.93e-278	752
NC_000913.3_3713	iSbBS512_1146.SbBS512_E4135	99.2	376	3	0	1	376	1	376	2.14e-277	750
NC_000913.3_3713	iSF_1195.SF3860	98.9	376	4	0	1	376	15	390	6.03e-276	747
NC_000913.3_3714	iML1515.b3787	100	420	0	0	1	420	1	420	5.02e-312	842
NC_000913.3_3714	iSF_1195.SF3861	100	420	0	0	1	420	1	420	5.02e-312	842
NC_000913.3_3714	iSSON_1240.SSON_3959	99.8	420	1	0	1	420	1	420	2.04e-311	840
NC_000913.3_3714	iSDY_1059.SDY_3961	99.8	420	1	0	1	420	1	420	4.13e-311	839
NC_000913.3_3714	iSbBS512_1146.SbBS512_E4134	99.5	420	2	0	1	420	1	420	1.68e-310	838
NC_000913.3_3714	STM_v1_0.STM3921	90.2	420	41	0	1	420	1	420	3.57e-280	761
NC_000913.3_3715	iML1515.b3788	100	355	0	0	1	355	1	355	1.00e-269	729
NC_000913.3_3715	iSSON_1240.SSON_3960	99.2	355	3	0	1	355	1	355	9.63e-268	724
NC_000913.3_3715	iSF_1195.SF3862	98.9	355	4	0	1	355	1	355	3.22e-266	720
NC_000913.3_3716	iML1515.b3789	100	293	0	0	1	293	1	293	3.02e-217	591
NC_000913.3_3716	iSbBS512_1146.SbBS512_E4132	100	293	0	0	1	293	1	293	3.02e-217	591
NC_000913.3_3716	iSF_1195.SF3863	100	293	0	0	1	293	1	293	3.02e-217	591
NC_000913.3_3716	iSDY_1059.SDY_3959	99.7	293	1	0	1	293	1	293	3.52e-216	588
NC_000913.3_3716	iSSON_1240.SSON_3961	99.7	293	1	0	1	293	1	293	3.52e-216	588
NC_000913.3_3716	iYL1228.KPN_04289	91.1	293	26	0	1	293	2	294	2.91e-197	541
NC_000913.3_3717	iML1515.b3790	100	224	0	0	1	224	1	224	1.99e-158	437
NC_000913.3_3718	iML1515.b3791	100	376	0	0	1	376	1	376	3.65e-269	729
NC_000913.3_3718	iSF_1195.SF3865	99.7	376	1	0	1	376	1	376	1.49e-268	728
NC_000913.3_3718	iSSON_1240.SSON_3963	99.7	376	1	0	1	376	1	376	6.05e-268	726
NC_000913.3_3718	iSbBS512_1146.SbBS512_E4130	99.7	376	1	0	1	376	1	376	8.59e-268	726
NC_000913.3_3718	iSDY_1059.SDY_3957	96.3	376	14	0	1	376	1	376	1.73e-267	725
NC_000913.3_3718	STM_v1_0.STM3925	91.5	376	32	0	1	376	1	376	3.74e-246	671
NC_000913.3_3719	iML1515.b3792	100	416	0	0	1	416	1	416	8.94e-288	780
NC_000913.3_3719	iSbBS512_1146.SbBS512_E4129	100	416	0	0	1	416	1	416	8.94e-288	780
NC_000913.3_3719	iSF_1195.SF3866	100	416	0	0	1	416	1	416	8.94e-288	780
NC_000913.3_3719	iSSON_1240.SSON_3964	100	416	0	0	1	416	1	416	8.94e-288	780
NC_000913.3_3719	iSDY_1059.SDY_3956	99.5	416	2	0	1	416	1	416	6.02e-286	775
NC_000913.3_3719	STM_v1_0.STM3926	89.4	416	44	0	1	416	1	416	9.64e-260	709
NC_000913.3_3720	iML1515.b4481	100	359	0	0	1	359	1	359	1.60e-268	726
NC_000913.3_3720	iSbBS512_1146.SbBS512_E4128	99.2	359	3	0	1	359	1	359	1.54e-266	721
NC_000913.3_3720	iSSON_1240.SSON_3965	99.2	359	3	0	1	359	1	359	1.54e-266	721
NC_000913.3_3720	iSF_1195.SF3867	98.9	359	4	0	1	359	1	359	3.10e-266	721
NC_000913.3_3720	iSDY_1059.SDY_3955	97.5	359	9	0	1	359	1	359	4.05e-262	710
NC_000913.3_3721	iML1515.b3793	100	450	0	0	1	450	1	450	0.0	877
NC_000913.3_3721	iSSON_1240.SSON_3966	100	450	0	0	1	450	1	450	0.0	877
NC_000913.3_3721	iSDY_1059.SDY_3954	99.6	450	2	0	1	450	1	450	0.0	873
NC_000913.3_3721	iSF_1195.SF3868	99.6	450	2	0	1	450	1	450	0.0	872
NC_000913.3_3721	iSbBS512_1146.SbBS512_E4127	99.8	450	1	0	1	450	1	450	0.0	872
NC_000913.3_3721	STM_v1_0.STM3928	94.2	450	26	0	1	450	1	450	3.00e-306	830
NC_000913.3_3722	iML1515.b3794	100	246	0	0	1	246	1	246	2.17e-182	499
NC_000913.3_3722	iSbBS512_1146.SbBS512_E4126	99.6	246	1	0	1	246	1	246	8.83e-182	498
NC_000913.3_3722	iSDY_1059.SDY_3953	99.6	246	1	0	1	246	1	246	8.83e-182	498
NC_000913.3_3722	iSSON_1240.SSON_3967	99.6	246	1	0	1	246	1	246	8.83e-182	498
NC_000913.3_3722	iSF_1195.SF3869	99.2	246	2	0	1	246	1	246	1.25e-181	497
NC_000913.3_3723	iPC815.YPO3854	80.4	454	87	1	1	452	1	454	3.08e-263	722
NC_000913.3_3724	iJN1463.PP_3461	23.9	360	235	14	2	352	93	422	2.58e-19	89.4
NC_000913.3_3725	iMM1415.11883	29.6	412	248	14	82	478	16	400	5.74e-43	160
NC_000913.3_3725	iCHOv1.100754567	29.4	415	245	15	82	478	17	401	4.25e-41	155
NC_000913.3_3725	iCHOv1.100753973	29.0	410	240	16	82	474	27	402	1.98e-39	150
NC_000913.3_3726	iJN1463.PP_0189	26.7	397	279	5	3	390	3	396	2.22e-31	123
NC_000913.3_3727	iSSON_1240.SSON_3975	97.6	375	9	0	1	375	1	375	1.43e-220	608
NC_000913.3_3727	iSbBS512_1146.SbBS512_E4262	99.2	375	3	0	1	375	1	375	2.97e-219	606
NC_000913.3_3727	iSDY_1059.SDY_3943	97.2	393	11	0	1	393	1	393	2.15e-219	605
NC_000913.3_3727	iSF_1195.SF3875	98.7	375	5	0	1	375	1	375	6.73e-219	604
NC_000913.3_3728	iML1515.b3804	100	246	0	0	1	246	1	246	3.60e-181	496
NC_000913.3_3728	iSbBS512_1146.SbBS512_E4263	98.4	246	4	0	1	246	1	246	2.84e-178	489
NC_000913.3_3728	iSDY_1059.SDY_3942	98.4	246	4	0	1	246	1	246	4.03e-178	488
NC_000913.3_3728	iSF_1195.SF3876	98.0	246	5	0	1	246	1	246	8.13e-178	488
NC_000913.3_3728	iSSON_1240.SSON_3976	98.4	246	4	0	1	246	1	246	8.13e-178	488
NC_000913.3_3729	iSbBS512_1146.SbBS512_E4264	99.4	320	2	0	1	320	1	320	3.16e-228	621
NC_000913.3_3729	iSDY_1059.SDY_3941	99.4	320	2	0	1	320	1	320	3.16e-228	621
NC_000913.3_3729	iSSON_1240.SSON_3977	99.1	320	3	0	1	320	1	320	1.83e-227	619
NC_000913.3_3729	iML1515.b3805	100	313	0	0	8	320	1	313	3.87e-225	613
NC_000913.3_3729	iSF_1195.SF3877	99.0	313	3	0	8	320	1	313	7.49e-223	607
NC_000913.3_3729	STM_v1_0.STM3938	89.3	318	34	0	3	320	1	318	1.50e-205	564
NC_000913.3_3730	iML1515.b3806	100	848	0	0	1	848	1	848	0.0	1736
NC_000913.3_3730	iSbBS512_1146.SbBS512_E4265	99.9	848	1	0	1	848	1	848	0.0	1734
NC_000913.3_3730	iSSON_1240.SSON_3978	99.9	848	1	0	1	848	1	848	0.0	1734
NC_000913.3_3730	iSF_1195.SF3878	99.6	848	3	0	1	848	1	848	0.0	1731
NC_000913.3_3730	iSDY_1059.SDY_3940	99.5	848	4	0	1	848	1	848	0.0	1725
NC_000913.3_3730	STM_v1_0.STM3939	96.0	848	34	0	1	848	1	848	0.0	1676
NC_000913.3_3730	iYL1228.KPN_04305	92.9	850	58	2	1	848	1	850	0.0	1618
NC_000913.3_3731	iSDY_1059.SDY_3938	100	106	0	0	1	106	1	106	4.23e-80	229
NC_000913.3_3731	iSSON_1240.SSON_3980	100	106	0	0	1	106	1	106	4.23e-80	229
NC_000913.3_3731	iSbBS512_1146.SbBS512_E4266	99.1	106	1	0	1	106	1	106	2.45e-79	227
NC_000913.3_3731	iSF_1195.SF3880	99.1	106	1	0	1	106	1	106	5.79e-78	224
NC_000913.3_3733	iML1515.b3809	100	274	0	0	1	274	1	274	2.19e-205	560
NC_000913.3_3733	iSDY_1059.SDY_3936	100	274	0	0	1	274	2	275	2.27e-205	560
NC_000913.3_3733	iSSON_1240.SSON_3982	100	274	0	0	1	274	2	275	2.27e-205	560
NC_000913.3_3733	iSbBS512_1146.SbBS512_E4269	99.3	274	2	0	1	274	1	274	1.27e-204	558
NC_000913.3_3733	iSF_1195.SF3887	99.6	274	1	0	1	274	2	275	1.87e-204	557
NC_000913.3_3733	STM_v1_0.STM3947	95.6	274	12	0	1	274	2	275	8.17e-199	543
NC_000913.3_3733	iYL1228.KPN_04308	94.9	274	14	0	1	274	2	275	2.25e-196	537
NC_000913.3_3736	iML1515.b3812	100	238	0	0	1	238	1	238	2.84e-174	478
NC_000913.3_3739	iML1515.b3816	100	316	0	0	1	316	1	316	2.13e-224	611
NC_000913.3_3739	iSbBS512_1146.SbBS512_E4281	100	316	0	0	1	316	1	316	2.13e-224	611
NC_000913.3_3739	iSDY_1059.SDY_3929	100	316	0	0	1	316	1	316	2.13e-224	611
NC_000913.3_3739	iSF_1195.SF3894	100	316	0	0	1	316	1	316	2.13e-224	611
NC_000913.3_3739	iSSON_1240.SSON_3991	100	316	0	0	1	316	1	316	2.13e-224	611
NC_000913.3_3739	STM_v1_0.STM3952	97.5	316	8	0	1	316	1	316	1.61e-219	599
NC_000913.3_3739	iYL1228.KPN_04313	92.4	316	24	0	1	316	17	332	1.16e-209	575
NC_000913.3_3739	iPC815.YPO3837	88.3	316	37	0	1	316	1	316	1.27e-200	551
NC_000913.3_3744	iML1515.b3821	100	289	0	0	1	289	1	289	1.76e-223	607
NC_000913.3_3744	iSDY_1059.SDY_3922	100	289	0	0	1	289	1	289	1.76e-223	607
NC_000913.3_3744	iSF_1195.SF3899	100	289	0	0	1	289	1	289	1.76e-223	607
NC_000913.3_3744	iSbBS512_1146.SbBS512_E4288	99.7	289	1	0	1	289	1	289	2.05e-222	604
NC_000913.3_3744	iSSON_1240.SSON_3995	99.7	289	1	0	1	289	1	289	2.92e-222	603
NC_000913.3_3744	STM_v1_0.STM3957	92.0	289	23	0	1	289	1	289	1.08e-208	569
NC_000913.3_3745	iYS854.USA300HOU_RS07595	33.7	418	230	10	18	393	5	417	6.62e-66	222
NC_000913.3_3746	iML1515.b3823	100	206	0	0	1	206	1	206	9.23e-146	403
NC_000913.3_3746	iSbBS512_1146.SbBS512_E4290	99.5	206	1	0	1	206	1	206	1.31e-145	403
NC_000913.3_3746	STM_v1_0.STM3959	90.8	206	19	0	1	206	1	206	6.16e-135	376
NC_000913.3_3747	iML1515.b3824	100	206	0	0	1	206	1	206	4.04e-140	389
NC_000913.3_3747	iSbBS512_1146.SbBS512_E4291	100	206	0	0	1	206	1	206	4.04e-140	389
NC_000913.3_3747	iYL1228.KPN_04320	91.7	206	17	0	1	206	1	206	4.65e-130	363
NC_000913.3_3747	STM_v1_0.STM3960	88.8	206	23	0	1	206	1	206	2.57e-127	357
NC_000913.3_3748	iML1515.b3825	100	340	0	0	1	340	1	340	1.30e-262	710
NC_000913.3_3748	iSbBS512_1146.SbBS512_E4292	100	340	0	0	1	340	1	340	1.30e-262	710
NC_000913.3_3748	iSSON_1240.SSON_3999	100	340	0	0	1	340	1	340	1.30e-262	710
NC_000913.3_3748	iSDY_1059.SDY_3918	99.7	340	1	0	1	340	1	340	3.73e-262	709
NC_000913.3_3748	iSF_1195.SF3903	99.7	340	1	0	1	340	1	340	2.16e-261	707
NC_000913.3_3749	iML1515.b3826	100	266	0	0	1	266	1	266	4.94e-198	540
NC_000913.3_3749	iSbBS512_1146.SbBS512_E4293	99.6	266	1	0	1	266	1	266	2.01e-197	539
NC_000913.3_3749	iSF_1195.SF3904	99.2	266	2	0	1	266	1	266	2.86e-197	538
NC_000913.3_3749	iSDY_1059.SDY_3917	99.2	266	2	0	1	266	1	266	1.65e-196	536
NC_000913.3_3749	iSSON_1240.SSON_4000	99.2	266	2	0	1	266	1	266	6.74e-196	535
NC_000913.3_3752	iML1515.b3829	100	753	0	0	1	753	1	753	0.0	1526
NC_000913.3_3752	iSDY_1059.SDY_3914	99.2	753	6	0	1	753	1	753	0.0	1518
NC_000913.3_3752	iSbBS512_1146.SbBS512_E4295	99.2	753	6	0	1	753	1	753	0.0	1516
NC_000913.3_3752	iSSON_1240.SSON_4003	99.1	753	7	0	1	753	1	753	0.0	1514
NC_000913.3_3752	iSF_1195.SF3907	98.9	753	8	0	1	753	1	753	0.0	1510
NC_000913.3_3752	STM_v1_0.STM3965	94.0	752	45	0	1	752	1	752	0.0	1441
NC_000913.3_3752	iYL1228.KPN_04325	93.0	752	53	0	1	752	1	752	0.0	1434
NC_000913.3_3754	iML1515.b3831	100	253	0	0	1	253	1	253	6.17e-181	496
NC_000913.3_3754	iSF_1195.SF3909	99.6	253	1	0	1	253	1	253	2.51e-180	494
NC_000913.3_3754	iSbBS512_1146.SbBS512_E4303	99.6	253	1	0	1	253	1	253	1.02e-179	493
NC_000913.3_3754	iSDY_1059.SDY_3912	99.6	253	1	0	1	253	1	253	1.02e-179	493
NC_000913.3_3754	iSSON_1240.SSON_4006	99.2	253	2	0	1	253	1	253	1.45e-179	493
NC_000913.3_3754	iYL1228.KPN_04327	96.4	253	9	0	1	253	1	253	1.90e-175	482
NC_000913.3_3754	STM_v1_0.STM3968	97.2	253	7	0	1	253	1	253	3.83e-175	481
NC_000913.3_3754	iPC815.YPO3786	92.1	253	20	0	1	253	1	253	6.81e-169	466
NC_000913.3_3756	iML1515.b3833	100	251	0	0	1	251	1	251	1.58e-182	500
NC_000913.3_3756	iSbBS512_1146.SbBS512_E4305	100	251	0	0	1	251	1	251	1.58e-182	500
NC_000913.3_3756	iSDY_1059.SDY_3910	100	251	0	0	1	251	1	251	1.58e-182	500
NC_000913.3_3756	iSF_1195.SF3911	100	251	0	0	1	251	1	251	1.58e-182	500
NC_000913.3_3756	iSSON_1240.SSON_4008	100	251	0	0	1	251	1	251	1.58e-182	500
NC_000913.3_3756	STM_v1_0.STM3970	96.0	251	10	0	1	251	1	251	8.42e-178	488
NC_000913.3_3756	iYL1228.KPN_04329	92.0	251	20	0	1	251	1	251	2.59e-172	474
NC_000913.3_3758	iSbBS512_1146.SbBS512_E4307	100	546	0	0	1	546	1	546	0.0	1110
NC_000913.3_3758	iSDY_1059.SDY_3908	100	546	0	0	1	546	1	546	0.0	1110
NC_000913.3_3758	iSF_1195.SF3913	100	546	0	0	1	546	1	546	0.0	1110
NC_000913.3_3758	iSSON_1240.SSON_4010	99.8	546	1	0	1	546	1	546	0.0	1109
NC_000913.3_3758	STM_v1_0.STM3972	94.3	546	31	0	1	546	1	546	0.0	1059
NC_000913.3_3758	iYL1228.KPN_04331	88.8	546	61	0	1	546	1	546	0.0	1011
NC_000913.3_3764	iML1515.b3843	100	497	0	0	1	497	1	497	0.0	1031
NC_000913.3_3764	iSSON_1240.SSON_4016	100	497	0	0	1	497	1	497	0.0	1031
NC_000913.3_3764	iSbBS512_1146.SbBS512_E4313	99.8	497	1	0	1	497	1	497	0.0	1029
NC_000913.3_3764	iSF_1195.SF3919	99.0	497	5	0	1	497	1	497	0.0	1022
NC_000913.3_3764	iSDY_1059.SDY_3902	99.2	497	4	0	1	497	1	497	0.0	1021
NC_000913.3_3764	iYL1228.KPN_04337	96.5	488	17	0	4	491	1	488	0.0	984
NC_000913.3_3764	STM_v1_0.STM3978	95.9	491	20	0	1	491	1	491	0.0	984
NC_000913.3_3764	iPC815.YPO3769	89.0	493	54	0	1	493	1	493	0.0	937
NC_000913.3_3765	iML1515.b3844	100	233	0	0	1	233	1	233	1.78e-170	468
NC_000913.3_3765	iSSON_1240.SSON_4017	100	233	0	0	1	233	1	233	1.78e-170	468
NC_000913.3_3765	iSDY_1059.SDY_3901	99.1	233	2	0	1	233	1	233	3.45e-168	462
NC_000913.3_3765	iSF_1195.SF3920	98.7	233	3	0	1	233	1	233	9.89e-168	461
NC_000913.3_3765	iSbBS512_1146.SbBS512_E4314	98.3	233	4	0	1	233	1	233	1.64e-166	458
NC_000913.3_3765	STM_v1_0.STM3979	90.6	233	22	0	1	233	1	233	6.32e-155	429
NC_000913.3_3766	iML1515.b3845	100	387	0	0	1	387	1	387	1.07e-278	754
NC_000913.3_3766	iSbBS512_1146.SbBS512_E4315	99.2	387	3	0	1	387	1	387	1.02e-276	749
NC_000913.3_3766	iSF_1195.SF3921	99.2	387	3	0	1	387	1	387	1.02e-276	749
NC_000913.3_3766	iSDY_1059.SDY_3900	99.2	387	3	0	1	387	1	387	2.06e-276	749
NC_000913.3_3766	iSSON_1240.SSON_4018	98.2	387	7	0	1	387	1	387	3.82e-272	738
NC_000913.3_3766	STM_v1_0.STM3982	95.1	387	19	0	1	387	1	387	8.23e-267	724
NC_000913.3_3766	iYL1228.KPN_04339	92.8	387	28	0	1	387	1	387	2.07e-260	708
NC_000913.3_3767	iML1515.b3846	100	729	0	0	1	729	1	729	0.0	1437
NC_000913.3_3767	iSSON_1240.SSON_4019	100	729	0	0	1	729	1	729	0.0	1437
NC_000913.3_3767	iSbBS512_1146.SbBS512_E4316	99.7	729	2	0	1	729	1	729	0.0	1435
NC_000913.3_3767	iSF_1195.SF3922	99.5	729	4	0	1	729	1	729	0.0	1432
NC_000913.3_3767	iSDY_1059.SDY_3899	98.8	729	9	0	1	729	1	729	0.0	1426
NC_000913.3_3767	STM_v1_0.STM3983	95.3	729	34	0	1	729	1	729	0.0	1387
NC_000913.3_3767	iYL1228.KPN_04340	93.8	729	45	0	1	729	1	729	0.0	1359
NC_000913.3_3768	iYS854.USA300HOU_RS08170	21.8	321	184	6	125	441	90	347	2.79e-13	70.5
NC_000913.3_3770	iML1515.b3849	100	483	0	0	1	483	1	483	0.0	945
NC_000913.3_3770	iSbBS512_1146.SbBS512_E4319	100	483	0	0	1	483	1	483	0.0	945
NC_000913.3_3770	iSDY_1059.SDY_3896	100	483	0	0	1	483	1	483	0.0	945
NC_000913.3_3770	iSF_1195.SF3925	100	483	0	0	1	483	1	483	0.0	945
NC_000913.3_3770	iSSON_1240.SSON_4022	100	483	0	0	1	483	1	483	0.0	945
NC_000913.3_3770	STM_v1_0.STM3986	97.5	483	12	0	1	483	1	483	0.0	928
NC_000913.3_3770	iYL1228.KPN_04343	95.5	463	21	0	21	483	1	463	0.0	882
NC_000913.3_3770	iPC815.YPO3762	88.6	483	55	0	1	483	1	483	3.70e-314	852
NC_000913.3_3771	iML1515.b3850	100	181	0	0	1	181	1	181	3.58e-133	369
NC_000913.3_3771	iSDY_1059.SDY_3895	100	181	0	0	1	181	1	181	3.58e-133	369
NC_000913.3_3771	iSF_1195.SF3926	98.9	181	2	0	1	181	1	181	2.95e-132	367
NC_000913.3_3771	iSSON_1240.SSON_4023	98.3	181	3	0	1	181	1	181	1.40e-130	363
NC_000913.3_3771	iSbBS512_1146.SbBS512_E4320	97.2	181	5	0	1	181	1	181	3.31e-129	359
NC_000913.3_3773	iML1515.b3856	100	175	0	0	1	175	1	175	5.54e-125	348
NC_000913.3_3773	iSbBS512_1146.SbBS512_E4328	100	175	0	0	1	175	1	175	5.54e-125	348
NC_000913.3_3773	iSF_1195.SF3927	98.9	175	2	0	1	175	1	175	1.31e-123	345
NC_000913.3_3773	iSSON_1240.SSON_4028	99.4	170	1	0	6	175	1	170	1.75e-120	337
NC_000913.3_3773	iSDY_1059.SDY_3889	97.6	170	4	0	6	175	1	170	1.18e-118	332
NC_000913.3_3774	iML1515.b3857	100	194	0	0	1	194	1	194	5.02e-144	398
NC_000913.3_3774	iSbBS512_1146.SbBS512_E4329	99.5	194	1	0	1	194	1	194	2.05e-143	396
NC_000913.3_3774	iSSON_1240.SSON_4029	97.9	194	4	0	1	194	1	194	3.26e-140	388
NC_000913.3_3774	iSF_1195.SF3928	97.4	194	5	0	1	194	1	194	4.63e-140	388
NC_000913.3_3774	iSDY_1059.SDY_3888	96.4	194	7	0	1	194	1	194	5.41e-139	385
NC_000913.3_3777	iML1515.b3860	100	208	0	0	1	208	1	208	4.96e-151	417
NC_000913.3_3777	iSbBS512_1146.SbBS512_E4332	100	208	0	0	1	208	1	208	4.96e-151	417
NC_000913.3_3777	iSSON_1240.SSON_4032	100	208	0	0	1	208	1	208	4.96e-151	417
NC_000913.3_3777	iSF_1195.SF3931	99.5	208	1	0	1	208	1	208	2.02e-150	415
NC_000913.3_3777	iSDY_1059.SDY_3885	99.5	208	1	0	1	208	1	208	4.07e-150	414
NC_000913.3_3784	iML1515.b3867	100	457	0	0	1	457	1	457	0.0	928
NC_000913.3_3784	iSbBS512_1146.SbBS512_E4342	100	457	0	0	1	457	1	457	0.0	928
NC_000913.3_3784	iSSON_1240.SSON_4039	100	457	0	0	1	457	3	459	0.0	928
NC_000913.3_3784	iSDY_1059.SDY_3876	99.8	457	1	0	1	457	3	459	0.0	926
NC_000913.3_3784	iSF_1195.SF3937	99.1	457	4	0	1	457	1	457	0.0	920
NC_000913.3_3784	STM_v1_0.STM4004	92.6	457	34	0	1	457	1	457	2.42e-319	863
NC_000913.3_3786	iAF987.Gmet_1914	36.2	105	67	0	6	110	4	108	9.31e-15	75.9
NC_000913.3_3786	iAF987.Gmet_1919	32.6	129	87	0	6	134	5	133	5.16e-15	75.9
NC_000913.3_3786	iAF987.Gmet_0069	37.7	114	67	2	6	115	5	118	1.63e-14	73.9
NC_000913.3_3787	iAF987.Gmet_0043	30.3	122	73	5	231	346	151	266	1.02e-06	50.1
NC_000913.3_3788	iML1515.b3870	100	469	0	0	1	469	1	469	0.0	942
NC_000913.3_3788	iSbBS512_1146.SbBS512_E4346	100	469	0	0	1	469	1	469	0.0	942
NC_000913.3_3788	iSDY_1059.SDY_3873	100	469	0	0	1	469	1	469	0.0	942
NC_000913.3_3788	iSF_1195.SF3940	100	469	0	0	1	469	1	469	0.0	942
NC_000913.3_3788	iSSON_1240.SSON_4042	100	469	0	0	1	469	1	469	0.0	942
NC_000913.3_3788	STM_v1_0.STM4007	98.1	469	9	0	1	469	1	469	0.0	929
NC_000913.3_3788	iYL1228.KPN_04178	93.9	461	28	0	9	469	1	461	0.0	884
NC_000913.3_3788	iPC815.YPO0024	91.5	469	40	0	1	469	1	469	0.0	876
NC_000913.3_3789	iSynCJ816.SGL_RS10930	28.4	497	227	16	2	391	7	481	5.27e-31	128
NC_000913.3_3789	iSynCJ816.SGL_RS17200	25.4	488	252	11	4	391	7	482	4.04e-30	125
NC_000913.3_3789	iEK1008.Rv0684	24.3	493	257	13	2	391	10	489	9.62e-28	118
NC_000913.3_3793	iML1515.b3875	100	230	0	0	1	230	1	230	4.76e-178	487
NC_000913.3_3794	iML1515.b3876	100	467	0	0	1	467	1	467	0.0	927
NC_000913.3_3795	iML1515.b3877	100	461	0	0	1	461	1	461	0.0	921
NC_000913.3_3796	iML1515.b3878	100	678	0	0	1	678	1	678	0.0	1443
NC_000913.3_3797	iLJ478.TM0282	25.0	148	97	3	64	201	79	222	3.22e-04	41.6
NC_000913.3_3798	iML1515.b3880	100	413	0	0	1	413	1	413	0.0	881
NC_000913.3_3799	iML1515.b3881	100	292	0	0	1	292	1	292	2.88e-210	573
NC_000913.3_3800	iML1515.b3882	100	298	0	0	1	298	1	298	1.12e-210	575
NC_000913.3_3800	iSF_1195.SF3954	100	298	0	0	1	298	1	298	1.12e-210	575
NC_000913.3_3801	iML1515.b3883	100	298	0	0	1	298	1	298	1.28e-216	590
NC_000913.3_3803	iML1515.b3885	100	199	0	0	1	199	1	199	2.29e-147	407
NC_000913.3_3811	iJN1463.PP_0492	39.6	293	169	4	23	308	27	318	2.48e-57	187
NC_000913.3_3812	iML1515.b3892	100	211	0	0	1	211	1	211	5.56e-154	424
NC_000913.3_3812	iSSON_1240.SSON_4061	100	211	0	0	1	211	1	211	5.56e-154	424
NC_000913.3_3812	iSF_1195.SF3968	99.5	211	1	0	1	211	1	211	9.23e-153	421
NC_000913.3_3812	STM_v1_0.STM4035	96.2	211	8	0	1	211	1	211	2.09e-149	413
NC_000913.3_3812	iYL1228.KPN_04188	94.3	211	12	0	1	211	1	211	5.75e-147	407
NC_000913.3_3813	iML1515.b3893	100	300	0	0	1	300	1	300	2.16e-234	635
NC_000913.3_3813	iSF_1195.SF3969	100	300	0	0	1	300	1	300	2.16e-234	635
NC_000913.3_3813	iSSON_1240.SSON_4062	100	300	0	0	1	300	1	300	2.16e-234	635
NC_000913.3_3813	iYL1228.KPN_04189	93.7	300	19	0	1	300	1	300	2.40e-222	605
NC_000913.3_3813	STM_v1_0.STM4036	93.3	300	20	0	1	300	1	300	3.41e-222	604
NC_000913.3_3814	iML1515.b3894	100	804	0	0	1	804	213	1016	0.0	1676
NC_000913.3_3814	STM_v1_0.STM4037	93.0	804	56	0	1	804	213	1016	0.0	1578
NC_000913.3_3814	iYL1228.KPN_04190	91.5	804	68	0	1	804	1	804	0.0	1551
NC_000913.3_3815	iML1515.b3894	100	195	0	0	1	195	1	195	1.24e-133	398
NC_000913.3_3815	STM_v1_0.STM4037	97.4	195	5	0	1	195	1	195	2.22e-130	390
NC_000913.3_3816	iYO844.BSU36710	28.6	269	171	7	15	275	5	260	3.51e-26	103
NC_000913.3_3816	iEK1008.Rv2899c	32.3	260	156	7	33	276	21	276	4.67e-25	100
NC_000913.3_3820	iYO844.BSU12010	35.0	469	285	8	5	464	1	458	1.09e-81	265
NC_000913.3_3820	iCN900.CD630_22690	33.1	465	292	7	6	464	181	632	3.47e-73	243
NC_000913.3_3821	iYO844.BSU14400	26.1	142	104	1	4	144	7	148	1.16e-17	78.2
NC_000913.3_3821	iCN900.CD630_30750	27.2	136	98	1	9	143	496	631	1.16e-17	78.2
NC_000913.3_3821	iCN900.CD630_30150	26.9	130	94	1	9	137	12	141	7.57e-19	77.4
NC_000913.3_3821	iYO844.BSU12010	29.2	130	91	1	9	137	511	640	7.44e-17	75.9
NC_000913.3_3821	iHN637.CLJU_RS10110	28.3	127	91	0	4	130	7	133	7.40e-17	75.9
NC_000913.3_3821	iNF517.LLMG_RS07900	27.0	122	89	0	11	132	14	135	7.41e-17	75.9
NC_000913.3_3821	iCN900.CD630_31340	28.4	141	98	2	4	143	6	144	1.87e-16	74.7
NC_000913.3_3823	iML1515.b3902	100	274	0	0	1	274	1	274	1.95e-208	567
NC_000913.3_3823	iSSON_1240.SSON_4072	98.5	274	4	0	1	274	1	274	4.42e-205	559
NC_000913.3_3823	iSDY_1059.SDY_3844	98.2	274	5	0	1	274	1	274	2.56e-204	557
NC_000913.3_3823	STM_v1_0.STM4045	91.6	274	23	0	1	274	1	274	4.35e-194	531
NC_000913.3_3824	iML1515.b3903	100	419	0	0	1	419	1	419	7.51e-318	856
NC_000913.3_3824	iSSON_1240.SSON_4073	98.8	419	5	0	1	419	1	419	6.88e-314	846
NC_000913.3_3824	iSF_1195.SF3980	98.8	419	5	0	1	419	1	419	1.14e-312	843
NC_000913.3_3824	STM_v1_0.STM4046	94.3	418	24	0	1	418	1	418	6.49e-303	818
NC_000913.3_3824	iYL1228.KPN_04212	91.6	419	35	0	1	419	1	419	9.87e-298	805
NC_000913.3_3825	iML1515.b3904	100	489	0	0	1	489	1	489	0.0	988
NC_000913.3_3825	iSF_1195.SF3981	98.6	489	7	0	1	489	1	489	0.0	976
NC_000913.3_3825	iSSON_1240.SSON_4074	98.4	489	8	0	1	489	1	489	0.0	976
NC_000913.3_3828	iML1515.b3907	100	344	0	0	1	344	1	344	3.97e-250	679
NC_000913.3_3828	iSbBS512_1146.SbBS512_E4385	98.3	344	6	0	1	344	1	344	1.27e-246	670
NC_000913.3_3828	iSDY_1059.SDY_3839	98.3	344	6	0	1	344	1	344	3.00e-245	666
NC_000913.3_3828	iSSON_1240.SSON_4077	98.0	344	7	0	1	344	1	344	4.26e-245	666
NC_000913.3_3828	STM_v1_0.STM4050	91.6	344	29	0	1	344	1	344	2.32e-233	636
NC_000913.3_3828	iYL1228.KPN_04216	90.1	344	34	0	1	344	1	344	8.64e-229	625
NC_000913.3_3829	iML1515.b3908	100	206	0	0	1	206	1	206	9.30e-155	426
NC_000913.3_3829	iSbBS512_1146.SbBS512_E4387	99.5	206	1	0	1	206	1	206	2.67e-154	425
NC_000913.3_3829	iSF_1195.SF3985	99.5	206	1	0	1	206	1	206	2.67e-154	425
NC_000913.3_3829	iSSON_1240.SSON_4078	99.5	206	1	0	1	206	1	206	2.67e-154	425
NC_000913.3_3829	iSDY_1059.SDY_3838	99.0	206	2	0	1	206	1	206	1.09e-153	423
NC_000913.3_3829	STM_v1_0.STM4055	97.6	206	5	0	1	206	1	206	3.64e-152	419
NC_000913.3_3829	iYL1228.KPN_04217	96.1	206	8	0	1	206	5	210	1.35e-148	410
NC_000913.3_3830	iML1515.b3909	100	327	0	0	1	327	1	327	5.35e-219	598
NC_000913.3_3830	iSF_1195.SF3986	100	327	0	0	1	327	1	327	5.35e-219	598
NC_000913.3_3830	iSSON_1240.SSON_4079	100	327	0	0	1	327	4	330	5.98e-219	598
NC_000913.3_3830	iSDY_1059.SDY_3837	98.8	328	3	1	1	327	4	331	9.83e-216	590
NC_000913.3_3830	iSbBS512_1146.SbBS512_E4389	92.4	327	1	1	1	327	1	303	1.35e-197	543
NC_000913.3_3832	iAF987.Gmet_0043	25.1	243	155	8	231	452	30	266	1.19e-05	47.4
NC_000913.3_3833	iAF987.Gmet_1706	33.6	149	79	4	3	147	2	134	1.44e-14	71.2
NC_000913.3_3833	iAF987.Gmet_0069	32.2	143	90	4	1	136	1	143	2.50e-14	70.5
NC_000913.3_3833	iAF987.Gmet_1914	37.0	108	66	2	1	106	1	108	1.40e-13	68.9
NC_000913.3_3833	iAF987.Gmet_1919	34.9	129	81	3	4	129	5	133	2.67e-13	67.8
NC_000913.3_3835	iML1515.b3915	100	300	0	0	1	300	1	300	7.92e-212	578
NC_000913.3_3835	iSDY_1059.SDY_3832	100	300	0	0	1	300	1	300	7.92e-212	578
NC_000913.3_3835	iSF_1195.SF3993	99.7	300	1	0	1	300	1	300	1.13e-211	578
NC_000913.3_3835	iSSON_1240.SSON_4084	99.7	300	1	0	1	300	1	300	1.13e-211	578
NC_000913.3_3835	iSbBS512_1146.SbBS512_E4394	99.7	300	1	0	1	300	1	300	6.51e-211	576
NC_000913.3_3835	STM_v1_0.STM4061	92.0	299	24	0	1	299	1	299	7.97e-196	538
NC_000913.3_3837	iML1515.b3916	100	320	0	0	1	320	1	320	3.08e-235	639
NC_000913.3_3837	iSbBS512_1146.SbBS512_E4395	100	320	0	0	1	320	1	320	3.08e-235	639
NC_000913.3_3837	iSDY_1059.SDY_3831	100	320	0	0	1	320	1	320	3.08e-235	639
NC_000913.3_3837	iSSON_1240.SSON_4085	100	320	0	0	1	320	1	320	3.08e-235	639
NC_000913.3_3837	iSF_1195.SF3994	99.7	314	1	0	7	320	1	314	1.31e-230	627
NC_000913.3_3837	STM_v1_0.STM4062	95.9	320	13	0	1	320	1	320	1.83e-227	619
NC_000913.3_3837	iYL1228.KPN_04223	94.1	320	19	0	1	320	1	320	2.39e-223	609
NC_000913.3_3838	iML1515.b3917	100	329	0	0	1	329	1	329	1.54e-244	663
NC_000913.3_3838	iSSON_1240.SSON_4086	100	329	0	0	1	329	1	329	1.54e-244	663
NC_000913.3_3838	iSbBS512_1146.SbBS512_E4397	99.7	329	1	0	1	329	1	329	4.42e-244	662
NC_000913.3_3838	iSDY_1059.SDY_3830	99.7	329	1	0	1	329	1	329	6.28e-244	662
NC_000913.3_3838	STM_v1_0.STM4063	93.9	329	20	0	1	329	1	329	1.40e-231	630
NC_000913.3_3838	iYL1228.KPN_04008	92.7	329	24	0	1	329	1	329	3.84e-229	624
NC_000913.3_3839	iML1515.b3918	100	251	0	0	1	251	1	251	5.75e-185	506
NC_000913.3_3839	iSSON_1240.SSON_4087	99.2	251	2	0	1	251	1	251	1.92e-183	502
NC_000913.3_3839	iSF_1195.SF3996	98.0	251	5	0	1	251	1	251	2.62e-181	497
NC_000913.3_3840	iML1515.b3919	100	255	0	0	1	255	1	255	2.31e-177	487
NC_000913.3_3840	iSbBS512_1146.SbBS512_E4399	100	255	0	0	1	255	1	255	2.31e-177	487
NC_000913.3_3840	iSDY_1059.SDY_3826	100	255	0	0	1	255	1	255	2.31e-177	487
NC_000913.3_3840	iSF_1195.SF3997	100	255	0	0	1	255	1	255	2.31e-177	487
NC_000913.3_3840	iSSON_1240.SSON_4088	100	255	0	0	1	255	1	255	2.31e-177	487
NC_000913.3_3840	STM_v1_0.STM4081	96.1	255	10	0	1	255	1	255	9.67e-170	468
NC_000913.3_3840	iYL1228.KPN_04005	93.6	249	16	0	7	255	1	249	9.29e-162	447
NC_000913.3_3845	iML1515.b3924	100	248	0	0	1	248	1	248	3.98e-170	468
NC_000913.3_3845	iSbBS512_1146.SbBS512_E4406	99.2	248	2	0	1	248	1	248	5.42e-168	463
NC_000913.3_3845	iSDY_1059.SDY_3820	99.2	248	2	0	1	248	1	248	5.42e-168	463
NC_000913.3_3845	iSF_1195.SF4002	99.2	248	2	0	1	248	1	248	5.42e-168	463
NC_000913.3_3845	iSSON_1240.SSON_4093	98.8	248	3	0	1	248	1	248	2.20e-167	461
NC_000913.3_3845	STM_v1_0.STM4084	89.9	248	25	0	1	248	1	248	1.15e-153	427
NC_000913.3_3846	iML1515.b3925	100	336	0	0	1	336	1	336	9.97e-240	652
NC_000913.3_3846	iSbBS512_1146.SbBS512_E4407	100	336	0	0	1	336	1	336	9.97e-240	652
NC_000913.3_3846	iSDY_1059.SDY_3819	100	336	0	0	1	336	1	336	9.97e-240	652
NC_000913.3_3846	iSF_1195.SF4003	100	336	0	0	1	336	1	336	9.97e-240	652
NC_000913.3_3846	iSSON_1240.SSON_4094	100	336	0	0	1	336	1	336	9.97e-240	652
NC_000913.3_3846	STM_v1_0.STM4085	94.3	336	19	0	1	336	1	336	1.28e-226	619
NC_000913.3_3846	iYL1228.KPN_04001	91.4	336	29	0	1	336	1	336	4.76e-222	607
NC_000913.3_3847	iML1515.b3926	100	502	0	0	1	502	1	502	0.0	1013
NC_000913.3_3847	iSDY_1059.SDY_3818	99.8	502	1	0	1	502	1	502	0.0	1011
NC_000913.3_3847	iSSON_1240.SSON_4095	100	501	0	0	1	501	8	508	0.0	1011
NC_000913.3_3847	iSbBS512_1146.SbBS512_E4408	99.6	502	2	0	1	502	1	502	0.0	1008
NC_000913.3_3847	STM_v1_0.STM4086	95.0	502	25	0	1	502	1	502	0.0	975
NC_000913.3_3847	iYL1228.KPN_04011	93.4	502	33	0	1	502	1	502	0.0	961
NC_000913.3_3848	iML1515.b3927	100	281	0	0	1	281	1	281	5.82e-209	569
NC_000913.3_3848	iSSON_1240.SSON_4096	100	281	0	0	1	281	1	281	5.82e-209	569
NC_000913.3_3848	iSDY_1059.SDY_3817	99.6	281	1	0	1	281	1	281	1.67e-208	568
NC_000913.3_3848	iSbBS512_1146.SbBS512_E4409	99.6	281	1	0	1	281	1	281	6.79e-208	566
NC_000913.3_3848	STM_v1_0.STM4087	92.9	281	20	0	1	281	1	281	1.07e-195	536
NC_000913.3_3851	iML1515.b3930	100	308	0	0	1	308	1	308	4.11e-218	595
NC_000913.3_3851	iSbBS512_1146.SbBS512_E4412	99.7	308	1	0	1	308	1	308	5.84e-218	594
NC_000913.3_3851	iSF_1195.SF4008	99.7	308	1	0	1	308	1	308	1.67e-217	593
NC_000913.3_3851	iSSON_1240.SSON_4099	99.7	308	1	0	1	308	1	308	1.67e-217	593
NC_000913.3_3851	iSDY_1059.SDY_3807	99.4	308	2	0	1	308	1	308	6.81e-217	592
NC_000913.3_3851	STM_v1_0.STM4090	94.2	308	17	1	1	307	1	308	1.34e-205	563
NC_000913.3_3852	iCN900.CD630_20200	32.3	99	46	4	12	95	572	664	8.11e-04	41.6
NC_000913.3_3860	iML1515.b3939	100	386	0	0	1	386	1	386	2.53e-281	761
NC_000913.3_3860	iSSON_1240.SSON_4113	99.7	386	1	0	1	386	1	386	2.08e-280	759
NC_000913.3_3860	iSbBS512_1146.SbBS512_E4425	99.5	386	2	0	1	386	1	386	4.19e-280	758
NC_000913.3_3860	iSF_1195.SF4017	99.7	386	1	0	1	386	1	386	4.19e-280	758
NC_000913.3_3860	iSDY_1059.SDY_3774	99.5	386	2	0	1	386	1	386	1.20e-279	757
NC_000913.3_3860	STM_v1_0.STM4100	96.9	386	12	0	1	386	1	386	3.03e-273	741
NC_000913.3_3860	iYL1228.KPN_04233	95.8	385	16	0	1	385	1	385	1.08e-266	724
NC_000913.3_3861	iML1515.b3940	100	810	0	0	1	810	1	810	0.0	1597
NC_000913.3_3861	iSSON_1240.SSON_4114	99.9	810	1	0	1	810	1	810	0.0	1595
NC_000913.3_3861	iSbBS512_1146.SbBS512_E4426	99.8	810	2	0	1	810	1	810	0.0	1594
NC_000913.3_3861	iSF_1195.SF4018	99.6	810	3	0	1	810	1	810	0.0	1591
NC_000913.3_3861	iSDY_1059.SDY_3775	99.3	810	6	0	1	810	1	810	0.0	1587
NC_000913.3_3861	STM_v1_0.STM4101	94.1	810	48	0	1	810	1	810	0.0	1518
NC_000913.3_3861	iYL1228.KPN_04234	90.9	810	74	0	1	810	1	810	0.0	1475
NC_000913.3_3862	iML1515.b3941	100	296	0	0	1	296	1	296	2.80e-219	597
NC_000913.3_3862	iSbBS512_1146.SbBS512_E4428	100	296	0	0	1	296	1	296	2.80e-219	597
NC_000913.3_3862	iSF_1195.SF4019	100	296	0	0	1	296	1	296	2.80e-219	597
NC_000913.3_3862	iSSON_1240.SSON_4115	100	296	0	0	1	296	1	296	2.80e-219	597
NC_000913.3_3862	iSDY_1059.SDY_3776	99.7	296	1	0	1	296	1	296	1.62e-218	595
NC_000913.3_3862	STM_v1_0.STM4105	95.9	296	12	0	1	296	1	296	3.36e-211	576
NC_000913.3_3862	iYL1228.KPN_04239	94.2	294	17	0	1	294	1	294	8.53e-207	565
NC_000913.3_3863	iML1515.b3942	100	726	0	0	1	726	1	726	0.0	1466
NC_000913.3_3863	iSSON_1240.SSON_4116	99.7	726	2	0	1	726	1	726	0.0	1462
NC_000913.3_3863	iSF_1195.SF4020	99.7	726	2	0	1	726	1	726	0.0	1461
NC_000913.3_3863	iSbBS512_1146.SbBS512_E4429	99.6	726	3	0	1	726	1	726	0.0	1461
NC_000913.3_3863	STM_v1_0.STM4106	91.9	725	59	0	1	725	1	725	0.0	1359
NC_000913.3_3864	iML1515.b3943	100	301	0	0	1	301	1	301	2.35e-209	572
NC_000913.3_3866	iML1515.b3945	100	367	0	0	1	367	1	367	3.91e-264	716
NC_000913.3_3866	iSbBS512_1146.SbBS512_E4432	99.7	367	1	0	1	367	1	367	1.59e-263	714
NC_000913.3_3866	iSDY_1059.SDY_3780	99.5	367	2	0	1	367	14	380	3.03e-262	712
NC_000913.3_3866	iSSON_1240.SSON_4119	99.5	367	2	0	1	367	14	380	1.75e-261	710
NC_000913.3_3866	STM_v1_0.STM4108	91.6	367	31	0	1	367	1	367	4.39e-245	668
NC_000913.3_3866	iYL1228.KPN_04241	89.1	367	40	0	1	367	1	367	5.22e-237	647
NC_000913.3_3867	iML1515.b3946	100	220	0	0	1	220	1	220	9.12e-153	422
NC_000913.3_3867	iSSON_1240.SSON_4120	99.5	220	1	0	1	220	1	220	5.28e-152	420
NC_000913.3_3867	iSbBS512_1146.SbBS512_E4433	98.2	220	4	0	1	220	1	220	8.75e-151	417
NC_000913.3_3867	iSDY_1059.SDY_3781	98.6	220	3	0	1	220	1	220	2.51e-150	416
NC_000913.3_3867	STM_v1_0.STM4109	89.5	220	23	0	1	220	1	220	9.22e-137	382
NC_000913.3_3868	iYS854.USA300HOU_RS05400	38.0	519	317	4	163	680	56	570	2.94e-109	346
NC_000913.3_3868	iYO844.BSU13910	37.5	509	315	3	167	673	54	561	1.50e-108	344
NC_000913.3_3868	iNF517.LLMG_RS00675	39.4	459	266	6	229	680	120	573	1.48e-105	336
NC_000913.3_3868	iCN900.CD630_27550	36.3	529	329	6	152	674	35	561	3.13e-101	325
NC_000913.3_3868	iYL1228.KPN_02763	38.6	503	299	5	183	680	71	568	3.95e-99	319
NC_000913.3_3868	iML1515.b2416	38.0	513	288	5	183	680	71	568	1.13e-97	315
NC_000913.3_3868	iSbBS512_1146.SbBS512_E2764	38.0	513	288	5	183	680	71	568	1.13e-97	315
NC_000913.3_3868	iSDY_1059.SDY_2613	38.0	513	288	5	183	680	71	568	1.13e-97	315
NC_000913.3_3868	iSF_1195.SF2471	38.0	513	288	5	183	680	71	568	1.13e-97	315
NC_000913.3_3868	iSSON_1240.SSON_2505	38.0	513	288	5	183	680	71	568	1.13e-97	315
NC_000913.3_3868	STM_v1_0.STM2432	38.2	510	291	6	183	680	71	568	4.31e-97	314
NC_000913.3_3868	iJN1463.PP_0793	33.0	685	417	14	12	680	292	950	8.73e-93	312
NC_000913.3_3869	iHN637.CLJU_RS12840	50.3	368	170	5	1	357	1	366	1.62e-109	324
NC_000913.3_3870	iHN637.CLJU_RS12835	70.0	100	30	0	3	102	2	101	5.86e-44	138
NC_000913.3_3871	iML1515.b3951	100	765	0	0	1	765	1	765	0.0	1513
NC_000913.3_3871	iSF_1195.SF4028	99.5	765	4	0	1	765	1	765	0.0	1505
NC_000913.3_3871	iSbBS512_1146.SbBS512_E4437	99.0	765	8	0	1	765	1	765	0.0	1496
NC_000913.3_3871	iSDY_1059.SDY_3786	98.6	765	11	0	1	765	1	765	0.0	1489
NC_000913.3_3871	STM_v1_0.STM4114	92.4	765	58	0	1	765	1	765	0.0	1400
NC_000913.3_3872	iML1515.b3952	100	292	0	0	1	292	1	292	6.58e-216	588
NC_000913.3_3872	iSF_1195.SF4029	99.0	292	3	0	1	292	1	292	8.96e-214	582
NC_000913.3_3872	iSDY_1059.SDY_3787	98.3	292	5	0	1	292	1	292	1.05e-212	580
NC_000913.3_3872	iSbBS512_1146.SbBS512_E4438	98.3	292	5	0	1	292	1	292	3.00e-212	578
NC_000913.3_3873	iHN637.CLJU_RS12835	37.5	104	65	0	4	107	3	106	9.39e-21	79.7
NC_000913.3_3873	iCN900.CD630_30140	36.4	99	63	0	4	102	5	103	3.47e-18	73.2
NC_000913.3_3875	STM_v1_0.STM3635	26.7	270	176	9	239	502	250	503	1.17e-15	79.7
NC_000913.3_3875	iML1515.b3546	24.3	341	216	15	239	564	250	563	3.60e-15	78.2
NC_000913.3_3875	iSbBS512_1146.SbBS512_E3983	24.3	341	216	15	239	564	250	563	3.60e-15	78.2
NC_000913.3_3875	iSF_1195.SF3580	24.3	341	216	15	239	564	261	574	3.68e-15	78.2
NC_000913.3_3875	iSSON_1240.SSON_3844	24.3	341	216	15	239	564	261	574	3.68e-15	78.2
NC_000913.3_3876	iML1515.b3956	100	883	0	0	1	883	1	883	0.0	1743
NC_000913.3_3876	iSbBS512_1146.SbBS512_E4442	100	883	0	0	1	883	1	883	0.0	1743
NC_000913.3_3876	iSSON_1240.SSON_4129	99.9	883	1	0	1	883	1	883	0.0	1741
NC_000913.3_3876	iSF_1195.SF4033	99.8	883	2	0	1	883	1	883	0.0	1738
NC_000913.3_3876	iSDY_1059.SDY_3791	99.8	883	2	0	1	883	1	883	0.0	1738
NC_000913.3_3876	STM_v1_0.STM4119	93.9	883	54	0	1	883	1	883	0.0	1655
NC_000913.3_3876	iYL1228.KPN_04245	91.6	883	74	0	1	883	9	891	0.0	1610
NC_000913.3_3877	iML1515.b3957	100	383	0	0	1	383	1	383	1.81e-293	791
NC_000913.3_3877	iSbBS512_1146.SbBS512_E4443	99.5	383	2	0	1	383	1	383	6.05e-292	788
NC_000913.3_3877	iSDY_1059.SDY_3792	99.2	383	3	0	1	383	1	383	3.50e-291	786
NC_000913.3_3877	iSSON_1240.SSON_4130	99.2	383	3	0	1	383	1	383	4.97e-291	785
NC_000913.3_3877	iSF_1195.SF4034	99.0	383	4	0	1	383	1	383	1.00e-290	785
NC_000913.3_3877	STM_v1_0.STM4120	93.2	383	26	0	1	383	1	383	7.47e-277	749
NC_000913.3_3877	iYL1228.KPN_04246	91.1	383	34	0	1	383	14	396	3.58e-269	731
NC_000913.3_3878	iML1515.b3958	100	334	0	0	1	334	1	334	2.48e-248	673
NC_000913.3_3878	iSSON_1240.SSON_4131	99.7	334	1	0	1	334	1	334	1.01e-247	672
NC_000913.3_3878	iSF_1195.SF4035	99.4	334	2	0	1	334	1	334	4.11e-247	670
NC_000913.3_3878	iSbBS512_1146.SbBS512_E4444	99.1	334	3	0	1	334	1	334	3.38e-246	668
NC_000913.3_3878	iSDY_1059.SDY_3793	98.8	334	4	0	1	334	1	334	6.53e-244	662
NC_000913.3_3878	STM_v1_0.STM4121	91.0	334	30	0	1	334	1	334	3.65e-225	615
NC_000913.3_3879	iML1515.b3959	100	258	0	0	1	258	1	258	1.91e-182	500
NC_000913.3_3879	iSSON_1240.SSON_4132	99.6	258	1	0	1	258	1	258	7.78e-182	499
NC_000913.3_3879	iSbBS512_1146.SbBS512_E4445	100	257	0	0	2	258	1	257	1.07e-181	498
NC_000913.3_3879	iSDY_1059.SDY_3794	99.6	257	1	0	1	257	1	257	2.23e-181	498
NC_000913.3_3879	iSF_1195.SF4036	99.6	257	1	0	2	258	1	257	8.75e-181	496
NC_000913.3_3879	STM_v1_0.STM4122	94.2	258	15	0	1	258	1	258	3.12e-172	474
NC_000913.3_3879	iYL1228.KPN_04248	93.0	258	18	0	1	258	1	258	8.57e-170	468
NC_000913.3_3880	iML1515.b3960	100	457	0	0	1	457	1	457	0.0	900
NC_000913.3_3880	iSbBS512_1146.SbBS512_E4446	99.3	457	3	0	1	457	1	457	0.0	894
NC_000913.3_3880	iSF_1195.SF4037	99.6	456	2	0	1	456	1	456	0.0	893
NC_000913.3_3880	iSDY_1059.SDY_3795	99.1	457	4	0	1	457	1	457	0.0	892
NC_000913.3_3880	iSSON_1240.SSON_4133	99.1	457	4	0	1	457	1	457	0.0	891
NC_000913.3_3880	STM_v1_0.STM4123	95.0	456	23	0	1	456	1	456	8.81e-316	854
NC_000913.3_3880	iYL1228.KPN_04249	94.5	456	25	0	1	456	1	456	3.85e-312	845
NC_000913.3_3882	iML1515.b3962	100	466	0	0	1	466	1	466	0.0	944
NC_000913.3_3882	iSbBS512_1146.SbBS512_E4447	99.8	466	1	0	1	466	1	466	0.0	942
NC_000913.3_3882	STM_v1_0.STM4126	97.0	466	14	0	1	466	1	466	0.0	922
NC_000913.3_3882	iYL1228.KPN_04251	94.8	466	24	0	1	466	1	466	0.0	899
NC_000913.3_3882	iSSON_1240.SSON_4135	99.8	444	1	0	23	466	1	444	0.0	897
NC_000913.3_3882	iSF_1195.SF4044	99.8	444	1	0	23	466	1	444	0.0	896
NC_000913.3_3882	iSDY_1059.SDY_3797	99.8	444	1	0	23	466	1	444	0.0	895
NC_000913.3_3886	iML1515.b3966	100	614	0	0	1	614	1	614	0.0	1255
NC_000913.3_3886	iSSON_1240.SSON_4139	100	614	0	0	1	614	1	614	0.0	1255
NC_000913.3_3886	iSF_1195.SF4048	99.5	614	3	0	1	614	1	614	0.0	1248
NC_000913.3_3886	iSDY_1059.SDY_3762	98.0	614	12	0	1	614	1	614	0.0	1236
NC_000913.3_3886	STM_v1_0.STM4130	87.3	614	78	0	1	614	1	614	0.0	1132
NC_000913.3_3887	iML1515.b3967	100	285	0	0	1	285	1	285	2.09e-204	558
NC_000913.3_3887	iSDY_1059.SDY_3761	99.6	285	1	0	1	285	5	289	4.02e-203	555
NC_000913.3_3887	iSSON_1240.SSON_4140	99.6	285	1	0	1	285	5	289	4.02e-203	555
NC_000913.3_3887	STM_v1_0.STM4131	91.5	283	24	0	1	283	1	283	1.88e-186	513
NC_000913.3_3887	iSF_1195.SF4049	99.2	262	2	0	24	285	1	262	1.18e-184	507
NC_000913.3_3887	iSbBS512_1146.SbBS512_E4453	98.9	262	3	0	24	285	1	262	9.73e-184	505
NC_000913.3_3890	iML1515.b3972	100	342	0	0	1	342	1	342	2.83e-258	699
NC_000913.3_3890	iSDY_1059.SDY_3756	98.8	342	4	0	1	342	1	342	1.10e-255	692
NC_000913.3_3890	iSF_1195.SF4050	98.5	342	5	0	1	342	1	342	9.07e-255	690
NC_000913.3_3890	iSSON_1240.SSON_4145	98.5	342	5	0	1	342	1	342	9.07e-255	690
NC_000913.3_3890	iSbBS512_1146.SbBS512_E4460	98.5	342	5	0	1	342	1	342	5.25e-254	688
NC_000913.3_3891	iJN1463.PP_0437	41.3	315	178	5	8	317	2	314	1.78e-70	221
NC_000913.3_3892	iML1515.b3974	100	308	0	0	1	308	9	316	3.25e-226	615
NC_000913.3_3892	iSSON_1240.SSON_4147	100	308	0	0	1	308	9	316	3.25e-226	615
NC_000913.3_3892	iSF_1195.SF4052	99.7	308	1	0	1	308	1	308	9.81e-226	614
NC_000913.3_3892	iSbBS512_1146.SbBS512_E4462	99.7	308	1	0	1	308	9	316	2.67e-225	613
NC_000913.3_3892	iSDY_1059.SDY_3754	99.7	308	1	0	1	308	9	316	3.79e-225	613
NC_000913.3_3892	STM_v1_0.STM4139	95.8	308	13	0	1	308	9	316	9.56e-219	597
NC_000913.3_3892	iYL1228.KPN_04352	90.6	308	29	0	1	308	11	318	1.13e-206	566
NC_000913.3_3893	iSynCJ816.SGL_RS10925	73.9	398	99	1	1	393	1	398	1.87e-217	600
NC_000913.3_3903	iML1515.b3990	100	377	0	0	1	377	1	377	7.53e-283	764
NC_000913.3_3903	iSDY_1059.SDY_3737	99.5	377	2	0	1	377	1	377	2.52e-281	760
NC_000913.3_3903	iSSON_1240.SSON_4162	99.2	377	3	0	1	377	1	377	1.46e-280	758
NC_000913.3_3903	iSF_1195.SF4062	98.7	377	5	0	1	377	1	377	1.70e-279	756
NC_000913.3_3903	STM_v1_0.STM4159	89.3	375	40	0	1	375	1	375	1.76e-256	697
NC_000913.3_3904	iML1515.b3991	100	256	0	0	1	256	1	256	5.25e-179	491
NC_000913.3_3904	iSbBS512_1146.SbBS512_E4481	99.2	256	2	0	1	256	1	256	2.50e-177	487
NC_000913.3_3904	iSSON_1240.SSON_4163	99.2	256	2	0	1	256	26	281	6.22e-177	487
NC_000913.3_3904	iSF_1195.SF4063	98.8	256	3	0	1	256	26	281	1.25e-176	486
NC_000913.3_3904	iSDY_1059.SDY_3736	99.2	255	2	0	1	255	26	280	2.53e-176	486
NC_000913.3_3904	STM_v1_0.STM4160	93.0	256	18	0	1	256	1	256	2.25e-164	454
NC_000913.3_3904	iYL1228.KPN_04372	89.1	256	28	0	1	256	1	256	1.19e-159	442
NC_000913.3_3905	iML1515.b4407	100	66	0	0	1	66	1	66	3.97e-42	130
NC_000913.3_3905	iSSON_1240.SSON_4164	97.0	66	2	0	1	66	1	66	9.40e-41	127
NC_000913.3_3905	iSDY_1059.SDY_3735	93.9	66	4	0	1	66	1	66	1.56e-39	124
NC_000913.3_3906	iML1515.b3992	100	251	0	0	1	251	1	251	7.52e-181	496
NC_000913.3_3906	iSF_1195.SF4064	98.4	251	4	0	1	251	1	251	4.17e-178	489
NC_000913.3_3906	iSDY_1059.SDY_3734	99.6	245	1	0	7	251	1	245	1.86e-175	482
NC_000913.3_3906	iSSON_1240.SSON_4165	99.2	245	2	0	7	251	1	245	1.08e-174	480
NC_000913.3_3907	iML1515.b3993	100	211	0	0	1	211	1	211	5.75e-147	407
NC_000913.3_3907	iSbBS512_1146.SbBS512_E4484	99.5	211	1	0	1	211	1	211	4.72e-146	404
NC_000913.3_3907	iSF_1195.SF4065	99.5	211	1	0	1	211	1	211	4.72e-146	404
NC_000913.3_3907	iSSON_1240.SSON_4166	99.1	211	2	0	1	211	1	211	2.73e-145	402
NC_000913.3_3907	iSDY_1059.SDY_3733	98.1	211	4	0	1	211	1	211	2.62e-143	397
NC_000913.3_3907	STM_v1_0.STM4163	89.6	211	22	0	1	211	1	211	3.01e-133	372
NC_000913.3_3907	iYL1228.KPN_04375	89.1	211	23	0	1	211	1	211	1.74e-132	370
NC_000913.3_3908	iML1515.b3994	100	631	0	0	1	631	1	631	0.0	1291
NC_000913.3_3908	iSSON_1240.SSON_4167	98.9	631	7	0	1	631	1	631	0.0	1281
NC_000913.3_3908	iSbBS512_1146.SbBS512_E4485	99.0	631	6	0	1	631	1	631	0.0	1279
NC_000913.3_3908	iSF_1195.SF4066	98.7	631	8	0	1	631	1	631	0.0	1278
NC_000913.3_3908	iSDY_1059.SDY_3732	98.7	631	8	0	1	631	1	631	0.0	1270
NC_000913.3_3908	STM_v1_0.STM4164	93.0	631	44	0	1	631	1	631	0.0	1219
NC_000913.3_3908	iYL1228.KPN_04376	91.4	631	54	0	1	631	1	631	0.0	1189
NC_000913.3_3910	iML1515.b3996	100	257	0	0	1	257	1	257	1.17e-196	536
NC_000913.3_3910	iSSON_1240.SSON_4169	100	257	0	0	1	257	1	257	1.17e-196	536
NC_000913.3_3910	iSF_1195.SF4068	99.2	257	2	0	1	257	1	257	3.35e-196	535
NC_000913.3_3910	iSbBS512_1146.SbBS512_E4487	99.6	257	1	0	1	257	1	257	2.76e-195	533
NC_000913.3_3910	iSDY_1059.SDY_3730	97.7	257	6	0	1	257	1	257	2.17e-192	525
NC_000913.3_3910	STM_v1_0.STM4166	92.6	257	19	0	1	257	1	257	3.57e-182	499
NC_000913.3_3911	iML1515.b3997	100	354	0	0	1	354	1	354	5.15e-267	722
NC_000913.3_3911	iSbBS512_1146.SbBS512_E4488	100	354	0	0	1	354	1	354	5.15e-267	722
NC_000913.3_3911	iSSON_1240.SSON_4170	100	354	0	0	1	354	1	354	5.15e-267	722
NC_000913.3_3911	iSF_1195.SF4069	99.7	354	1	0	1	354	1	354	2.98e-266	720
NC_000913.3_3911	iSDY_1059.SDY_3729	99.7	354	1	0	1	354	1	354	1.72e-265	718
NC_000913.3_3911	STM_v1_0.STM4167	96.6	353	12	0	1	353	1	353	3.58e-258	700
NC_000913.3_3911	iYL1228.KPN_04379	95.8	354	15	0	1	354	1	354	9.42e-254	689
NC_000913.3_3917	iAF987.Gmet_0043	32.5	114	67	2	352	455	153	266	6.19e-08	54.7
NC_000913.3_3918	iAF987.Gmet_1919	36.0	114	73	0	8	121	5	118	8.11e-15	75.1
NC_000913.3_3918	iAF987.Gmet_1914	37.3	110	69	0	8	117	4	113	2.50e-14	74.3
NC_000913.3_3919	iML1515.b4005	100	429	0	0	1	429	1	429	2.57e-319	861
NC_000913.3_3919	iSbBS512_1146.SbBS512_E4496	100	429	0	0	1	429	1	429	2.57e-319	861
NC_000913.3_3919	iSSON_1240.SSON_4178	98.8	429	5	0	1	429	1	429	2.72e-316	853
NC_000913.3_3919	iSDY_1059.SDY_3721	98.6	429	6	0	1	429	1	429	6.40e-315	850
NC_000913.3_3919	iSF_1195.SF4077	98.1	429	8	0	1	429	1	429	2.14e-313	846
NC_000913.3_3919	STM_v1_0.STM4175	93.2	429	29	0	1	429	1	429	2.51e-296	803
NC_000913.3_3920	iML1515.b4006	100	529	0	0	1	529	1	529	0.0	1030
NC_000913.3_3920	iSbBS512_1146.SbBS512_E4498	99.4	529	3	0	1	529	1	529	0.0	1025
NC_000913.3_3920	iSF_1195.SF4078	99.4	529	3	0	1	529	1	529	0.0	1025
NC_000913.3_3920	iSSON_1240.SSON_4179	99.4	529	3	0	1	529	1	529	0.0	1025
NC_000913.3_3920	iSDY_1059.SDY_3720	99.1	529	5	0	1	529	1	529	0.0	1020
NC_000913.3_3920	STM_v1_0.STM4176	94.9	529	27	0	1	529	1	529	0.0	983
NC_000913.3_3920	iYL1228.KPN_04388	94.9	529	27	0	1	529	1	529	0.0	981
NC_000913.3_3925	iML1515.b4013	100	309	0	0	1	309	1	309	6.20e-234	635
NC_000913.3_3925	iSDY_1059.SDY_4330	99.4	309	2	0	1	309	1	309	7.24e-233	632
NC_000913.3_3925	iSbBS512_1146.SbBS512_E4507	98.7	309	4	0	1	309	1	309	8.45e-232	629
NC_000913.3_3925	iSSON_1240.SSON_4185	98.7	309	4	0	1	309	1	309	1.71e-231	629
NC_000913.3_3925	STM_v1_0.STM4182	95.1	309	15	0	1	309	1	309	1.69e-222	606
NC_000913.3_3925	iYL1228.KPN_04394	91.9	309	25	0	1	309	1	309	1.05e-216	591
NC_000913.3_3926	iML1515.b4014	100	533	0	0	1	533	1	533	0.0	1073
NC_000913.3_3926	iSbBS512_1146.SbBS512_E4508	99.4	533	3	0	1	533	1	533	0.0	1065
NC_000913.3_3926	STM_v1_0.STM4183	90.8	533	49	0	1	533	1	533	0.0	988
NC_000913.3_3927	iML1515.b4015	100	434	0	0	1	434	1	434	2.43e-317	856
NC_000913.3_3927	iSDY_1059.SDY_4328	100	434	0	0	1	434	1	434	2.43e-317	856
NC_000913.3_3927	iSbBS512_1146.SbBS512_E4509	99.8	434	1	0	1	434	1	434	6.96e-317	855
NC_000913.3_3927	iSF_1195.SF4081	99.5	434	2	0	1	434	1	434	2.83e-316	853
NC_000913.3_3927	STM_v1_0.STM4184	95.6	434	19	0	1	434	1	434	1.13e-306	829
NC_000913.3_3927	iYL1228.KPN_04396	92.6	434	32	0	1	434	6	439	2.32e-298	808
NC_000913.3_3928	iYL1228.KPN_04397	87.6	574	71	0	1	574	1	574	0.0	1038
NC_000913.3_3931	iML1515.b4019	100	1227	0	0	1	1227	1	1227	0.0	2432
NC_000913.3_3931	iSSON_1240.SSON_4190	99.4	1227	7	0	1	1227	1	1227	0.0	2422
NC_000913.3_3931	iSF_1195.SF4085	99.1	1227	11	0	1	1227	1	1227	0.0	2411
NC_000913.3_3931	iSDY_1059.SDY_4322	99.0	1224	12	0	1	1224	1	1224	0.0	2400
NC_000913.3_3931	iYL1228.KPN_04399	93.6	1227	78	0	1	1227	1	1227	0.0	2298
NC_000913.3_3932	iML1515.b4020	100	543	0	0	1	543	1	543	0.0	984
NC_000913.3_3934	iYS854.USA300HOU_RS07985	34.2	240	146	5	8	238	7	243	2.35e-38	135
NC_000913.3_3934	iCN900.CD630_20500	34.9	235	137	8	7	229	1	231	7.65e-38	133
NC_000913.3_3934	iNF517.LLMG_RS06045	33.2	238	143	6	7	233	1	233	1.19e-36	130
NC_000913.3_3936	iML1515.b4024	100	449	0	0	1	449	1	449	3.57e-313	847
NC_000913.3_3936	iSF_1195.SF4181	99.8	449	1	0	1	449	1	449	5.07e-313	847
NC_000913.3_3936	iSSON_1240.SSON_4202	99.8	449	1	0	1	449	1	449	5.07e-313	847
NC_000913.3_3936	iSbBS512_1146.SbBS512_E4529	99.6	449	2	0	1	449	1	449	1.45e-312	845
NC_000913.3_3936	iSDY_1059.SDY_4227	98.7	449	6	0	1	449	1	449	6.60e-309	836
NC_000913.3_3936	STM_v1_0.STM4220	93.1	449	31	0	1	449	1	449	3.80e-292	794
NC_000913.3_3937	iML1515.b4025	100	549	0	0	1	549	1	549	0.0	1112
NC_000913.3_3937	iSbBS512_1146.SbBS512_E4530	100	549	0	0	1	549	1	549	0.0	1112
NC_000913.3_3937	iSDY_1059.SDY_4226	100	549	0	0	1	549	1	549	0.0	1112
NC_000913.3_3937	iSSON_1240.SSON_4203	100	549	0	0	1	549	1	549	0.0	1112
NC_000913.3_3937	iSF_1195.SF4180	99.8	549	1	0	1	549	1	549	0.0	1111
NC_000913.3_3937	STM_v1_0.STM4221	95.4	548	25	0	1	548	1	548	0.0	1068
NC_000913.3_3937	iYL1228.KPN_04413	95.3	548	26	0	1	548	1	548	0.0	1066
NC_000913.3_3943	iML1515.b4031	100	491	0	0	1	491	1	491	0.0	967
NC_000913.3_3943	iSSON_1240.SSON_4209	99.4	491	3	0	1	491	1	491	0.0	962
NC_000913.3_3943	iSF_1195.SF4174	98.8	491	6	0	1	491	1	491	0.0	954
NC_000913.3_3944	iML1515.b4032	100	296	0	0	1	296	1	296	1.86e-208	569
NC_000913.3_3944	iSF_1195.SF4173	100	296	0	0	1	296	1	296	1.86e-208	569
NC_000913.3_3944	iSSON_1240.SSON_4210	99.7	296	1	0	1	296	1	296	1.53e-207	567
NC_000913.3_3944	iYL1228.KPN_04421	93.2	296	20	0	1	296	1	296	1.29e-199	547
NC_000913.3_3944	STM_v1_0.STM4227	93.6	296	19	0	1	296	1	296	1.06e-198	545
NC_000913.3_3944	iPC815.YPO3716	88.2	296	35	0	1	296	1	296	8.14e-187	514
NC_000913.3_3945	iML1515.b4033	100	514	0	0	1	514	1	514	0.0	1024
NC_000913.3_3945	iSF_1195.SF4172	99.8	514	1	0	1	514	1	514	0.0	1020
NC_000913.3_3945	iSSON_1240.SSON_4211	99.2	514	4	0	1	514	1	514	0.0	1015
NC_000913.3_3945	STM_v1_0.STM4228	91.1	514	46	0	1	514	1	514	0.0	940
NC_000913.3_3945	iYL1228.KPN_04422	88.9	514	57	0	1	514	1	514	0.0	924
NC_000913.3_3946	iML1515.b4034	100	396	0	0	1	396	1	396	8.67e-294	793
NC_000913.3_3946	iSF_1195.SF4171	99.7	396	1	0	1	396	1	396	3.53e-293	792
NC_000913.3_3946	iSSON_1240.SSON_4212	99.7	396	1	0	1	396	1	396	7.12e-293	791
NC_000913.3_3946	iYL1228.KPN_04423	95.5	396	18	0	1	396	1	396	8.18e-283	766
NC_000913.3_3946	STM_v1_0.STM4229	93.7	396	25	0	1	396	4	399	2.93e-279	757
NC_000913.3_3948	iML1515.b4035	100	371	0	0	1	371	1	371	3.51e-269	729
NC_000913.3_3948	iSSON_1240.SSON_4213	100	371	0	0	1	371	1	371	3.51e-269	729
NC_000913.3_3948	iSF_1195.SF4170	99.7	371	1	0	1	371	1	371	2.88e-268	727
NC_000913.3_3948	STM_v1_0.STM4230	95.1	371	16	1	1	371	1	369	3.42e-255	694
NC_000913.3_3948	iYL1228.KPN_04424	94.6	371	18	1	1	371	1	369	3.99e-254	691
NC_000913.3_3949	iML1515.b4036	100	446	0	0	1	446	1	446	0.0	925
NC_000913.3_3949	iSSON_1240.SSON_4214	98.4	446	7	0	1	446	1	446	0.0	910
NC_000913.3_3949	iSF_1195.SF4169	98.4	445	7	0	2	446	1	445	0.0	909
NC_000913.3_3954	iML1515.b4039	100	165	0	0	1	165	1	165	4.64e-119	332
NC_000913.3_3954	iSbBS512_1146.SbBS512_E4558	99.4	165	1	0	1	165	1	165	2.21e-117	328
NC_000913.3_3954	iSF_1195.SF4166	99.4	165	1	0	1	165	1	165	2.21e-117	328
NC_000913.3_3954	iSDY_1059.SDY_4535	98.8	165	2	0	1	165	38	202	3.28e-116	327
NC_000913.3_3954	iSSON_1240.SSON_4219	98.8	165	2	0	1	165	38	202	1.34e-115	325
NC_000913.3_3955	iML1515.b4040	100	290	0	0	1	290	1	290	3.69e-196	538
NC_000913.3_3955	iSbBS512_1146.SbBS512_E4557	100	290	0	0	1	290	1	290	3.69e-196	538
NC_000913.3_3955	iSDY_1059.SDY_4534	100	290	0	0	1	290	1	290	3.69e-196	538
NC_000913.3_3955	iSSON_1240.SSON_4220	100	290	0	0	1	290	1	290	3.69e-196	538
NC_000913.3_3955	iSF_1195.SF4165	98.6	290	4	0	1	290	1	290	2.38e-192	528
NC_000913.3_3955	STM_v1_0.STM4234	88.3	290	34	0	1	290	1	290	1.54e-188	518
NC_000913.3_3956	iML1515.b4041	100	807	0	0	1	807	1	807	0.0	1593
NC_000913.3_3956	iSDY_1059.SDY_4533	100	807	0	0	1	807	21	827	0.0	1593
NC_000913.3_3956	iSF_1195.SF4164	99.9	807	1	0	1	807	21	827	0.0	1592
NC_000913.3_3956	iSSON_1240.SSON_4221	99.9	807	1	0	1	807	21	827	0.0	1591
NC_000913.3_3956	iSbBS512_1146.SbBS512_E4556	99.6	807	3	0	1	807	1	807	0.0	1588
NC_000913.3_3956	STM_v1_0.STM4235	94.9	806	41	0	1	806	1	806	0.0	1526
NC_000913.3_3956	iYL1228.KPN_04429	90.7	806	75	0	1	806	1	806	0.0	1466
NC_000913.3_3957	iML1515.b4042	100	122	0	0	1	122	1	122	9.73e-80	229
NC_000913.3_3957	iSbBS512_1146.SbBS512_E4555	100	122	0	0	1	122	1	122	9.73e-80	229
NC_000913.3_3957	iSDY_1059.SDY_4532	100	122	0	0	1	122	1	122	9.73e-80	229
NC_000913.3_3957	iSF_1195.SF4163	100	122	0	0	1	122	1	122	9.73e-80	229
NC_000913.3_3957	iSSON_1240.SSON_4222	100	122	0	0	1	122	1	122	9.73e-80	229
NC_000913.3_3964	iMM1415.99586	26.4	182	116	5	95	262	652	829	1.82e-04	43.1
NC_000913.3_3964	iLJ478.TM0333	23.1	199	122	10	80	263	81	263	9.87e-05	43.1
NC_000913.3_3966	iJN1463.PP_0072	61.5	327	124	1	1	327	1	325	2.17e-136	389
NC_000913.3_3968	iML1515.b4053	100	359	0	0	1	359	1	359	6.26e-266	720
NC_000913.3_3968	iSF_1195.SF4152	100	359	0	0	1	359	1	359	6.26e-266	720
NC_000913.3_3968	iSSON_1240.SSON_4233	99.7	359	1	0	1	359	1	359	5.14e-265	717
NC_000913.3_3968	iSbBS512_1146.SbBS512_E4542	99.7	359	1	0	1	359	1	359	7.30e-265	717
NC_000913.3_3968	iSDY_1059.SDY_4521	99.2	359	3	0	1	359	1	359	2.09e-264	716
NC_000913.3_3968	STM_v1_0.STM4247	91.4	359	31	0	1	359	1	359	1.31e-242	661
NC_000913.3_3968	iYL1228.KPN_04440	89.7	359	37	0	1	359	1	359	1.70e-238	650
NC_000913.3_3969	iML1515.b4054	100	397	0	0	1	397	1	397	1.81e-291	788
NC_000913.3_3969	iSSON_1240.SSON_4234	98.5	397	6	0	1	397	1	397	1.94e-286	775
NC_000913.3_3969	iSF_1195.SF4151	98.2	397	7	0	1	397	1	397	7.91e-286	773
NC_000913.3_3969	iSbBS512_1146.SbBS512_E4541	98.0	397	8	0	1	397	1	397	6.50e-285	771
NC_000913.3_3969	iSDY_1059.SDY_4520	97.7	397	9	0	1	397	1	397	6.23e-283	766
NC_000913.3_3971	iML1515.b4055	100	237	0	0	1	237	1	237	6.46e-175	479
NC_000913.3_3971	iSF_1195.SF4149	100	237	0	0	1	237	1	237	6.46e-175	479
NC_000913.3_3971	iSSON_1240.SSON_4235	100	237	0	0	1	237	1	237	6.46e-175	479
NC_000913.3_3971	iSbBS512_1146.SbBS512_E4569	99.6	237	1	0	1	237	1	237	3.74e-174	478
NC_000913.3_3971	STM_v1_0.STM4249	89.0	237	26	0	1	237	1	237	1.55e-157	436
NC_000913.3_3974	iCN900.CD630_31950	33.9	960	457	14	1	936	1	806	1.01e-170	517
NC_000913.3_3977	iJN1463.PP_0914	37.3	249	154	2	272	518	436	684	1.56e-43	164
NC_000913.3_3977	iPC815.YPO3996	35.5	248	153	3	269	512	472	716	5.72e-40	154
NC_000913.3_3977	iAF987.Gmet_3085	34.8	244	147	3	269	505	634	872	3.23e-39	152
NC_000913.3_3977	iSSON_1240.SSON_1635	36.8	247	154	2	275	519	556	802	6.45e-39	151
NC_000913.3_3977	iSbBS512_1146.SbBS512_E1752	36.8	247	154	2	275	519	556	802	1.17e-38	150
NC_000913.3_3977	iAF987.Gmet_0987	34.9	255	163	3	275	527	540	793	6.75e-38	148
NC_000913.3_3977	iML1515.b1489	36.4	247	155	2	275	519	548	794	9.24e-38	147
NC_000913.3_3980	iML1515.b4064	100	449	0	0	1	449	1	449	5.78e-303	821
NC_000913.3_3981	iJN1463.PP_1587	45.7	551	277	9	5	544	23	562	2.42e-133	399
NC_000913.3_3983	iML1515.b4067	100	549	0	0	1	549	1	549	0.0	1032
NC_000913.3_3983	iSSON_1240.SSON_4249	99.8	549	1	0	1	549	1	549	0.0	1029
NC_000913.3_3983	iSbBS512_1146.SbBS512_E4586	99.3	549	4	0	1	549	1	549	0.0	1026
NC_000913.3_3983	iSF_1195.SF4127	99.3	549	4	0	1	549	1	549	0.0	1023
NC_000913.3_3983	STM_v1_0.STM4273	96.7	549	18	0	1	549	1	549	0.0	1001
NC_000913.3_3983	iYL1228.KPN_04476	90.9	550	49	1	1	549	2	551	0.0	953
NC_000913.3_3984	iJN1463.PP_2796	34.3	102	67	0	1	102	1	102	1.05e-17	71.6
NC_000913.3_3985	iML1515.b4069	100	652	0	0	1	652	1	652	0.0	1347
NC_000913.3_3985	iSSON_1240.SSON_4250	99.8	652	1	0	1	652	1	652	0.0	1346
NC_000913.3_3985	STM_v1_0.STM4275	95.2	652	31	0	1	652	1	652	0.0	1290
NC_000913.3_3985	iYL1228.KPN_04478	92.0	652	52	0	1	652	1	652	0.0	1259
NC_000913.3_3986	iML1515.b4070	100	478	0	0	1	478	1	478	0.0	993
NC_000913.3_3986	iSbBS512_1146.SbBS512_E4591	100	478	0	0	1	478	1	478	0.0	993
NC_000913.3_3986	iSSON_1240.SSON_4251	100	478	0	0	1	478	1	478	0.0	993
NC_000913.3_3986	iSF_1195.SF4130	99.8	478	1	0	1	478	1	478	0.0	989
NC_000913.3_3986	STM_v1_0.STM4277	90.0	478	48	0	1	478	1	478	0.0	906
NC_000913.3_3987	iML1515.b4071	100	188	0	0	1	188	1	188	1.10e-144	399
NC_000913.3_3987	iSSON_1240.SSON_4252	100	188	0	0	1	188	3	190	1.19e-144	399
NC_000913.3_3987	iSbBS512_1146.SbBS512_E4592	99.5	188	1	0	1	188	1	188	1.29e-143	396
NC_000913.3_3987	iSF_1195.SF4131	98.4	188	3	0	1	188	1	188	8.73e-142	392
NC_000913.3_3988	iML1515.b4072	100	223	0	0	1	223	1	223	1.73e-172	472
NC_000913.3_3988	iSF_1195.SF4132	100	223	0	0	1	223	1	223	1.73e-172	472
NC_000913.3_3988	iSSON_1240.SSON_4253	100	223	0	0	1	223	1	223	1.73e-172	472
NC_000913.3_3988	iSbBS512_1146.SbBS512_E4593	99.6	223	1	0	1	223	1	223	1.42e-171	470
NC_000913.3_3988	STM_v1_0.STM4279	91.0	223	20	0	1	223	1	223	8.78e-157	432
NC_000913.3_3989	iML1515.b4073	100	318	0	0	1	318	1	318	3.03e-225	613
NC_000913.3_3989	iSSON_1240.SSON_4254	99.7	318	1	0	1	318	1	318	1.75e-224	612
NC_000913.3_3989	iSbBS512_1146.SbBS512_E4594	99.1	318	3	0	1	318	1	318	8.32e-223	607
NC_000913.3_3989	iSF_1195.SF4133	99.1	318	3	0	1	318	1	318	1.18e-222	607
NC_000913.3_3993	iML1515.b4077	100	437	0	0	1	437	1	437	5.71e-297	805
NC_000913.3_3993	iSbBS512_1146.SbBS512_E4598	99.8	437	1	0	1	437	1	437	2.32e-296	803
NC_000913.3_3993	iSSON_1240.SSON_4258	99.8	437	1	0	1	437	1	437	2.32e-296	803
NC_000913.3_3993	iSF_1195.SF4137	99.5	437	2	0	1	437	1	437	3.84e-295	800
NC_000913.3_3993	STM_v1_0.STM4283	94.0	435	26	0	1	435	1	435	1.99e-283	771
NC_000913.3_3993	iYL1228.KPN_04480	93.5	434	28	0	2	435	3	436	1.27e-277	756
NC_000913.3_3995	iML1515.b4079	100	559	0	0	1	559	157	715	0.0	1139
NC_000913.3_3995	STM_v1_0.STM4285	97.3	558	15	0	1	558	157	714	0.0	1108
NC_000913.3_3995	iYL1228.KPN_04482	93.7	558	35	0	1	558	1	558	0.0	1078
NC_000913.3_3996	iML1515.b4079	100	139	0	0	1	139	1	139	8.45e-96	290
NC_000913.3_3996	STM_v1_0.STM4285	98.6	139	2	0	1	139	1	139	1.01e-93	285
NC_000913.3_3997	iSF_1195.SF0473	27.1	462	318	6	21	480	15	459	4.53e-37	141
NC_000913.3_3997	iML1515.b0572	27.0	460	317	6	21	478	15	457	8.18e-37	140
NC_000913.3_3997	iSSON_1240.SSON_0523	27.0	466	313	7	21	480	15	459	2.22e-36	139
NC_000913.3_3999	iML1515.b3241	29.1	337	182	8	1	336	1	281	1.27e-27	109
NC_000913.3_4002	iML1515.b4084	100	309	0	0	1	309	1	309	6.20e-234	635
NC_000913.3_4003	iML1515.b4085	100	231	0	0	1	231	1	231	4.37e-170	467
NC_000913.3_4004	iML1515.b4086	100	326	0	0	1	326	1	326	6.30e-222	606
NC_000913.3_4005	iML1515.b4087	100	510	0	0	1	510	1	510	0.0	1003
NC_000913.3_4006	iML1515.b4088	100	311	0	0	1	311	1	311	4.26e-217	592
NC_000913.3_4007	iYS854.USA300HOU_RS01685	21.9	260	187	4	24	283	11	254	1.43e-20	88.6
NC_000913.3_4008	iML1515.b4090	100	149	0	0	1	149	1	149	1.49e-105	297
NC_000913.3_4010	iML1515.b4092	100	252	0	0	1	252	1	252	6.51e-196	534
NC_000913.3_4011	iML1515.b4093	100	144	0	0	1	144	1	144	7.18e-106	297
NC_000913.3_4012	iML1515.b4094	100	185	0	0	1	185	1	185	1.19e-133	371
NC_000913.3_4012	iSSON_1240.SSON_4270	100	185	0	0	1	185	1	185	1.19e-133	371
NC_000913.3_4012	iSDY_1059.SDY_4122	97.8	185	4	0	1	185	1	185	9.43e-131	363
NC_000913.3_4013	iML1515.b4095	100	378	0	0	1	378	1	378	2.80e-274	743
NC_000913.3_4014	iML1515.b4096	100	226	0	0	1	226	1	226	5.10e-162	446
NC_000913.3_4015	iCN900.CD630_35340	44.3	246	133	2	9	250	43	288	6.56e-64	201
NC_000913.3_4016	iML1515.b4098	100	281	0	0	1	281	1	281	4.98e-210	572
NC_000913.3_4017	iML1515.b4099	100	354	0	0	1	354	1	354	2.07e-257	698
NC_000913.3_4018	iML1515.b4100	100	194	0	0	1	194	1	194	1.05e-136	379
NC_000913.3_4019	iML1515.b4101	100	150	0	0	1	150	1	150	9.29e-105	295
NC_000913.3_4021	iJN1463.PP_0827	41.3	121	71	0	2	122	133	253	1.61e-28	103
NC_000913.3_4021	iNF517.LLMG_RS01635	37.8	119	74	0	1	119	146	264	3.51e-26	98.2
NC_000913.3_4022	iML1515.b4105	100	338	0	0	1	338	1	338	2.45e-241	656
NC_000913.3_4023	iML1515.b4106	100	262	0	0	1	262	1	262	2.83e-186	510
NC_000913.3_4025	iJN1463.PP_0686	69.6	112	29	2	2	110	3	112	7.82e-54	163
NC_000913.3_4025	iCN900.CD630_36220	66.1	112	34	2	2	110	3	113	1.05e-49	153
NC_000913.3_4028	iML1515.b4111	100	500	0	0	1	500	1	500	0.0	965
NC_000913.3_4028	iSDY_1059.SDY_4102	100	500	0	0	1	500	1	500	0.0	965
NC_000913.3_4028	iSSON_1240.SSON_4286	99.8	500	1	0	1	500	1	500	0.0	965
NC_000913.3_4028	iSF_1195.SF4112	99.4	500	3	0	1	500	1	500	0.0	961
NC_000913.3_4028	STM_v1_0.STM4290	95.2	500	24	0	1	500	1	500	0.0	932
NC_000913.3_4028	iYL1228.KPN_04503	90.5	486	46	0	15	500	1	486	0.0	878
NC_000913.3_4030	iAF987.Gmet_0043	31.1	119	72	3	249	358	150	267	5.27e-09	57.4
NC_000913.3_4031	iAF987.Gmet_1914	36.8	106	67	0	2	107	3	108	1.20e-15	74.7
NC_000913.3_4032	iSF_1195.SF3580	26.0	439	290	14	76	492	86	511	1.01e-33	134
NC_000913.3_4032	iSSON_1240.SSON_3844	26.0	439	290	14	76	492	86	511	1.01e-33	134
NC_000913.3_4032	iML1515.b3546	26.0	439	290	14	76	492	75	500	1.68e-33	134
NC_000913.3_4032	iSbBS512_1146.SbBS512_E3983	26.0	439	290	14	76	492	75	500	1.68e-33	134
NC_000913.3_4032	STM_v1_0.STM3635	26.9	442	282	15	76	492	75	500	1.03e-32	131
NC_000913.3_4032	iYL1228.KPN_03904	28.0	454	263	16	76	492	69	495	1.90e-31	127
NC_000913.3_4033	iML1515.b4115	100	445	0	0	1	445	1	445	1.24e-318	860
NC_000913.3_4033	iSF_1195.SF4108	100	445	0	0	1	445	1	445	1.24e-318	860
NC_000913.3_4033	iSSON_1240.SSON_4290	100	445	0	0	1	445	1	445	1.24e-318	860
NC_000913.3_4033	iSDY_1059.SDY_4098	99.8	445	1	0	1	445	1	445	4.96e-318	859
NC_000913.3_4033	iSbBS512_1146.SbBS512_E4612	99.8	445	1	0	1	445	1	445	2.01e-317	857
NC_000913.3_4033	STM_v1_0.STM4294	94.2	445	26	0	1	445	1	445	2.19e-305	827
NC_000913.3_4035	iML1515.b4117	100	755	0	0	2	756	1	755	0.0	1558
NC_000913.3_4035	iSDY_1059.SDY_4094	99.7	756	2	0	1	756	1	756	0.0	1556
NC_000913.3_4035	iSSON_1240.SSON_4292	99.7	756	2	0	1	756	1	756	0.0	1556
NC_000913.3_4035	iSbBS512_1146.SbBS512_E4614	99.5	756	4	0	1	756	1	756	0.0	1551
NC_000913.3_4035	iSF_1195.SF4106	99.5	755	4	0	2	756	1	755	0.0	1550
NC_000913.3_4035	STM_v1_0.STM4296	93.0	756	53	0	1	756	1	756	0.0	1472
NC_000913.3_4037	iML1515.b4119	100	451	0	0	1	451	1	451	0.0	934
NC_000913.3_4037	iSDY_1059.SDY_4092	99.3	451	3	0	1	451	1	451	0.0	928
NC_000913.3_4037	iSSON_1240.SSON_4294	98.9	451	5	0	1	451	1	451	0.0	924
NC_000913.3_4037	iSF_1195.SF4104	98.9	451	5	0	1	451	1	451	0.0	921
NC_000913.3_4037	STM_v1_0.STM4298	94.2	451	26	0	1	451	1	451	0.0	888
NC_000913.3_4038	iML1515.b4120	100	469	0	0	1	469	5	473	0.0	900
NC_000913.3_4038	iSF_1195.SF4103	99.6	469	2	0	1	469	1	469	0.0	895
NC_000913.3_4040	iML1515.b4122	100	548	0	0	1	548	1	548	0.0	1109
NC_000913.3_4040	STM_v1_0.STM4300	92.9	548	39	0	1	548	1	548	0.0	1038
NC_000913.3_4040	iML1515.b1612	90.0	548	55	0	1	548	1	548	0.0	1000
NC_000913.3_4040	iSDY_1059.SDY_1828	89.8	548	56	0	1	548	1	548	0.0	998
NC_000913.3_4041	iML1515.b4123	100	446	0	0	1	446	1	446	1.15e-312	845
NC_000913.3_4041	iSF_1195.SF4100	100	446	0	0	1	446	1	446	1.15e-312	845
NC_000913.3_4041	iSSON_1240.SSON_4300	100	446	0	0	1	446	1	446	1.15e-312	845
NC_000913.3_4041	STM_v1_0.STM4301	97.8	446	10	0	1	446	1	446	1.43e-306	830
NC_000913.3_4041	iYL1228.KPN_04367	94.4	444	25	0	3	446	3	446	1.34e-295	802
NC_000913.3_4043	iAF987.Gmet_0043	36.8	106	56	3	444	538	164	269	7.40e-07	51.6
NC_000913.3_4048	iML1515.b4129	100	505	0	0	1	505	1	505	0.0	994
NC_000913.3_4048	iYL1228.KPN_00502	92.1	505	40	0	1	505	1	505	0.0	925
NC_000913.3_4048	iYL1228.KPN_03318	90.5	505	48	0	1	505	1	505	0.0	916
NC_000913.3_4048	STM_v1_0.STM3040	90.5	505	48	0	1	505	1	505	0.0	912
NC_000913.3_4048	iSbBS512_1146.SbBS512_E3309	88.5	505	58	0	1	505	1	505	0.0	897
NC_000913.3_4048	iSF_1195.SF2876	88.5	505	58	0	1	505	1	505	0.0	897
NC_000913.3_4048	iSSON_1240.SSON_3043	88.5	505	58	0	1	505	1	505	0.0	897
NC_000913.3_4048	iSDY_1059.SDY_3192	88.7	505	57	0	1	505	1	505	0.0	897
NC_000913.3_4049	iML1515.b4130	100	485	0	0	1	485	1	485	0.0	942
NC_000913.3_4049	iSSON_1240.SSON_4307	99.8	485	1	0	1	485	1	485	0.0	940
NC_000913.3_4049	iSDY_1059.SDY_4467	99.0	485	5	0	1	485	1	485	0.0	934
NC_000913.3_4050	iML1515.b4131	100	715	0	0	1	715	1	715	0.0	1458
NC_000913.3_4050	iYL1228.KPN_00500	95.0	715	36	0	1	715	1	715	0.0	1403
NC_000913.3_4050	STM_v1_0.STM2559	92.4	714	54	0	1	714	1	714	0.0	1375
NC_000913.3_4051	iML1515.b4132	100	444	0	0	1	444	1	444	6.46e-318	858
NC_000913.3_4051	iYL1228.KPN_00499	93.0	444	31	0	1	444	1	444	2.64e-301	816
NC_000913.3_4051	STM_v1_0.STM2558	90.2	440	43	0	1	440	1	440	6.80e-290	788
NC_000913.3_4054	iML1515.b4136	100	565	0	0	1	565	1	565	0.0	1109
NC_000913.3_4054	iSDY_1059.SDY_4441	99.3	565	4	0	1	565	1	565	0.0	1102
NC_000913.3_4054	iSbBS512_1146.SbBS512_E4665	98.9	565	6	0	1	565	1	565	0.0	1097
NC_000913.3_4054	iSF_1195.SF4290	99.1	565	5	0	1	565	1	565	0.0	1097
NC_000913.3_4054	iSSON_1240.SSON_4319	98.4	565	9	0	1	565	1	565	0.0	1094
NC_000913.3_4056	iML1515.b4138	100	433	0	0	1	433	1	433	3.01e-290	788
NC_000913.3_4056	iSbBS512_1146.SbBS512_E4667	100	433	0	0	1	433	1	433	3.01e-290	788
NC_000913.3_4056	iSF_1195.SF4292	100	433	0	0	1	433	1	433	3.01e-290	788
NC_000913.3_4056	iSSON_1240.SSON_4321	100	433	0	0	1	433	1	433	3.01e-290	788
NC_000913.3_4056	iSDY_1059.SDY_4443	99.8	433	1	0	1	433	1	433	3.50e-289	785
NC_000913.3_4056	STM_v1_0.STM4325	94.7	433	23	0	1	433	1	433	2.20e-276	753
NC_000913.3_4057	iML1515.b4139	100	478	0	0	1	478	1	478	0.0	946
NC_000913.3_4057	iSbBS512_1146.SbBS512_E4668	100	478	0	0	1	478	1	478	0.0	946
NC_000913.3_4057	iSDY_1059.SDY_4444	100	478	0	0	1	478	16	493	0.0	946
NC_000913.3_4057	iSF_1195.SF4293	100	478	0	0	1	478	16	493	0.0	946
NC_000913.3_4057	iSSON_1240.SSON_4322	100	478	0	0	1	478	16	493	0.0	946
NC_000913.3_4057	STM_v1_0.STM4326	97.1	478	14	0	1	478	1	478	0.0	930
NC_000913.3_4057	iYL1228.KPN_04529	91.6	478	40	0	1	478	1	478	0.0	875
NC_000913.3_4057	iPC815.YPO0348	89.3	478	51	0	1	478	1	478	1.15e-319	867
NC_000913.3_4059	iML1515.b4141	100	418	0	0	1	418	1	418	2.98e-303	819
NC_000913.3_4064	iML1515.b4146	100	342	0	0	1	342	1	342	1.24e-252	685
NC_000913.3_4064	iSbBS512_1146.SbBS512_E4676	97.7	342	8	0	1	342	1	342	4.94e-247	671
NC_000913.3_4068	iML1515.b1599	31.4	102	68	1	2	103	10	109	1.12e-08	48.5
NC_000913.3_4068	iSbBS512_1146.SbBS512_E1785	31.4	102	68	1	2	103	10	109	1.12e-08	48.5
NC_000913.3_4068	iSSON_1240.SSON_1561	31.4	102	68	1	2	103	10	109	1.12e-08	48.5
NC_000913.3_4068	iML1515.b0543	32.6	92	62	0	11	102	12	103	1.61e-08	48.1
NC_000913.3_4068	iSDY_1059.SDY_1554	31.4	102	68	1	2	103	10	109	3.11e-08	47.4
NC_000913.3_4068	iSF_1195.SF1620	30.4	102	69	1	2	103	10	109	4.38e-08	47.0
NC_000913.3_4068	iML1515.b1600	28.2	103	74	0	3	105	5	107	2.97e-07	45.1
NC_000913.3_4068	iSbBS512_1146.SbBS512_E1786	28.2	103	74	0	3	105	5	107	2.97e-07	45.1
NC_000913.3_4068	iSDY_1059.SDY_1553	28.2	103	74	0	3	105	5	107	2.97e-07	45.1
NC_000913.3_4068	iSF_1195.SF1621	28.2	103	74	0	3	105	5	107	2.97e-07	45.1
NC_000913.3_4068	iSSON_1240.SSON_1560	28.2	103	74	0	3	105	5	107	2.97e-07	45.1
NC_000913.3_4069	iCHOv1.100762704	24.8	161	101	8	29	175	31	185	8.78e-04	38.1
NC_000913.3_4070	iML1515.b0376	23.7	372	249	10	1	359	6	355	4.74e-19	87.4
NC_000913.3_4071	iML1515.b4151	100	119	0	0	1	119	1	119	5.07e-85	243
NC_000913.3_4071	iSDY_1059.SDY_4395	100	119	0	0	1	119	1	119	5.07e-85	243
NC_000913.3_4071	iSF_1195.SF4309	100	119	0	0	1	119	1	119	5.07e-85	243
NC_000913.3_4071	iSSON_1240.SSON_4337	99.2	119	1	0	1	119	1	119	7.20e-85	242
NC_000913.3_4071	iSbBS512_1146.SbBS512_E4683	98.3	119	2	0	1	119	1	119	4.17e-84	240
NC_000913.3_4071	STM_v1_0.STM4340	92.4	119	9	0	1	119	1	119	6.67e-81	232
NC_000913.3_4071	iYL1228.KPN_04550	87.4	119	15	0	1	119	1	119	1.77e-76	221
NC_000913.3_4072	iML1515.b4152	100	131	0	0	1	131	1	131	6.14e-94	266
NC_000913.3_4072	iSbBS512_1146.SbBS512_E4684	100	131	0	0	1	131	1	131	6.14e-94	266
NC_000913.3_4072	iSSON_1240.SSON_4338	100	131	0	0	1	131	1	131	6.14e-94	266
NC_000913.3_4072	iSDY_1059.SDY_4396	99.2	131	1	0	1	131	1	131	2.50e-93	265
NC_000913.3_4072	iSF_1195.SF4310	98.5	131	2	0	1	131	1	131	2.06e-92	262
NC_000913.3_4072	STM_v1_0.STM4341	89.3	131	14	0	1	131	1	131	1.50e-85	245
NC_000913.3_4073	iML1515.b4153	100	244	0	0	1	244	1	244	9.97e-187	510
NC_000913.3_4073	iSbBS512_1146.SbBS512_E4685	100	244	0	0	1	244	1	244	9.97e-187	510
NC_000913.3_4073	iSF_1195.SF4311	100	244	0	0	1	244	1	244	9.97e-187	510
NC_000913.3_4073	iSDY_1059.SDY_4397	99.2	244	2	0	1	244	1	244	2.35e-185	506
NC_000913.3_4073	iSSON_1240.SSON_4339	99.6	244	1	0	1	244	1	244	2.35e-185	506
NC_000913.3_4073	STM_v1_0.STM4342	95.9	244	10	0	1	244	1	244	8.83e-181	495
NC_000913.3_4073	iYL1228.KPN_04552	94.7	244	13	0	1	244	1	244	1.41e-177	487
NC_000913.3_4074	iML1515.b4154	100	602	0	0	1	602	1	602	0.0	1211
NC_000913.3_4074	iSDY_1059.SDY_4398	100	602	0	0	1	602	1	602	0.0	1211
NC_000913.3_4074	iSbBS512_1146.SbBS512_E4686	99.8	602	1	0	1	602	1	602	0.0	1209
NC_000913.3_4074	iSSON_1240.SSON_4340	99.8	602	1	0	1	602	1	602	0.0	1208
NC_000913.3_4074	iSF_1195.SF4312	99.5	602	3	0	1	602	1	602	0.0	1206
NC_000913.3_4074	STM_v1_0.STM4343	95.3	595	28	0	1	595	1	595	0.0	1155
NC_000913.3_4074	iYL1228.KPN_04553	94.9	592	30	0	1	592	1	592	0.0	1140
NC_000913.3_4075	iCN718.ABAYE_RS04800	46.6	326	163	5	6	325	4	324	6.60e-87	263
NC_000913.3_4076	iSDY_1059.SDY_1614	25.4	405	248	15	20	410	39	403	5.31e-18	86.3
NC_000913.3_4076	iML1515.b1492	25.2	405	249	15	20	410	39	403	1.67e-17	84.7
NC_000913.3_4076	iSbBS512_1146.SbBS512_E1755	25.2	405	249	15	20	410	39	403	1.67e-17	84.7
NC_000913.3_4076	iSF_1195.SF1735	25.2	405	249	15	20	410	39	403	1.67e-17	84.7
NC_000913.3_4076	iSSON_1240.SSON_1632	25.2	405	249	15	20	410	39	403	1.67e-17	84.7
NC_000913.3_4079	iML1515.b4159	100	1107	0	0	1	1107	1	1107	0.0	2043
NC_000913.3_4080	iML1515.b4160	100	322	0	0	1	322	1	322	1.86e-237	645
NC_000913.3_4080	iSbBS512_1146.SbBS512_E4692	100	322	0	0	1	322	1	322	1.86e-237	645
NC_000913.3_4080	iSF_1195.SF4318	100	322	0	0	1	322	1	322	1.86e-237	645
NC_000913.3_4080	iSDY_1059.SDY_4432	99.7	322	1	0	1	322	1	322	4.38e-236	641
NC_000913.3_4080	iSSON_1240.SSON_4345	99.7	322	1	0	1	322	1	322	4.38e-236	641
NC_000913.3_4080	STM_v1_0.STM4348	92.9	322	23	0	1	322	1	322	7.99e-223	608
NC_000913.3_4081	iML1515.b4161	100	350	0	0	1	350	1	350	1.84e-258	700
NC_000913.3_4081	iSbBS512_1146.SbBS512_E4693	99.7	350	1	0	1	350	1	350	2.62e-258	700
NC_000913.3_4081	iSF_1195.SF4320	99.1	350	3	0	1	350	12	361	9.32e-257	696
NC_000913.3_4081	iSSON_1240.SSON_4346	99.4	337	2	0	14	350	1	337	1.58e-249	677
NC_000913.3_4081	iSDY_1059.SDY_4431	99.1	337	3	0	14	350	1	337	4.54e-249	676
NC_000913.3_4081	STM_v1_0.STM4349	94.9	350	18	0	1	350	9	358	3.73e-244	664
NC_000913.3_4083	iJN1463.PP_4900	56.6	343	147	2	6	346	7	349	1.22e-141	406
NC_000913.3_4084	iML1515.b4167	100	510	0	0	1	510	6	515	0.0	1006
NC_000913.3_4086	iML1515.b4169	100	445	0	0	1	445	1	445	8.36e-310	838
NC_000913.3_4086	iSSON_1240.SSON_4354	100	445	0	0	1	445	1	445	8.36e-310	838
NC_000913.3_4086	iSbBS512_1146.SbBS512_E4700	99.8	445	1	0	1	445	1	445	4.83e-309	836
NC_000913.3_4086	iSF_1195.SF4324	99.3	445	3	0	1	445	1	445	1.61e-307	832
NC_000913.3_4086	iSDY_1059.SDY_4420	98.4	445	7	0	1	445	1	445	2.98e-303	822
NC_000913.3_4090	iML1515.b4173	100	426	0	0	1	426	1	426	9.62e-304	821
NC_000913.3_4094	iML1515.b4177	100	432	0	0	1	432	1	432	0.0	865
NC_000913.3_4094	iSbBS512_1146.SbBS512_E4708	100	432	0	0	1	432	1	432	0.0	865
NC_000913.3_4094	iSDY_1059.SDY_4412	100	432	0	0	1	432	1	432	0.0	865
NC_000913.3_4094	iSF_1195.SF4332	99.8	432	1	0	1	432	1	432	0.0	863
NC_000913.3_4094	iSSON_1240.SSON_4362	99.8	432	1	0	1	432	1	432	0.0	863
NC_000913.3_4094	STM_v1_0.STM4366	99.5	432	2	0	1	432	1	432	0.0	863
NC_000913.3_4094	iYL1228.KPN_04576	95.6	432	19	0	1	432	1	432	4.30e-310	838
NC_000913.3_4094	iPC815.YPO0378	88.7	432	49	0	1	432	1	432	6.25e-287	779
NC_000913.3_4103	iYL1228.KPN_03416	27.3	370	233	12	40	382	253	613	9.73e-32	126
NC_000913.3_4103	iML1515.b2988	27.6	366	224	10	46	382	260	613	1.31e-31	125
NC_000913.3_4103	iSbBS512_1146.SbBS512_E3415	27.6	366	224	10	46	382	260	613	1.31e-31	125
NC_000913.3_4103	iSDY_1059.SDY_3085	27.6	366	224	10	46	382	260	613	1.31e-31	125
NC_000913.3_4103	iSF_1195.SF3035	27.6	366	224	10	46	382	260	613	1.31e-31	125
NC_000913.3_4103	iSSON_1240.SSON_3133	27.6	366	224	10	46	382	260	613	1.31e-31	125
NC_000913.3_4103	STM_v1_0.STM3139	26.3	384	245	9	24	382	242	612	6.02e-31	124
NC_000913.3_4104	iEK1008.Rv0672	44.1	524	277	9	5	520	4	519	3.56e-130	390
NC_000913.3_4109	iML1515.b4192	100	354	0	0	1	354	1	354	1.69e-281	759
NC_000913.3_4109	iSSON_1240.SSON_4374	100	354	0	0	1	354	3	356	1.82e-281	759
NC_000913.3_4109	iSF_1195.SF4347	99.7	354	1	0	1	354	3	356	7.41e-281	757
NC_000913.3_4109	iSbBS512_1146.SbBS512_E4722	99.4	354	2	0	1	354	1	354	2.30e-279	753
NC_000913.3_4109	STM_v1_0.STM4382	97.2	354	10	0	1	354	1	354	8.63e-275	742
NC_000913.3_4109	iYL1228.KPN_04585	95.5	354	16	0	1	354	1	354	7.95e-271	732
NC_000913.3_4109	iSDY_1059.SDY_4361	98.5	331	5	0	24	354	1	331	1.83e-259	702
NC_000913.3_4110	iML1515.b4193	100	465	0	0	1	465	1	465	0.0	892
NC_000913.3_4110	iSDY_1059.SDY_4362	99.8	465	1	0	1	465	20	484	0.0	890
NC_000913.3_4110	iSF_1195.SF4348	99.6	465	2	0	1	465	20	484	0.0	885
NC_000913.3_4110	iYL1228.KPN_04586	96.1	465	18	0	1	465	1	465	4.26e-318	861
NC_000913.3_4111	iML1515.b4194	100	101	0	0	1	101	1	101	2.84e-69	201
NC_000913.3_4111	STM_v1_0.STM4384	99.0	101	1	0	1	101	1	101	1.16e-68	200
NC_000913.3_4111	iSbBS512_1146.SbBS512_E4724	99.0	101	1	0	1	101	1	101	2.34e-68	199
NC_000913.3_4111	iSF_1195.SF4349	99.0	101	1	0	1	101	1	101	2.34e-68	199
NC_000913.3_4111	iSDY_1059.SDY_4363	98.0	101	2	0	1	101	1	101	3.32e-68	199
NC_000913.3_4111	iSSON_1240.SSON_4376	98.0	101	2	0	1	101	1	101	6.71e-68	198
NC_000913.3_4111	iYL1228.KPN_04587	96.0	101	4	0	1	101	1	101	1.58e-66	194
NC_000913.3_4112	iML1515.b4195	100	154	0	0	1	154	1	154	2.74e-108	304
NC_000913.3_4112	iSDY_1059.SDY_4364	98.1	154	3	0	1	154	1	154	3.75e-106	299
NC_000913.3_4112	iSSON_1240.SSON_4377	96.1	154	6	0	1	154	1	154	1.78e-104	295
NC_000913.3_4112	STM_v1_0.STM4385	96.8	154	5	0	1	154	1	154	2.53e-104	294
NC_000913.3_4112	iSbBS512_1146.SbBS512_E4725	95.5	154	7	0	1	154	1	154	7.26e-104	293
NC_000913.3_4112	iSF_1195.SF4350	95.5	154	7	0	1	154	1	154	1.03e-103	293
NC_000913.3_4113	iML1515.b4196	100	216	0	0	1	216	1	216	3.61e-157	433
NC_000913.3_4113	iSDY_1059.SDY_4365	99.5	216	1	0	1	216	1	216	4.22e-156	430
NC_000913.3_4113	iSF_1195.SF4351	99.5	216	1	0	1	216	1	216	5.99e-156	430
NC_000913.3_4113	iSSON_1240.SSON_4378	99.5	216	1	0	1	216	1	216	5.99e-156	430
NC_000913.3_4113	iSbBS512_1146.SbBS512_E4726	99.1	216	2	0	1	216	1	216	2.44e-155	428
NC_000913.3_4113	STM_v1_0.STM4386	98.6	216	3	0	1	216	1	216	9.94e-155	427
NC_000913.3_4113	iYL1228.KPN_04589	94.8	212	11	0	5	216	1	212	2.97e-146	405
NC_000913.3_4114	iML1515.b4197	100	284	0	0	1	284	1	284	5.17e-209	570
NC_000913.3_4114	iSbBS512_1146.SbBS512_E4727	97.9	284	6	0	1	284	1	284	3.35e-205	560
NC_000913.3_4114	iSSON_1240.SSON_4379	97.9	284	6	0	1	284	1	284	4.76e-205	560
NC_000913.3_4114	iSF_1195.SF4352	97.5	284	7	0	1	284	1	284	5.55e-204	557
NC_000913.3_4114	STM_v1_0.STM4387	94.4	284	16	0	1	284	1	284	5.96e-199	544
NC_000913.3_4114	iYL1228.KPN_04590	90.5	284	27	0	1	284	1	284	2.49e-191	525
NC_000913.3_4115	iML1515.b4198	100	228	0	0	1	228	1	228	4.39e-173	474
NC_000913.3_4115	iSF_1195.SF4353	98.2	228	4	0	1	228	1	228	2.44e-170	467
NC_000913.3_4115	iSDY_1059.SDY_4367	98.2	228	4	0	1	228	1	228	3.47e-170	467
NC_000913.3_4115	iSSON_1240.SSON_4380	97.8	228	5	0	1	228	1	228	4.05e-169	464
NC_000913.3_4115	iSbBS512_1146.SbBS512_E4728	97.4	228	6	0	1	228	1	228	1.65e-168	462
NC_000913.3_4115	STM_v1_0.STM4388	92.1	228	18	0	1	228	1	228	6.94e-161	443
NC_000913.3_4124	iAF987.Gmet_2161	37.6	202	114	6	12	205	393	590	1.48e-29	114
NC_000913.3_4125	iML1515.b4208	100	470	0	0	1	470	1	470	0.0	892
NC_000913.3_4125	iSDY_1059.SDY_4378	100	470	0	0	1	470	1	470	0.0	892
NC_000913.3_4125	iSSON_1240.SSON_4393	100	470	0	0	1	470	1	470	0.0	892
NC_000913.3_4125	iSF_1195.SF4278	99.8	470	1	0	1	470	1	470	0.0	891
NC_000913.3_4125	iSbBS512_1146.SbBS512_E4749	99.6	470	2	0	1	470	1	470	0.0	889
NC_000913.3_4125	STM_v1_0.STM4398	95.5	469	21	0	1	469	1	469	8.24e-318	860
NC_000913.3_4125	iYL1228.KPN_04601	92.5	467	35	0	1	467	1	467	3.92e-304	826
NC_000913.3_4126	iML1515.b4209	100	220	0	0	1	220	1	220	8.84e-160	440
NC_000913.3_4126	iSbBS512_1146.SbBS512_E4750	100	220	0	0	1	220	1	220	8.84e-160	440
NC_000913.3_4126	iSDY_1059.SDY_4379	100	220	0	0	1	220	1	220	8.84e-160	440
NC_000913.3_4126	iSF_1195.SF4277	100	220	0	0	1	220	1	220	8.84e-160	440
NC_000913.3_4126	iSSON_1240.SSON_4394	100	220	0	0	1	220	1	220	8.84e-160	440
NC_000913.3_4130	iML1515.b4213	100	647	0	0	1	647	1	647	0.0	1296
NC_000913.3_4130	iSSON_1240.SSON_4398	99.2	647	5	0	1	647	1	647	0.0	1288
NC_000913.3_4130	iSF_1195.SF4273	99.2	647	5	0	1	647	1	647	0.0	1288
NC_000913.3_4130	iSDY_1059.SDY_4383	98.9	644	7	0	4	647	6	649	0.0	1275
NC_000913.3_4130	STM_v1_0.STM4403	90.6	647	61	0	1	647	1	647	0.0	1188
NC_000913.3_4131	iML1515.b4214	100	246	0	0	1	246	1	246	3.34e-186	509
NC_000913.3_4131	iSbBS512_1146.SbBS512_E4758	99.6	246	1	0	1	246	1	246	4.75e-186	508
NC_000913.3_4131	iSDY_1059.SDY_4385	99.6	246	1	0	1	246	1	246	4.75e-186	508
NC_000913.3_4131	iSSON_1240.SSON_4399	99.6	246	1	0	1	246	1	246	4.75e-186	508
NC_000913.3_4131	iSF_1195.SF4272	98.8	246	3	0	1	246	1	246	3.21e-184	504
NC_000913.3_4136	iML1515.b4219	100	212	0	0	1	212	1	212	7.35e-164	449
NC_000913.3_4136	iSF_1195.SF4268	100	212	0	0	1	212	1	212	7.35e-164	449
NC_000913.3_4136	iSSON_1240.SSON_4404	100	212	0	0	1	212	1	212	7.35e-164	449
NC_000913.3_4136	iSbBS512_1146.SbBS512_E4863	99.5	212	1	0	1	212	1	212	6.04e-163	447
NC_000913.3_4136	iSDY_1059.SDY_4456	98.6	212	3	0	1	212	1	212	1.43e-161	444
NC_000913.3_4142	iML1515.b4226	100	176	0	0	1	176	1	176	1.86e-128	357
NC_000913.3_4142	iSbBS512_1146.SbBS512_E4858	100	176	0	0	1	176	1	176	1.86e-128	357
NC_000913.3_4142	iSDY_1059.SDY_4462	100	176	0	0	1	176	1	176	1.86e-128	357
NC_000913.3_4142	iSSON_1240.SSON_4408	100	176	0	0	1	176	1	176	1.86e-128	357
NC_000913.3_4142	iSF_1195.SF4264	99.4	176	1	0	1	176	1	176	1.53e-127	355
NC_000913.3_4142	iYL1228.KPN_04621	94.9	176	9	0	1	176	1	176	4.92e-124	346
NC_000913.3_4142	STM_v1_0.STM4414	94.3	176	10	0	1	176	1	176	5.74e-123	343
NC_000913.3_4142	iPC815.YPO3521	91.4	174	15	0	1	174	1	174	9.90e-117	327
NC_000913.3_4143	iML1515.b4227	100	318	0	0	1	318	1	318	8.32e-223	607
NC_000913.3_4143	iSbBS512_1146.SbBS512_E4856	99.4	318	2	0	1	318	1	318	4.81e-222	605
NC_000913.3_4143	iSSON_1240.SSON_4409	99.4	318	2	0	1	318	1	318	1.38e-221	604
NC_000913.3_4143	iYL1228.KPN_04622	92.4	304	23	0	15	318	1	304	2.94e-199	547
NC_000913.3_4144	iML1515.b4485	100	500	0	0	1	500	1	500	0.0	961
NC_000913.3_4144	iSSON_1240.SSON_4410	98.8	500	6	0	1	500	1	500	0.0	946
NC_000913.3_4144	iSF_1195.SF4262	98.6	500	7	0	1	500	1	500	0.0	944
NC_000913.3_4144	iYL1228.KPN_04623	93.8	500	31	0	1	500	1	500	0.0	900
NC_000913.3_4145	iML1515.b4230	100	340	0	0	1	340	2	341	1.80e-226	619
NC_000913.3_4145	iSSON_1240.SSON_4411	98.5	340	5	0	1	340	2	341	8.19e-223	609
NC_000913.3_4145	iSbBS512_1146.SbBS512_E4854	98.5	340	5	0	1	340	2	341	3.33e-222	608
NC_000913.3_4145	iSF_1195.SF4261	97.9	340	7	0	1	340	2	341	6.72e-222	607
NC_000913.3_4146	iML1515.b4231	100	331	0	0	1	331	1	331	2.13e-227	620
NC_000913.3_4146	iSbBS512_1146.SbBS512_E4853	98.5	331	4	1	1	331	1	330	7.66e-223	608
NC_000913.3_4146	iSSON_1240.SSON_4412	100	323	0	0	9	331	1	323	1.39e-221	605
NC_000913.3_4146	iYL1228.KPN_04625	93.9	329	20	0	1	329	1	329	7.71e-212	581
NC_000913.3_4147	iML1515.b4232	100	332	0	0	1	332	1	332	8.63e-248	672
NC_000913.3_4147	iSbBS512_1146.SbBS512_E4852	100	332	0	0	1	332	1	332	8.63e-248	672
NC_000913.3_4147	iSDY_1059.SDY_4250	100	332	0	0	1	332	1	332	8.63e-248	672
NC_000913.3_4147	iSF_1195.SF4258	100	332	0	0	1	332	1	332	8.63e-248	672
NC_000913.3_4147	iSSON_1240.SSON_4413	99.4	332	2	0	1	332	1	332	2.89e-246	668
NC_000913.3_4147	STM_v1_0.STM4415	97.6	332	8	0	1	332	1	332	2.18e-241	655
NC_000913.3_4147	iYL1228.KPN_04626	96.4	332	12	0	1	332	1	332	1.04e-239	651
NC_000913.3_4148	iML1515.b4233	100	457	0	0	1	457	1	457	0.0	933
NC_000913.3_4148	iSF_1195.SF4257	99.8	457	1	0	1	457	1	457	0.0	930
NC_000913.3_4148	iSbBS512_1146.SbBS512_E4851	99.3	457	3	0	1	457	1	457	0.0	927
NC_000913.3_4148	iSSON_1240.SSON_4414	99.6	457	2	0	1	457	1	457	0.0	927
NC_000913.3_4148	iSDY_1059.SDY_4251	99.3	457	3	0	1	457	1	457	0.0	925
NC_000913.3_4148	STM_v1_0.STM4416	96.3	454	17	0	1	454	1	454	0.0	899
NC_000913.3_4148	iYL1228.KPN_04627	92.8	445	32	0	13	457	1	445	2.10e-313	848
NC_000913.3_4149	iCN718.ABAYE_RS15815	31.6	133	85	2	28	159	21	148	1.07e-08	52.0
NC_000913.3_4152	iML1515.b4237	100	154	0	0	1	154	1	154	7.01e-120	333
NC_000913.3_4152	iSbBS512_1146.SbBS512_E4847	100	154	0	0	1	154	1	154	7.01e-120	333
NC_000913.3_4152	iSDY_1059.SDY_4256	100	154	0	0	1	154	1	154	7.01e-120	333
NC_000913.3_4152	iSF_1195.SF4253	98.1	154	3	0	1	154	1	154	9.58e-118	328
NC_000913.3_4152	iSSON_1240.SSON_4418	98.1	154	3	0	1	154	1	154	9.58e-118	328
NC_000913.3_4152	STM_v1_0.STM4451	94.2	154	9	0	1	154	1	154	7.29e-113	316
NC_000913.3_4152	iYL1228.KPN_04645	90.3	154	15	0	1	154	1	154	4.06e-110	309
NC_000913.3_4153	iML1515.b4238	100	712	0	0	1	712	1	712	0.0	1451
NC_000913.3_4153	iSbBS512_1146.SbBS512_E4846	99.7	712	2	0	1	712	1	712	0.0	1449
NC_000913.3_4153	iSDY_1059.SDY_4257	99.7	712	2	0	1	712	1	712	0.0	1448
NC_000913.3_4153	iSSON_1240.SSON_4419	99.9	712	1	0	1	712	1	712	0.0	1446
NC_000913.3_4153	iSF_1195.SF4252	99.4	712	4	0	1	712	1	712	0.0	1444
NC_000913.3_4153	STM_v1_0.STM4452	96.6	712	24	0	1	712	1	712	0.0	1406
NC_000913.3_4153	iYL1228.KPN_04646	94.1	712	42	0	1	712	1	712	0.0	1372
NC_000913.3_4154	iML1515.b4239	100	551	0	0	1	551	1	551	0.0	1180
NC_000913.3_4154	iSF_1195.SF4251	99.5	551	3	0	1	551	1	551	0.0	1172
NC_000913.3_4154	iSSON_1240.SSON_4420	99.3	551	4	0	1	551	1	551	0.0	1170
NC_000913.3_4154	iSbBS512_1146.SbBS512_E4844	98.9	551	6	0	1	551	1	551	0.0	1166
NC_000913.3_4154	iSDY_1059.SDY_4258	97.5	551	14	0	1	551	1	551	0.0	1152
NC_000913.3_4155	iML1515.b4240	100	473	0	0	1	473	1	473	0.0	924
NC_000913.3_4155	iSSON_1240.SSON_4421	99.6	473	2	0	1	473	1	473	0.0	919
NC_000913.3_4155	iSF_1195.SF4250	99.6	472	2	0	2	473	1	472	0.0	917
NC_000913.3_4155	iSDY_1059.SDY_4259	99.2	473	4	0	1	473	1	473	0.0	914
NC_000913.3_4155	iSbBS512_1146.SbBS512_E4843	98.9	472	5	0	2	473	1	472	0.0	912
NC_000913.3_4155	iYL1228.KPN_04652	90.5	472	45	0	2	473	1	472	1.16e-314	853
NC_000913.3_4157	iML1515.b4242	100	898	0	0	1	898	1	898	0.0	1758
NC_000913.3_4157	iSSON_1240.SSON_4423	99.9	898	1	0	1	898	1	898	0.0	1756
NC_000913.3_4157	iSDY_1059.SDY_4261	99.9	898	1	0	1	898	1	898	0.0	1755
NC_000913.3_4157	iSbBS512_1146.SbBS512_E4841	99.9	898	1	0	1	898	1	898	0.0	1754
NC_000913.3_4157	iSF_1195.SF4248	99.2	898	7	0	1	898	1	898	0.0	1749
NC_000913.3_4157	STM_v1_0.STM4456	90.2	896	88	0	3	898	7	902	0.0	1607
NC_000913.3_4158	iML1515.b1010	27.0	122	85	2	5	125	6	124	3.49e-11	56.2
NC_000913.3_4158	iSDY_1059.SDY_0985	27.0	122	85	2	5	125	6	124	3.49e-11	56.2
NC_000913.3_4158	iSF_1195.SF1013	26.2	122	86	2	5	125	6	124	1.45e-09	52.0
NC_000913.3_4159	iML1515.b4244	100	153	0	0	1	153	1	153	7.59e-110	308
NC_000913.3_4159	iSbBS512_1146.SbBS512_E4839	100	153	0	0	1	153	1	153	7.59e-110	308
NC_000913.3_4159	iSSON_1240.SSON_4425	100	153	0	0	1	153	1	153	7.59e-110	308
NC_000913.3_4159	iSF_1195.SF4246	99.3	153	1	0	1	153	1	153	3.09e-109	306
NC_000913.3_4159	iSDY_1059.SDY_4263	99.3	153	1	0	1	153	1	153	8.87e-109	305
NC_000913.3_4159	STM_v1_0.STM4459	94.1	153	9	0	1	153	1	153	9.57e-104	293
NC_000913.3_4159	iYL1228.KPN_04656	91.5	153	13	0	1	153	1	153	4.55e-102	288
NC_000913.3_4160	iML1515.b4245	100	311	0	0	1	311	1	311	2.05e-224	611
NC_000913.3_4160	iSbBS512_1146.SbBS512_E4838	100	311	0	0	1	311	1	311	2.05e-224	611
NC_000913.3_4160	iSDY_1059.SDY_4264	100	311	0	0	1	311	1	311	2.05e-224	611
NC_000913.3_4160	iSF_1195.SF4245	100	311	0	0	1	311	1	311	2.05e-224	611
NC_000913.3_4160	iSSON_1240.SSON_4426	100	311	0	0	1	311	1	311	2.05e-224	611
NC_000913.3_4160	STM_v1_0.STM4460	95.2	311	15	0	1	311	1	311	1.66e-214	586
NC_000913.3_4160	iYL1228.KPN_04657	93.9	311	19	0	1	311	1	311	9.20e-212	579
NC_000913.3_4162	iEK1008.Rv1483	35.0	240	141	5	4	236	13	244	2.18e-34	123
NC_000913.3_4162	STM_v1_0.STM1195	37.9	240	138	6	3	233	2	239	1.83e-31	115
NC_000913.3_4162	iYL1228.KPN_01091	38.3	240	137	6	3	233	2	239	2.57e-31	115
NC_000913.3_4162	iAF987.Gmet_1694	35.0	243	142	6	4	233	3	242	7.29e-31	114
NC_000913.3_4166	iML1515.b4254	100	334	0	0	1	334	1	334	3.24e-244	663
NC_000913.3_4166	iSF_1195.SF4235	99.4	334	2	0	1	334	1	334	4.23e-243	660
NC_000913.3_4166	iSSON_1240.SSON_4436	99.1	334	3	0	1	334	1	334	1.54e-242	659
NC_000913.3_4166	iSbBS512_1146.SbBS512_E4829	98.8	334	4	0	1	334	1	334	4.41e-242	657
NC_000913.3_4166	iSDY_1059.SDY_4276	98.5	334	5	0	1	334	1	334	5.15e-241	655
NC_000913.3_4166	iYL1228.KPN_04659	89.2	334	36	0	1	334	7	340	4.87e-220	602
NC_000913.3_4166	STM_v1_0.STM4469	89.5	334	35	0	1	334	1	334	1.59e-219	600
NC_000913.3_4170	iSSON_1240.SSON_4443	99.8	951	2	0	1	951	1	951	0.0	1900
NC_000913.3_4170	iSF_1195.SF4231	99.7	951	3	0	1	951	1	951	0.0	1899
NC_000913.3_4170	iSbBS512_1146.SbBS512_E4823	99.7	951	3	0	1	951	1	951	0.0	1898
NC_000913.3_4170	iSDY_1059.SDY_4282	99.3	951	7	0	1	951	1	951	0.0	1889
NC_000913.3_4170	iYL1228.KPN_04663	95.0	951	48	0	1	951	1	951	0.0	1844
NC_000913.3_4170	STM_v1_0.STM4475	96.0	951	38	0	1	951	1	951	0.0	1842
NC_000913.3_4172	iML1515.b4260	100	503	0	0	1	503	1	503	0.0	998
NC_000913.3_4172	iSSON_1240.SSON_4445	100	503	0	0	1	503	1	503	0.0	998
NC_000913.3_4172	iSDY_1059.SDY_4284	99.8	503	1	0	1	503	1	503	0.0	998
NC_000913.3_4172	iSF_1195.SF4229	99.6	503	2	0	1	503	1	503	0.0	994
NC_000913.3_4172	iSbBS512_1146.SbBS512_E4821	99.6	503	2	0	1	503	1	503	0.0	993
NC_000913.3_4172	STM_v1_0.STM4477	98.0	503	10	0	1	503	1	503	0.0	983
NC_000913.3_4172	iYL1228.KPN_04665	96.4	503	18	0	1	503	1	503	0.0	972
NC_000913.3_4172	iPC815.YPO3441	91.5	503	43	0	1	503	1	503	0.0	936
NC_000913.3_4173	iML1515.b4261	100	358	0	0	2	359	9	366	2.75e-248	676
NC_000913.3_4173	iSF_1195.SF4228	100	358	0	0	2	359	9	366	2.75e-248	676
NC_000913.3_4173	iSDY_1059.SDY_4285	99.7	358	1	0	2	359	9	366	1.12e-247	674
NC_000913.3_4173	iSSON_1240.SSON_4446	99.7	358	1	0	2	359	9	366	1.12e-247	674
NC_000913.3_4174	iML1515.b4262	100	360	0	0	1	360	1	360	1.06e-253	689
NC_000913.3_4174	iSDY_1059.SDY_4286	99.7	360	1	0	1	360	2	361	4.47e-253	687
NC_000913.3_4174	iSbBS512_1146.SbBS512_E4818	99.7	360	1	0	1	360	1	360	6.12e-253	687
NC_000913.3_4174	iSSON_1240.SSON_4447	99.7	360	1	0	1	360	2	361	1.82e-252	686
NC_000913.3_4174	iSF_1195.SF4227	99.4	360	2	0	1	360	1	360	7.14e-252	684
NC_000913.3_4176	iPC815.YPO3318	25.5	255	173	6	61	305	35	282	7.48e-11	62.0
NC_000913.3_4176	iYL1228.KPN_04156	23.6	233	159	9	65	287	28	251	2.18e-09	57.4
NC_000913.3_4177	iML1515.b4265	100	439	0	0	1	439	1	439	3.45e-299	811
NC_000913.3_4177	iSSON_1240.SSON_4450	99.8	439	1	0	1	439	1	439	5.72e-298	808
NC_000913.3_4177	STM_v1_0.STM4482	94.5	439	24	0	1	439	1	439	4.38e-286	778
NC_000913.3_4178	iML1515.b4266	100	254	0	0	1	254	1	254	5.10e-185	506
NC_000913.3_4178	iSSON_1240.SSON_4451	99.6	254	1	0	1	254	1	254	1.46e-184	505
NC_000913.3_4178	STM_v1_0.STM4483	92.1	254	20	0	1	254	1	254	1.89e-171	472
NC_000913.3_4179	iML1515.b4267	100	343	0	0	1	343	1	343	2.51e-257	697
NC_000913.3_4179	iSSON_1240.SSON_4452	97.7	343	8	0	1	343	1	343	6.35e-251	681
NC_000913.3_4180	iML1515.b4268	100	187	0	0	1	187	1	187	4.15e-135	375
NC_000913.3_4180	iSSON_1240.SSON_4453	98.9	187	2	0	1	187	1	187	2.81e-133	370
NC_000913.3_4181	iML1515.b4269	100	339	0	0	1	339	1	339	1.69e-253	687
NC_000913.3_4190	iPC815.YPO3016	37.1	455	227	4	5	400	23	477	4.72e-98	301
NC_000913.3_4190	iML1515.b3224	35.0	452	237	5	5	400	10	460	3.05e-92	286
NC_000913.3_4190	iSbBS512_1146.SbBS512_E3552	35.0	452	237	5	5	400	10	460	3.05e-92	286
NC_000913.3_4190	iSF_1195.SF3260	35.0	452	237	5	5	400	20	470	4.02e-92	286
NC_000913.3_4190	iSSON_1240.SSON_3365	35.0	452	237	5	5	400	20	470	4.02e-92	286
NC_000913.3_4190	STM_v1_0.STM3338	35.2	452	236	6	5	400	10	460	4.30e-92	285
NC_000913.3_4190	iSDY_1059.SDY_3399	34.7	452	238	5	5	400	20	470	5.67e-92	285
NC_000913.3_4191	iAF692.Mbar_A1138	29.9	204	132	3	1	202	1	195	1.58e-17	82.0
NC_000913.3_4200	iML1515.b4287	100	255	0	0	1	255	1	255	1.92e-185	508
NC_000913.3_4200	iSSON_1240.SSON_4459	99.6	255	1	0	1	255	1	255	5.51e-185	506
NC_000913.3_4201	iML1515.b4288	100	318	0	0	1	318	1	318	2.39e-222	606
NC_000913.3_4201	iSSON_1240.SSON_4460	99.4	318	2	0	1	318	1	318	3.25e-220	601
NC_000913.3_4202	iML1515.b4289	100	332	0	0	1	332	1	332	5.90e-230	627
NC_000913.3_4202	iSSON_1240.SSON_4461	100	332	0	0	1	332	1	332	5.90e-230	627
NC_000913.3_4203	iML1515.b4290	100	300	0	0	1	300	1	300	2.18e-209	572
NC_000913.3_4203	iSSON_1240.SSON_4462	99.3	300	2	0	1	300	3	302	3.19e-207	566
NC_000913.3_4204	iML1515.b4291	100	774	0	0	1	774	1	774	0.0	1574
NC_000913.3_4204	iSDY_1059.SDY_4297	99.7	774	2	0	1	774	1	774	0.0	1570
NC_000913.3_4204	iSSON_1240.SSON_4463	99.2	774	6	0	1	774	1	774	0.0	1564
NC_000913.3_4208	iHN637.CLJU_RS11915	26.9	312	205	6	22	323	22	320	1.29e-29	115
NC_000913.3_4209	iHN637.CLJU_RS00300	61.9	404	154	0	40	443	40	443	8.56e-171	486
NC_000913.3_4209	iYO844.BSU40070	56.8	449	191	3	1	448	1	447	5.10e-167	477
NC_000913.3_4210	iML1515.b4297	100	655	0	0	1	655	1	655	0.0	1295
NC_000913.3_4211	iML1515.b4298	100	301	0	0	19	319	1	301	1.80e-220	601
NC_000913.3_4214	STM_v1_0.STM1617	65.7	210	72	0	1	210	1	210	1.04e-98	285
NC_000913.3_4215	STM_v1_0.STM4385	40.6	101	60	0	8	108	13	113	4.34e-26	95.9
NC_000913.3_4215	iML1515.b4195	32.8	137	91	1	6	141	11	147	6.14e-26	95.5
NC_000913.3_4215	iML1515.b2934	38.5	130	77	2	14	142	18	145	2.88e-25	93.6
NC_000913.3_4215	iSDY_1059.SDY_4364	32.1	137	92	1	6	141	11	147	4.89e-25	93.2
NC_000913.3_4215	iSF_1195.SF4350	32.1	137	92	1	6	141	11	147	1.38e-24	92.0
NC_000913.3_4215	iSSON_1240.SSON_4377	32.1	137	92	1	6	141	11	147	1.38e-24	92.0
NC_000913.3_4215	iYL1228.KPN_04588	38.6	101	62	0	8	108	13	113	2.00e-24	91.7
NC_000913.3_4215	iSbBS512_1146.SbBS512_E4725	32.1	137	92	1	6	141	11	147	2.75e-24	91.3
NC_000913.3_4216	iSynCJ816.SGL_RS03975	28.4	261	181	5	4	261	3	260	8.80e-27	105
NC_000913.3_4217	iCN900.CD630_00430	40.3	437	259	2	3	437	5	441	2.43e-115	345
NC_000913.3_4217	iSbBS512_1146.SbBS512_E1146	45.3	384	210	0	4	387	8	391	1.93e-106	322
NC_000913.3_4217	iSF_1195.SF2154	45.6	384	209	0	4	387	8	391	1.93e-106	322
NC_000913.3_4217	iCN900.CD630_23250	41.8	409	238	0	3	411	9	417	2.37e-106	321
NC_000913.3_4217	iYL1228.KPN_03550	44.3	384	214	0	4	387	8	391	1.01e-105	320
NC_000913.3_4217	STM_v1_0.STM3260	42.9	434	243	4	4	434	8	439	9.24e-106	320
NC_000913.3_4218	iCN900.CD630_23260	40.7	86	51	0	1	86	1	86	6.41e-18	71.2
NC_000913.3_4218	iCN900.CD630_10830	40.7	86	51	0	1	86	1	86	9.09e-18	70.9
NC_000913.3_4218	iYL1228.KPN_03549	35.9	92	58	1	2	92	3	94	7.96e-17	68.6
NC_000913.3_4218	iYS854.USA300HOU_RS01280	37.2	86	54	0	1	86	1	86	3.49e-15	64.3
NC_000913.3_4220	iIT341.HP0416	37.3	59	37	0	30	88	155	213	2.86e-05	44.3
NC_000913.3_4220	iAF987.Gmet_2187	35.4	65	42	0	22	86	190	254	2.29e-04	41.6
NC_000913.3_4226	iML1515.b4311	100	238	0	0	1	238	1	238	1.48e-185	506
NC_000913.3_4226	iSSON_1240.SSON_4473	100	238	0	0	1	238	4	241	1.65e-185	506
NC_000913.3_4236	iML1515.b4321	100	447	0	0	1	447	1	447	5.77e-302	818
NC_000913.3_4236	iSF_1195.SF4199	99.8	447	1	0	1	447	1	447	8.20e-302	818
NC_000913.3_4237	iML1515.b4322	100	394	0	0	1	394	1	394	7.73e-296	798
NC_000913.3_4237	iSF_1195.SF4198	99.7	394	1	0	1	394	1	394	1.10e-295	798
NC_000913.3_4237	iSSON_1240.SSON_4477	99.5	394	2	0	1	394	1	394	4.47e-295	796
NC_000913.3_4237	iSbBS512_1146.SbBS512_E4792	99.0	394	4	0	1	394	1	394	4.29e-293	791
NC_000913.3_4237	STM_v1_0.STM3135	91.9	394	32	0	1	394	1	394	5.89e-275	746
NC_000913.3_4238	iML1515.b4323	100	486	0	0	1	486	1	486	0.0	984
NC_000913.3_4238	iSSON_1240.SSON_4478	99.6	486	2	0	1	486	1	486	0.0	980
NC_000913.3_4238	iSbBS512_1146.SbBS512_E4791	99.4	486	3	0	1	486	1	486	0.0	978
NC_000913.3_4238	iSF_1195.SF4197	98.8	486	6	0	1	486	1	486	0.0	974
NC_000913.3_4245	iEK1008.Rv1381	30.1	103	65	3	11	113	4	99	1.38e-05	46.6
NC_000913.3_4245	iJN1463.PP_4036	41.3	63	31	2	11	71	4	62	1.46e-05	46.6
NC_000913.3_4245	iNF517.LLMG_RS07600	28.1	121	77	4	11	128	4	117	1.81e-05	46.2
NC_000913.3_4245	iCN900.CD630_10100	36.1	72	42	1	28	99	20	87	5.18e-05	44.7
NC_000913.3_4245	iYL1228.KPN_00792	41.2	51	27	1	28	78	35	82	1.26e-04	43.5
NC_000913.3_4245	iYO844.BSU15500	32.2	90	55	2	27	116	21	104	1.73e-04	43.1
NC_000913.3_4252	iCN900.CD630_03960	39.8	249	145	3	3	246	2	250	8.99e-51	166
NC_000913.3_4253	iCN900.CD630_03980	22.3	386	277	12	7	383	1	372	4.92e-15	75.5
NC_000913.3_4255	iML1515.b4337	100	410	0	0	1	410	1	410	2.28e-287	778
NC_000913.3_4258	iCN900.CD630_36640	26.6	383	277	4	90	469	13	394	5.00e-42	153
NC_000913.3_4269	iML1515.b4352	100	318	0	0	1	318	1	318	1.30e-235	640
NC_000913.3_4273	iML1515.b4356	100	453	0	0	1	453	1	453	0.0	896
NC_000913.3_4273	iSF_1195.SF4387	98.9	453	5	0	1	453	1	453	0.0	888
NC_000913.3_4275	iML1515.b4358	100	340	0	0	1	340	1	340	2.91e-250	679
NC_000913.3_4275	iSSON_1240.SSON_4504	100	340	0	0	1	340	6	345	3.51e-250	679
NC_000913.3_4275	iSbBS512_1146.SbBS512_E4898	99.1	340	3	0	1	340	1	340	1.61e-247	672
NC_000913.3_4284	iML1515.b4367	100	262	0	0	1	262	1	262	5.36e-200	545
NC_000913.3_4284	iSbBS512_1146.SbBS512_E4909	97.3	262	7	0	1	262	1	262	3.34e-194	530
NC_000913.3_4284	iSSON_1240.SSON_4514	97.3	262	7	0	1	262	1	262	7.87e-193	527
NC_000913.3_4284	iSF_1195.SF4400	97.3	262	7	0	1	262	1	262	1.12e-192	526
NC_000913.3_4284	iSDY_1059.SDY_4625	96.2	262	10	0	1	262	1	262	1.85e-191	523
NC_000913.3_4288	iEK1008.Rv0819	34.0	94	49	3	49	129	215	308	7.54e-04	38.1
NC_000913.3_4289	iML1515.b4374	100	225	0	0	1	225	1	225	1.86e-168	462
NC_000913.3_4289	iSDY_1059.SDY_4633	99.1	225	2	0	1	225	1	225	6.23e-167	458
NC_000913.3_4289	iSSON_1240.SSON_4524	97.8	225	5	0	1	225	1	225	9.92e-164	450
NC_000913.3_4289	iSbBS512_1146.SbBS512_E4917	97.3	225	6	0	1	225	1	225	1.41e-163	450
NC_000913.3_4289	iSF_1195.SF4405	97.3	225	6	0	1	225	1	225	8.16e-163	448
NC_000913.3_4290	iSynCJ816.SGL_RS10930	28.3	480	292	14	14	461	11	470	2.13e-43	163
NC_000913.3_4290	iEK1008.Rv0684	26.6	485	325	8	1	461	1	478	1.26e-41	158
NC_000913.3_4295	iNF517.LLMG_RS10005	29.3	239	117	5	7	238	15	208	2.17e-19	85.1
NC_000913.3_4295	iYS854.USA300HOU_RS01155	28.0	268	135	8	17	273	15	235	4.15e-17	78.6
NC_000913.3_4295	iHN637.CLJU_RS05810	32.2	258	156	5	7	249	13	266	1.20e-16	78.2
NC_000913.3_4295	iHN637.CLJU_RS12795	25.6	238	157	5	14	235	11	244	1.11e-16	78.2
NC_000913.3_4297	iML1515.b4381	100	259	0	0	1	259	1	259	1.24e-183	503
NC_000913.3_4297	iSDY_1059.SDY_4641	99.6	259	1	0	1	259	1	259	5.07e-183	502
NC_000913.3_4297	iSSON_1240.SSON_4532	99.6	259	1	0	1	259	1	259	5.07e-183	502
NC_000913.3_4297	iSbBS512_1146.SbBS512_E4928	99.2	259	2	0	1	259	1	259	2.06e-182	500
NC_000913.3_4297	iSF_1195.SF4413	99.2	259	2	0	1	259	1	259	2.93e-182	500
NC_000913.3_4297	STM_v1_0.STM4567	96.5	259	9	0	1	259	7	265	4.77e-178	489
NC_000913.3_4297	iYL1228.KPN_04837	95.4	259	12	0	1	259	1	259	1.28e-176	486
NC_000913.3_4298	iML1515.b4382	100	440	0	0	1	440	1	440	2.06e-312	844
NC_000913.3_4298	iSbBS512_1146.SbBS512_E4929	99.8	440	1	0	1	440	1	440	1.19e-311	842
NC_000913.3_4298	iSSON_1240.SSON_4533	99.8	440	1	0	1	440	1	440	1.19e-311	842
NC_000913.3_4298	iSDY_1059.SDY_4642	99.5	440	2	0	1	440	1	440	3.42e-311	841
NC_000913.3_4298	iSF_1195.SF4414	99.3	440	3	0	1	440	1	440	3.27e-309	836
NC_000913.3_4298	iYL1228.KPN_04838	95.7	440	19	0	1	440	1	440	2.63e-299	811
NC_000913.3_4298	STM_v1_0.STM4568	95.2	440	21	0	1	440	1	440	3.06e-298	808
NC_000913.3_4299	iML1515.b4383	100	407	0	0	1	407	1	407	1.09e-313	845
NC_000913.3_4299	iSbBS512_1146.SbBS512_E4930	100	407	0	0	1	407	1	407	1.09e-313	845
NC_000913.3_4299	iSF_1195.SF4415	100	407	0	0	1	407	1	407	1.09e-313	845
NC_000913.3_4299	iSSON_1240.SSON_4534	99.8	407	1	0	1	407	1	407	4.44e-313	843
NC_000913.3_4299	iSDY_1059.SDY_4643	99.5	407	2	0	1	407	1	407	3.65e-312	841
NC_000913.3_4299	iYL1228.KPN_04839	95.3	407	19	0	1	407	5	411	1.34e-299	809
NC_000913.3_4299	STM_v1_0.STM4569	93.8	406	25	0	1	406	1	406	1.51e-295	799
NC_000913.3_4300	iML1515.b4384	100	239	0	0	1	239	1	239	2.95e-172	473
NC_000913.3_4300	iSbBS512_1146.SbBS512_E4931	100	239	0	0	1	239	1	239	2.95e-172	473
NC_000913.3_4300	iSSON_1240.SSON_4535	100	239	0	0	1	239	1	239	2.95e-172	473
NC_000913.3_4300	iSF_1195.SF4416	99.6	239	1	0	1	239	1	239	4.19e-172	473
NC_000913.3_4300	iSDY_1059.SDY_4644	99.2	239	2	0	1	239	1	239	2.42e-171	471
NC_000913.3_4300	STM_v1_0.STM4570	96.7	239	8	0	1	239	1	239	3.69e-166	457
NC_000913.3_4300	iYL1228.KPN_04840	94.8	230	12	0	10	239	1	230	6.19e-156	431
NC_000913.3_4300	iPC815.YPO0440	91.1	237	21	0	1	237	1	237	1.42e-154	428
NC_000913.3_4302	iML1515.b4386	100	338	0	0	1	338	1	338	1.10e-253	687
NC_000913.3_4302	iSSON_1240.SSON_4536	98.2	338	6	0	1	338	1	338	5.02e-250	678
NC_000913.3_4302	iSbBS512_1146.SbBS512_E4933	97.6	338	8	0	1	338	1	338	1.68e-248	674
NC_000913.3_4302	iSDY_1059.SDY_4647	97.6	338	8	0	1	338	1	338	2.38e-248	674
NC_000913.3_4304	iML1515.b4388	100	322	0	0	1	322	1	322	1.46e-234	637
NC_000913.3_4304	iSbBS512_1146.SbBS512_E4935	100	322	0	0	1	322	1	322	1.46e-234	637
NC_000913.3_4304	iSF_1195.SF4420	100	322	0	0	1	322	1	322	1.46e-234	637
NC_000913.3_4304	iSSON_1240.SSON_4538	100	322	0	0	1	322	1	322	1.46e-234	637
NC_000913.3_4304	iSDY_1059.SDY_4649	99.7	322	1	0	1	322	1	322	8.47e-234	635
NC_000913.3_4304	STM_v1_0.STM4578	93.5	322	21	0	1	322	1	322	1.32e-221	605
NC_000913.3_4306	iML1515.b4390	100	410	0	0	1	410	1	410	2.11e-308	832
NC_000913.3_4306	iSbBS512_1146.SbBS512_E4937	99.5	410	2	0	1	410	1	410	1.73e-307	829
NC_000913.3_4306	iSSON_1240.SSON_4540	99.5	410	2	0	1	410	8	417	2.26e-307	829
NC_000913.3_4306	iSF_1195.SF4422	99.8	409	1	0	1	409	8	416	4.55e-307	828
NC_000913.3_4306	iSDY_1059.SDY_4651	99.5	409	2	0	1	409	8	416	2.63e-306	827
NC_000913.3_4306	iYL1228.KPN_04845	91.0	409	37	0	1	409	1	409	5.36e-286	775
NC_000913.3_4308	iCN900.CD630_04310	24.7	514	301	18	22	516	21	467	5.20e-23	102
NC_000913.3_4308	iAF987.Gmet_0492	34.9	232	119	9	323	530	5	228	1.12e-21	94.4
NC_000913.3_4309	iML1515.b4392	100	645	0	0	1	645	1	645	0.0	1283
NC_000913.3_4309	iSbBS512_1146.SbBS512_E4940	99.8	645	1	0	1	645	1	645	0.0	1281
NC_000913.3_4309	iSF_1195.SF4424	99.5	645	3	0	1	645	10	654	0.0	1278
NC_000913.3_4309	iSSON_1240.SSON_4542	99.4	645	4	0	1	645	10	654	0.0	1277
NC_000913.3_4309	iSDY_1059.SDY_4653	99.4	645	4	0	1	645	10	654	0.0	1276
NC_000913.3_4309	STM_v1_0.STM4582	90.4	645	62	0	1	645	13	657	0.0	1170
NC_000913.3_4311	iML1515.b4394	100	170	0	0	1	170	1	170	2.46e-121	338
NC_000913.3_4311	iSSON_1240.SSON_4544	98.2	170	3	0	1	170	4	173	5.04e-120	335
NC_000913.3_4311	iSDY_1059.SDY_4655	98.2	170	3	0	1	170	4	173	3.73e-119	333
NC_000913.3_4311	iSbBS512_1146.SbBS512_E4942	98.2	170	3	0	1	170	4	173	5.89e-119	333
NC_000913.3_4312	iSF_1195.SF4427	100	215	0	0	1	215	1	215	2.26e-155	428
NC_000913.3_4312	iSSON_1240.SSON_4545	100	215	0	0	1	215	1	215	2.26e-155	428
NC_000913.3_4312	iSbBS512_1146.SbBS512_E4944	99.5	215	1	0	1	215	1	215	1.86e-154	426
NC_000913.3_4312	iSDY_1059.SDY_4656	98.6	215	3	0	1	215	1	215	2.17e-153	423
NC_000913.3_4312	STM_v1_0.STM4585	91.6	215	18	0	1	215	1	215	5.89e-142	394
NC_000913.3_4315	iAF987.Gmet_2999	35.0	120	76	1	2	119	6	125	5.51e-16	75.5
NC_000913.3_4318	iAF987.Gmet_1914	37.1	105	65	1	6	109	4	108	1.04e-14	72.4
NC_000913.3_4318	iAF987.Gmet_0069	33.0	115	72	3	6	115	5	119	1.57e-12	65.5
